time,title,url,scenario,Filter Result,subreddit,category
2023-09-05,"[NY] When HR ask what is your hobbies, can you say video gaming?",https://www.reddit.com/r/AskHR/comments/169y2yb/ny_when_hr_ask_what_is_your_hobbies_can_you_say/,[masked],yes,r/AskHR,Career & work
2021-11-30,Would it be bad to quit entry level job after only 3 months?,https://www.reddit.com/r/careerguidance/comments/r50o8q/would_it_be_bad_to_quit_entry_level_job_after/,[masked],yes,r/careerguidance,Career & work
2022-10-10,How to help sibling (who is 21 yo) who now has a criminal record?,https://www.reddit.com/r/careerguidance/comments/y0gydg/how_to_help_sibling_who_is_21_yo_who_now_has_a/,[masked],yes,r/careerguidance,Career & work
2020-01-03,Consultants- do you hire a cleaning service for your home or do you do it yourself?,https://www.reddit.com/r/consulting/comments/ejappv/consultants_do_you_hire_a_cleaning_service_for/,[masked],yes,r/consulting,Career & work
2023-01-28,[CA] HR has a policy where any time you are absent they interrogate you on your medical reason.,https://www.reddit.com/r/AskHR/comments/10mstyu/ca_hr_has_a_policy_where_any_time_you_are_absent/,[masked],yes,r/AskHR,Career & work
2023-10-25,What jobs are best for generalists?,https://www.reddit.com/r/careerguidance/comments/17fyja9/what_jobs_are_best_for_generalists/,[masked],yes,r/careerguidance,Career & work
2020-07-26,Value of Networking Before Joining MBB,https://www.reddit.com/r/consulting/comments/hy8exr/value_of_networking_before_joining_mbb/,[masked],yes,r/consulting,Career & work
2021-05-01,From education to commercial?,https://www.reddit.com/r/careerguidance/comments/n23b79/from_education_to_commercial/,[masked],yes,r/careerguidance,Career & work
2020-03-24,Feel like I'm being taken advantage of at work,https://www.reddit.com/r/consulting/comments/fnubra/feel_like_im_being_taken_advantage_of_at_work/,[masked],yes,r/consulting,Career & work
2024-06-19,[CA] job trying to get me to do all of coworker’s assignments ,https://www.reddit.com/r/AskHR/comments/1djlhkv/ca_job_trying_to_get_me_to_do_all_of_coworkers/,[masked],yes,r/AskHR,Career & work
2022-09-07,Best thing to do when an interviewer will not disclose the potential salary during the 2nd or 3rd interview?,https://www.reddit.com/r/careerguidance/comments/x7fvoo/best_thing_to_do_when_an_interviewer_will_not/,[masked],yes,r/careerguidance,Career & work
2021-03-31,What are my options when I'm trying to move up at an insurance company?,https://www.reddit.com/r/careerguidance/comments/mgv51g/what_are_my_options_when_im_trying_to_move_up_at/,[masked],yes,r/careerguidance,Career & work
2022-03-14,[MN] What should I do about a coworker following me around.,https://www.reddit.com/r/AskHR/comments/tdgte4/mn_what_should_i_do_about_a_coworker_following_me/,[masked],yes,r/AskHR,Career & work
2024-03-07,[WI] Fellow employee is being differently for deeply held religious beliefs … What can we do?,https://www.reddit.com/r/AskHR/comments/1b842i7/wi_fellow_employee_is_being_differently_for/,[masked],yes,r/AskHR,Career & work
2023-02-26,Should I stay or should I go?,https://www.reddit.com/r/careerguidance/comments/11c6rso/should_i_stay_or_should_i_go/,[masked],yes,r/careerguidance,Career & work
2023-11-28,Should I Accept a Job Offer with Higher Salary But Below My Requested Range in a Different State?,https://www.reddit.com/r/careerguidance/comments/185ycgn/should_i_accept_a_job_offer_with_higher_salary/,[masked],yes,r/careerguidance,Career & work
2022-10-30,[SC] [TN] [WY] ADHD Disclosure Advice,https://www.reddit.com/r/AskHR/comments/yhf0ap/sc_tn_wy_adhd_disclosure_advice/,[masked],yes,r/AskHR,Career & work
2023-08-14,What should I do!? Should I quit my 2nd job that gives me benefits and w2 and just keep ind. contractor one.,https://www.reddit.com/r/careerguidance/comments/15q9k2u/what_should_i_do_should_i_quit_my_2nd_job_that/,[masked],yes,r/careerguidance,Career & work
2020-04-06,Am I going down the right path?,https://www.reddit.com/r/careerguidance/comments/fvxk5u/am_i_going_down_the_right_path/,[masked],yes,r/careerguidance,Career & work
2020-11-30,"Economics major, math minor, and many finance courses. What kind of business roles can a system's thinker fit in?",https://www.reddit.com/r/careerguidance/comments/k3p29f/economics_major_math_minor_and_many_finance/,[masked],yes,r/careerguidance,Career & work
2020-04-10,How do I switch from Mechanical Engineering to Financial Economics?,https://www.reddit.com/r/careerguidance/comments/fxzpap/how_do_i_switch_from_mechanical_engineering_to/,[masked],yes,r/careerguidance,Career & work
2024-04-17,How can I get an office job?,https://www.reddit.com/r/careerguidance/comments/1c5kd7b/how_can_i_get_an_office_job/,[masked],yes,r/careerguidance,Career & work
2023-08-28,I am willing to take a significant pay cut for a 100% remote work that doesn’t require me to be in meetings. What is the best way to go about it?,https://www.reddit.com/r/careerguidance/comments/1636q43/i_am_willing_to_take_a_significant_pay_cut_for_a/,[masked],yes,r/careerguidance,Career & work
2024-02-02,"[MI] manager sexual harassment, supervisor is a bully, help with reporting",https://www.reddit.com/r/AskHR/comments/1agig5e/mi_manager_sexual_harassment_supervisor_is_a/,[masked],yes,r/AskHR,Career & work
2024-04-11,"I took a new job 2,5 months ago and i quit soon cause i hate it. should i include it in my CV? ",https://www.reddit.com/r/careerguidance/comments/1c1bpep/i_took_a_new_job_25_months_ago_and_i_quit_soon/,[masked],yes,r/careerguidance,Career & work
2020-02-03,"Accepted offer but saw a better suitable vacancy at same company but different department, what should I do?",https://www.reddit.com/r/careerguidance/comments/exv14v/accepted_offer_but_saw_a_better_suitable_vacancy/,[masked],yes,r/careerguidance,Career & work
2021-05-03,Any tips on Moving from mortgage admin work to tech / PM/ corporate type roles?,https://www.reddit.com/r/careerguidance/comments/n3ykmo/any_tips_on_moving_from_mortgage_admin_work_to/,[masked],yes,r/careerguidance,Career & work
2021-07-29,[CA] What’s going on behind the scenes with my review?,https://www.reddit.com/r/AskHR/comments/otgyip/ca_whats_going_on_behind_the_scenes_with_my_review/,[masked],yes,r/AskHR,Career & work
2022-04-29,[TX] Fired for being pregnant?,https://www.reddit.com/r/AskHR/comments/ue3ah9/tx_fired_for_being_pregnant/,[masked],yes,r/AskHR,Career & work
2020-05-08,How do I weigh a stagnant career against the possibility of owning/running a small business?,https://www.reddit.com/r/careerguidance/comments/gfdjt3/how_do_i_weigh_a_stagnant_career_against_the/,[masked],yes,r/careerguidance,Career & work
2021-09-24,How do I negotiate a promotion salary?,https://www.reddit.com/r/careerguidance/comments/pu4myn/how_do_i_negotiate_a_promotion_salary/,[masked],yes,r/careerguidance,Career & work
2020-09-04,Accepted new position but am not getting paid for it.,https://www.reddit.com/r/AskHR/comments/ilx8c6/accepted_new_position_but_am_not_getting_paid_for/,[masked],yes,r/AskHR,Career & work
2021-06-02,What degree? Wildlife conservation.,https://www.reddit.com/r/careerguidance/comments/nqkorz/what_degree_wildlife_conservation/,[masked],yes,r/careerguidance,Career & work
2021-05-26,Getting an MBA as a software/tech consultant,https://www.reddit.com/r/consulting/comments/nl5zay/getting_an_mba_as_a_softwaretech_consultant/,[masked],yes,r/consulting,Career & work
2020-04-16,How do i transition from/leave family business?,https://www.reddit.com/r/careerguidance/comments/g1xndp/how_do_i_transition_fromleave_family_business/,[masked],yes,r/careerguidance,Career & work
2021-02-22,DUI Misdemeanor - Any consultants have one?,https://www.reddit.com/r/consulting/comments/lpbo5o/dui_misdemeanor_any_consultants_have_one/,[masked],yes,r/consulting,Career & work
2021-08-28,Advice dealing with inexperienced seniors?,https://www.reddit.com/r/consulting/comments/pdbeef/advice_dealing_with_inexperienced_seniors/,[masked],yes,r/consulting,Career & work
2020-04-14,USA Hows to respond to unfavorable performance review?,https://www.reddit.com/r/AskHR/comments/g15rdd/usa_hows_to_respond_to_unfavorable_performance/,[masked],yes,r/AskHR,Career & work
2024-10-17,[TX] cost to build considerations,https://www.reddit.com/r/AskHR/comments/1g5mrgm/tx_cost_to_build_considerations/,[masked],yes,r/AskHR,Career & work
2021-11-17,What’s a good way to pivot my career away from retail?,https://www.reddit.com/r/careerguidance/comments/qvbnke/whats_a_good_way_to_pivot_my_career_away_from/,[masked],yes,r/careerguidance,Career & work
2021-05-15,How do I choose between these summer jobs while completing prereqs for a career change?,https://www.reddit.com/r/careerguidance/comments/ncuizo/how_do_i_choose_between_these_summer_jobs_while/,[masked],yes,r/careerguidance,Career & work
2022-05-17,"Do you only bill what you actually work, or do you add more time?",https://www.reddit.com/r/consulting/comments/urk8u0/do_you_only_bill_what_you_actually_work_or_do_you/,[masked],yes,r/consulting,Career & work
2024-05-15,[MD] Pushing back on my coordinator level direct report receiving manager responsibilities,https://www.reddit.com/r/AskHR/comments/1crvzd1/md_pushing_back_on_my_coordinator_level_direct/,[masked],yes,r/AskHR,Career & work
2020-01-27,How do you move countries within a company?,https://www.reddit.com/r/careerguidance/comments/eub6wj/how_do_you_move_countries_within_a_company/,[masked],yes,r/careerguidance,Career & work
2021-05-14,I can get an Associates of Science final year of high school; what career options open up?,https://www.reddit.com/r/careerguidance/comments/nc6s21/i_can_get_an_associates_of_science_final_year_of/,[masked],yes,r/careerguidance,Career & work
2021-11-18,I think I’ve been ghosted by my “new employer” I don’t know how to approach them and ask. Could I please have your help in writing an email?,https://www.reddit.com/r/careerguidance/comments/qwlq5d/i_think_ive_been_ghosted_by_my_new_employer_i/,[masked],yes,r/careerguidance,Career & work
2023-01-26,How can I achieve my dream career?,https://www.reddit.com/r/careerguidance/comments/10l7icz/how_can_i_achieve_my_dream_career/,[masked],yes,r/careerguidance,Career & work
2024-03-26,In which careers do you think the “money” will be in for a nearby future? ,https://www.reddit.com/r/careerguidance/comments/1bnog5x/in_which_careers_do_you_think_the_money_will_be/,[masked],yes,r/careerguidance,Career & work
2024-05-01,What job exists where I can just solve problems? ,https://www.reddit.com/r/careerguidance/comments/1ch6dps/what_job_exists_where_i_can_just_solve_problems/,[masked],yes,r/careerguidance,Career & work
2020-11-23,Should I switch jobs?,https://www.reddit.com/r/careerguidance/comments/jz3d5a/should_i_switch_jobs/,[masked],yes,r/careerguidance,Career & work
2020-03-31,Which of these three paths is advisable and why?,https://www.reddit.com/r/careerguidance/comments/frw9vc/which_of_these_three_paths_is_advisable_and_why/,[masked],yes,r/careerguidance,Career & work
2024-09-20,Should I ask for flexible working arrangements at interview or after? [UK] ,https://www.reddit.com/r/AskHR/comments/1fkxekp/should_i_ask_for_flexible_working_arrangements_at/,[masked],yes,r/AskHR,Career & work
2024-10-30,[PA] Supervisor won’t stop making up rumors about associates,https://www.reddit.com/r/AskHR/comments/1gfnzxk/pa_supervisor_wont_stop_making_up_rumors_about/,[masked],yes,r/AskHR,Career & work
2023-02-09,Was given a promotion but no increase in salary. Should I stay or move on?,https://www.reddit.com/r/careerguidance/comments/10xchzi/was_given_a_promotion_but_no_increase_in_salary/,[masked],yes,r/careerguidance,Career & work
2021-06-16,[FL] Will legally changing my name allow me to not have a ruined career?,https://www.reddit.com/r/AskHR/comments/o0pvec/fl_will_legally_changing_my_name_allow_me_to_not/,[masked],yes,r/AskHR,Career & work
2023-02-19,[TX] Boss suggested I resign after illness and bereavement,https://www.reddit.com/r/AskHR/comments/115imt1/tx_boss_suggested_i_resign_after_illness_and/,[masked],yes,r/AskHR,Career & work
2021-01-31,"Helping vulnerable communities, travel the world, and good pay: Any career options?",https://www.reddit.com/r/careerguidance/comments/l9019r/helping_vulnerable_communities_travel_the_world/,[masked],yes,r/careerguidance,Career & work
2021-07-07,[CA] Employee stuck in limbo as company won't schedule them after stress leave,https://www.reddit.com/r/AskHR/comments/of7in4/ca_employee_stuck_in_limbo_as_company_wont/,[masked],yes,r/AskHR,Career & work
2021-11-04,Jobs for people who are not into technology??,https://www.reddit.com/r/careerguidance/comments/qmkamh/jobs_for_people_who_are_not_into_technology/,[masked],yes,r/careerguidance,Career & work
2023-04-07,[VA] Why am I being asked for DL and visa copy ?,https://www.reddit.com/r/AskHR/comments/12droim/va_why_am_i_being_asked_for_dl_and_visa_copy/,[masked],yes,r/AskHR,Career & work
2024-11-19,[MN] When There's No HR,https://www.reddit.com/r/AskHR/comments/1guc2fr/mn_when_theres_no_hr/,[masked],yes,r/AskHR,Career & work
2022-09-06,Should I continue teaching or become a stay at home mom?,https://www.reddit.com/r/careerguidance/comments/x6v9dh/should_i_continue_teaching_or_become_a_stay_at/,[masked],yes,r/careerguidance,Career & work
2023-09-16,"Fired soon after starting grad school, should I lie to cover up?",https://www.reddit.com/r/careerguidance/comments/16jykki/fired_soon_after_starting_grad_school_should_i/,[masked],yes,r/careerguidance,Career & work
2021-05-14,"HR for my dream job asked what comp I need to make the transition, but without making a formal offer. I gave a number and he reacted that the number was high. He was supposed to call me this afternoon after talking with the hiring manager, but I hasn’t called yet. What should I do?",https://www.reddit.com/r/careerguidance/comments/nbs7r4/hr_for_my_dream_job_asked_what_comp_i_need_to/,[masked],yes,r/careerguidance,Career & work
2024-05-24,Is it too much?,https://www.reddit.com/r/careerguidance/comments/1cza6cr/is_it_too_much/,[masked],yes,r/careerguidance,Career & work
2022-08-01,Am i confused or is this normal?,https://www.reddit.com/r/careerguidance/comments/wdddmt/am_i_confused_or_is_this_normal/,[masked],yes,r/careerguidance,Career & work
2021-10-13,Psychologist or Funeral Director?,https://www.reddit.com/r/careerguidance/comments/q79h5a/psychologist_or_funeral_director/,[masked],yes,r/careerguidance,Career & work
2020-09-19,First project at B4 management consulting,https://www.reddit.com/r/consulting/comments/ivjhu2/first_project_at_b4_management_consulting/,[masked],yes,r/consulting,Career & work
2023-05-05,[CA] Counseling Memo,https://www.reddit.com/r/AskHR/comments/138idkl/ca_counseling_memo/,[masked],yes,r/AskHR,Career & work
2022-01-19,Realized Consulting is not for me. Want to find a more appropriate job. How do I go about it?,https://www.reddit.com/r/consulting/comments/s7t2kt/realized_consulting_is_not_for_me_want_to_find_a/,[masked],yes,r/consulting,Career & work
2020-10-30,how did you know what you wanted to be?,https://www.reddit.com/r/careerguidance/comments/jkmocm/how_did_you_know_what_you_wanted_to_be/,[masked],yes,r/careerguidance,Career & work
2022-06-12,Stuck in a role with no idea what to do,https://www.reddit.com/r/consulting/comments/va4tcs/stuck_in_a_role_with_no_idea_what_to_do/,[masked],yes,r/consulting,Career & work
2021-07-15,Rejection is better than silence. Why can't some employers understand this?,https://www.reddit.com/r/careerguidance/comments/oko69f/rejection_is_better_than_silence_why_cant_some/,[masked],yes,r/careerguidance,Career & work
2021-10-05,[NC] workplace bullying/ abuse? What avenues should I take?,https://www.reddit.com/r/AskHR/comments/q1cy0v/nc_workplace_bullying_abuse_what_avenues_should_i/,[masked],yes,r/AskHR,Career & work
2021-08-19,"My boss ""hates negetivity"", and cannot seem to grasp that one of her managers is really struggling and needs help, refuses to answer her questions or fix a problem. How can I communicate to my boss that what she's doing is toxic? Has anyone else had success in this area?",https://www.reddit.com/r/careerguidance/comments/p73fw7/my_boss_hates_negetivity_and_cannot_seem_to_grasp/,[masked],yes,r/careerguidance,Career & work
2021-12-02,"Expecting a Job Offer with Another company Soon, how can I askfor a higher position than the position I interviewed for?",https://www.reddit.com/r/careerguidance/comments/r6ssq9/expecting_a_job_offer_with_another_company_soon/,[masked],yes,r/careerguidance,Career & work
2024-04-23,Breaking into Consulting ,https://www.reddit.com/r/consulting/comments/1catsz9/breaking_into_consulting/,[masked],yes,r/consulting,Career & work
2022-05-21,Felon offered a senior position in [CA],https://www.reddit.com/r/AskHR/comments/uubhp2/felon_offered_a_senior_position_in_ca/,[masked],yes,r/AskHR,Career & work
2024-02-23,UK Consulting - Bench redundancy.,https://www.reddit.com/r/consulting/comments/1axtzhi/uk_consulting_bench_redundancy/,[masked],yes,r/consulting,Career & work
2023-08-27,[NY] Screwed over by my recruiter,https://www.reddit.com/r/AskHR/comments/162436t/ny_screwed_over_by_my_recruiter/,[masked],yes,r/AskHR,Career & work
2020-04-16,Can you ask to be moved from non-exempt to exempt? What about under ADA?,https://www.reddit.com/r/AskHR/comments/g2fxli/can_you_ask_to_be_moved_from_nonexempt_to_exempt/,[masked],yes,r/AskHR,Career & work
2022-03-15,Have you ever missed an opportunity or promotion because of speaking or communication skills? What have you done about it?,https://www.reddit.com/r/consulting/comments/teovzs/have_you_ever_missed_an_opportunity_or_promotion/,[masked],yes,r/consulting,Career & work
2024-09-12,Need an opinion whether to join IT or not?,https://www.reddit.com/r/careerguidance/comments/1fewrk2/need_an_opinion_whether_to_join_it_or_not/,[masked],yes,r/careerguidance,Career & work
2024-02-14,"[CA] Should I (or how should I) report a potential hiree to my company that has harassed me in the past, and who, when reported, retaliated against me?",https://www.reddit.com/r/AskHR/comments/1aq6xcm/ca_should_i_or_how_should_i_report_a_potential/,[masked],yes,r/AskHR,Career & work
2022-06-30,Advice on being an engagement manager (US) with an entire off shore team,https://www.reddit.com/r/consulting/comments/vobcrn/advice_on_being_an_engagement_manager_us_with_an/,[masked],yes,r/consulting,Career & work
2024-09-20,Salary negotiation[CT] ,https://www.reddit.com/r/AskHR/comments/1fkw08o/salary_negotiationct/,[masked],yes,r/AskHR,Career & work
2024-04-06,Should I give up?,https://www.reddit.com/r/consulting/comments/1bx8xcd/should_i_give_up/,[masked],yes,r/consulting,Career & work
2023-01-31,How do Companies Promote Gender &amp; Race Diversity in Hiring Practices W/O Being Discriminatory?,https://www.reddit.com/r/careerguidance/comments/10pgm77/how_do_companies_promote_gender_race_diversity_in/,[masked],yes,r/careerguidance,Career & work
2024-07-26,I'm I misreading this??,https://www.reddit.com/r/careerguidance/comments/1ec41dx/im_i_misreading_this/,[masked],yes,r/careerguidance,Career & work
2023-09-26,Should I go for an expensive but highly reputable Master's Program?,https://www.reddit.com/r/careerguidance/comments/16sa406/should_i_go_for_an_expensive_but_highly_reputable/,[masked],yes,r/careerguidance,Career & work
2024-09-30,Can you please give me advice? ,https://www.reddit.com/r/careerguidance/comments/1fsb7j4/can_you_please_give_me_advice/,[masked],yes,r/careerguidance,Career & work
2024-11-07,How can I change from white to blue collar?,https://www.reddit.com/r/careerguidance/comments/1gl6row/how_can_i_change_from_white_to_blue_collar/,[masked],yes,r/careerguidance,Career & work
2024-10-10,How do I explain a very long gap on resume?,https://www.reddit.com/r/careerguidance/comments/1g07oz5/how_do_i_explain_a_very_long_gap_on_resume/,[masked],yes,r/careerguidance,Career & work
2023-08-10,Is it possible to get into post grad programmes while having a poor GPA in undergrad?,https://www.reddit.com/r/careerguidance/comments/15moeqa/is_it_possible_to_get_into_post_grad_programmes/,[masked],yes,r/careerguidance,Career & work
2020-02-18,My job is posted inconspicuously,https://www.reddit.com/r/AskHR/comments/f5kzgq/my_job_is_posted_inconspicuously/,[masked],yes,r/AskHR,Career & work
2023-01-07,Next step for a counsellor?,https://www.reddit.com/r/careerguidance/comments/105m0eg/next_step_for_a_counsellor/,[masked],yes,r/careerguidance,Career & work
2024-08-29,Life of an expat in Riyadh,https://www.reddit.com/r/consulting/comments/1f45i91/life_of_an_expat_in_riyadh/,[masked],yes,r/consulting,Career & work
2022-05-03,I get paid to do NOTHING... should I start looking elsewhere?,https://www.reddit.com/r/careerguidance/comments/uhdvpm/i_get_paid_to_do_nothing_should_i_start_looking/,[masked],yes,r/careerguidance,Career & work
2020-03-23,Feeling cheated out of salary.,https://www.reddit.com/r/AskHR/comments/fnciko/feeling_cheated_out_of_salary/,[masked],yes,r/AskHR,Career & work
2024-10-24,Moved from industry to consulting at 36,https://www.reddit.com/r/consulting/comments/1gaz0op/moved_from_industry_to_consulting_at_36/,[masked],yes,r/consulting,Career & work
2023-08-24,Is leaving my internship early a bad decision?,https://www.reddit.com/r/consulting/comments/15zlatk/is_leaving_my_internship_early_a_bad_decision/,[masked],yes,r/consulting,Career & work
2022-06-23,Hostile Work Environment [WI],https://www.reddit.com/r/AskHR/comments/vic3no/hostile_work_environment_wi/,[masked],yes,r/AskHR,Career & work
2021-09-09,"If you never had a salaried professional job a decade out of college, and instead are languishing in low skill hourly jobs, are you guaranteed to be an hourly worker for the rest of your career?",https://www.reddit.com/r/careerguidance/comments/pks2fe/if_you_never_had_a_salaried_professional_job_a/,[masked],yes,r/careerguidance,Career & work
2023-09-26,Am I justified in asking for a 15% raise?,https://www.reddit.com/r/careerguidance/comments/16rzon4/am_i_justified_in_asking_for_a_15_raise/,[masked],yes,r/careerguidance,Career & work
2021-10-29,Starting Out in a Career in Genomics - Advice on Jobs?,https://www.reddit.com/r/careerguidance/comments/qie838/starting_out_in_a_career_in_genomics_advice_on/,[masked],yes,r/careerguidance,Career & work
2024-04-16,"Careers, WFH, Work For Self?",https://www.reddit.com/r/careerguidance/comments/1c4z6fs/careers_wfh_work_for_self/,[masked],yes,r/careerguidance,Career & work
2021-07-06,What keeps you in the field?,https://www.reddit.com/r/consulting/comments/oear08/what_keeps_you_in_the_field/,[masked],yes,r/consulting,Career & work
2020-03-06,What Career Field Should I Get Into?,https://www.reddit.com/r/careerguidance/comments/fe9npt/what_career_field_should_i_get_into/,[masked],yes,r/careerguidance,Career & work
2021-05-07,[UK] background check fail? The company reposted the job after completing it,https://www.reddit.com/r/AskHR/comments/n6tk9t/uk_background_check_fail_the_company_reposted_the/,[masked],yes,r/AskHR,Career & work
2024-09-03,How do I get back on track?,https://www.reddit.com/r/careerguidance/comments/1f7m09y/how_do_i_get_back_on_track/,[masked],yes,r/careerguidance,Career & work
2022-05-28,"Boutique &gt; Big4, MBB, etc.?",https://www.reddit.com/r/consulting/comments/uzco5i/boutique_big4_mbb_etc/,[masked],yes,r/consulting,Career & work
2023-08-29,"[Can-AB] Can I request to be laid off, instead of quitting/waiting to be fired, due to poor attendance because of chronic illness? Also, are full time hourly employees entitled to severance in cases like this?",https://www.reddit.com/r/AskHR/comments/164c29q/canab_can_i_request_to_be_laid_off_instead_of/,[masked],yes,r/AskHR,Career & work
2020-08-04,"I am looking for some career advice, can someone help me out?",https://www.reddit.com/r/careerguidance/comments/i324su/i_am_looking_for_some_career_advice_can_someone/,[masked],yes,r/careerguidance,Career & work
2023-05-10,How to deal with 3 year gap in employment due to illness? Skills to learn to be a better job candidate?,https://www.reddit.com/r/careerguidance/comments/13d0to4/how_to_deal_with_3_year_gap_in_employment_due_to/,[masked],yes,r/careerguidance,Career & work
2022-02-10,[UK] Nervous about starting first job- that also being a full time engineering role in a defence company,https://www.reddit.com/r/AskHR/comments/sotgza/uk_nervous_about_starting_first_job_that_also/,[masked],yes,r/AskHR,Career & work
2024-11-28,How do I know if my company has handled a sexual harassment complaint properly?,https://www.reddit.com/r/careerguidance/comments/1h1csmp/how_do_i_know_if_my_company_has_handled_a_sexual/,[masked],yes,r/careerguidance,Career & work
2024-01-07,"I just got fired, is it my fault?",https://www.reddit.com/r/careerguidance/comments/190fpgi/i_just_got_fired_is_it_my_fault/,[masked],yes,r/careerguidance,Career & work
2022-01-19,Career moves for an application consultant?,https://www.reddit.com/r/careerguidance/comments/s7fz2b/career_moves_for_an_application_consultant/,[masked],yes,r/careerguidance,Career & work
2020-03-14,"I got written up by management for a bad attitude, what do I do next?",https://www.reddit.com/r/careerguidance/comments/ficnsl/i_got_written_up_by_management_for_a_bad_attitude/,[masked],yes,r/careerguidance,Career & work
2022-03-15,[MI] I received an email from a potential employer saying they’d like to move forward in the interview process with an second interview. I never interviewed with them though.,https://www.reddit.com/r/AskHR/comments/tebu2w/mi_i_received_an_email_from_a_potential_employer/,[masked],yes,r/AskHR,Career & work
2024-04-10,Got into BCG bridge to consulting but have zero idea about consulting,https://www.reddit.com/r/consulting/comments/1c01ap0/got_into_bcg_bridge_to_consulting_but_have_zero/,[masked],yes,r/consulting,Career & work
2021-08-05,How do I optimally move towards my CS career goals?,https://www.reddit.com/r/careerguidance/comments/oy3qpt/how_do_i_optimally_move_towards_my_cs_career_goals/,[masked],yes,r/careerguidance,Career & work
2024-08-21,Manager lied on a final written notice. Filing an appeal but not sure how to word it. [OH],https://www.reddit.com/r/AskHR/comments/1exdq56/manager_lied_on_a_final_written_notice_filing_an/,[masked],yes,r/AskHR,Career & work
2022-11-01,Should I quit CA ?,https://www.reddit.com/r/careerguidance/comments/yihfxs/should_i_quit_ca/,[masked],yes,r/careerguidance,Career & work
2023-09-06,"Considering a career shift, should I leave HR? What are my options?",https://www.reddit.com/r/careerguidance/comments/16b2cbn/considering_a_career_shift_should_i_leave_hr_what/,[masked],yes,r/careerguidance,Career & work
2020-06-22,How do you invest in yourself if your company refuses to invest in you?,https://www.reddit.com/r/consulting/comments/hdu177/how_do_you_invest_in_yourself_if_your_company/,[masked],yes,r/consulting,Career & work
2023-05-29,Which certificate for remote side hustle medical coding/billing/transcription or digital court reporter/transcription?,https://www.reddit.com/r/careerguidance/comments/13utgew/which_certificate_for_remote_side_hustle_medical/,[masked],yes,r/careerguidance,Career & work
2023-11-07,Can I be a big data specialist after majoring in Arabic?,https://www.reddit.com/r/careerguidance/comments/17pp626/can_i_be_a_big_data_specialist_after_majoring_in/,[masked],yes,r/careerguidance,Career & work
2022-08-23,job application requires cpr certification which i dont have. what are my options?,https://www.reddit.com/r/careerguidance/comments/wv3pmq/job_application_requires_cpr_certification_which/,[masked],yes,r/careerguidance,Career & work
2022-08-25,Should I quit my current easy job for a higher pay job opportunity?,https://www.reddit.com/r/careerguidance/comments/wwyu0y/should_i_quit_my_current_easy_job_for_a_higher/,[masked],yes,r/careerguidance,Career & work
2021-04-09,How should I handle my manager that is pushing to work towards a promotion?,https://www.reddit.com/r/careerguidance/comments/mn6abp/how_should_i_handle_my_manager_that_is_pushing_to/,[masked],yes,r/careerguidance,Career & work
2022-02-04,"[CA] If terminated after giving notice, should I tell future potential employers I resigned or was terminated?",https://www.reddit.com/r/AskHR/comments/sk7rew/ca_if_terminated_after_giving_notice_should_i/,[masked],yes,r/AskHR,Career & work
2021-02-09,Is this a place where I could find a link to some career aptitude testing?,https://www.reddit.com/r/careerguidance/comments/lg63z4/is_this_a_place_where_i_could_find_a_link_to_some/,[masked],yes,r/careerguidance,Career & work
2023-01-23,Manager lied to me. Do I confront?,https://www.reddit.com/r/careerguidance/comments/10j3aqt/manager_lied_to_me_do_i_confront/,[masked],yes,r/careerguidance,Career & work
2023-01-26,Sr. Director wants to get to know me- now what?,https://www.reddit.com/r/consulting/comments/10lne1v/sr_director_wants_to_get_to_know_me_now_what/,[masked],yes,r/consulting,Career & work
2021-01-15,Useful/lucrative associates degrees?,https://www.reddit.com/r/careerguidance/comments/kxb2cc/usefullucrative_associates_degrees/,[masked],yes,r/careerguidance,Career & work
2022-10-21,Which Path Should I Take With A Baby On The Way? (Northeast US),https://www.reddit.com/r/careerguidance/comments/y9sftn/which_path_should_i_take_with_a_baby_on_the_way/,[masked],yes,r/careerguidance,Career & work
2021-05-18,[WA] need advice,https://www.reddit.com/r/AskHR/comments/nett0z/wa_need_advice/,[masked],yes,r/AskHR,Career & work
2024-10-06,What are the chances that a masters in chemistry gets a consulting job,https://www.reddit.com/r/consulting/comments/1fxfuqx/what_are_the_chances_that_a_masters_in_chemistry/,[masked],yes,r/consulting,Career & work
2020-10-08,Help with Career (or lack thereof) Anxiety?,https://www.reddit.com/r/careerguidance/comments/j723if/help_with_career_or_lack_thereof_anxiety/,[masked],yes,r/careerguidance,Career & work
2022-01-14,Question about consulting agreement with non-compete clause,https://www.reddit.com/r/consulting/comments/s367as/question_about_consulting_agreement_with/,[masked],yes,r/consulting,Career & work
2022-03-24,Is consulting not for me?,https://www.reddit.com/r/consulting/comments/tm3fiv/is_consulting_not_for_me/,[masked],yes,r/consulting,Career & work
2024-12-28,What should I pursue next?,https://www.reddit.com/r/careerguidance/comments/1hnnulw/what_should_i_pursue_next/,[masked],yes,r/careerguidance,Career & work
2024-11-15,How to improve relationship with a colleague / is it worth it?,https://www.reddit.com/r/careerguidance/comments/1grvhqy/how_to_improve_relationship_with_a_colleague_is/,[masked],yes,r/careerguidance,Career & work
2021-05-06,Managing consultant frequently makes comments that make me uncomfortable and I’m not sure what to do about it.,https://www.reddit.com/r/consulting/comments/n5xt7h/managing_consultant_frequently_makes_comments/,[masked],yes,r/consulting,Career & work
2024-01-10,Upskilling / career path advice for someone who feels stuck and lost?,https://www.reddit.com/r/careerguidance/comments/19367fl/upskilling_career_path_advice_for_someone_who/,[masked],yes,r/careerguidance,Career & work
2020-04-02,Any advice for a newbie to the job market?,https://www.reddit.com/r/careerguidance/comments/ftetoh/any_advice_for_a_newbie_to_the_job_market/,[masked],yes,r/careerguidance,Career & work
2022-09-15,Feeling useless after completing my undergraduate degree in Architecture. What should I do?,https://www.reddit.com/r/careerguidance/comments/xepj0r/feeling_useless_after_completing_my_undergraduate/,[masked],yes,r/careerguidance,Career & work
2024-01-18,How to benefit from company going public?,https://www.reddit.com/r/careerguidance/comments/199d11u/how_to_benefit_from_company_going_public/,[masked],yes,r/careerguidance,Career & work
2022-09-29,What careers could I pursue?,https://www.reddit.com/r/careerguidance/comments/xqmgm4/what_careers_could_i_pursue/,[masked],yes,r/careerguidance,Career & work
2023-08-20,[CA] My coworker found out that everyone is supposed to spy on each other and won't do anymore small talk with everyone anymore,https://www.reddit.com/r/AskHR/comments/15vu5vi/ca_my_coworker_found_out_that_everyone_is/,[masked],yes,r/AskHR,Career & work
2022-07-30,Most efficient way to acquire clients for a small consulting firm?,https://www.reddit.com/r/consulting/comments/wbhjzw/most_efficient_way_to_acquire_clients_for_a_small/,[masked],yes,r/consulting,Career & work
2021-07-05,"How ""legit"" is Kevin Jon?",https://www.reddit.com/r/consulting/comments/odx1ui/how_legit_is_kevin_jon/,[masked],yes,r/consulting,Career & work
2024-10-26,[VA] Disability,https://www.reddit.com/r/AskHR/comments/1gc6eay/va_disability/,[masked],yes,r/AskHR,Career & work
2020-03-06,Being Forced to Night Shift.,https://www.reddit.com/r/AskHR/comments/fdzvx2/being_forced_to_night_shift/,[masked],yes,r/AskHR,Career & work
2023-06-15,"Spent money on college, changed fields. Spent money on a course, attempting to get into this field. Any advice for the situation I'm currently in?",https://www.reddit.com/r/careerguidance/comments/149pdwd/spent_money_on_college_changed_fields_spent_money/,[masked],yes,r/careerguidance,Career & work
2023-04-23,Suggestions for Beginner friendly books or video links for pattern making/basics of fashion design?,https://www.reddit.com/r/careerguidance/comments/12vki5y/suggestions_for_beginner_friendly_books_or_video/,[masked],yes,r/careerguidance,Career & work
2023-10-28,Can I reach out to work with small consulting practices? Middle East/ GCC,https://www.reddit.com/r/consulting/comments/17hshog/can_i_reach_out_to_work_with_small_consulting/,[masked],yes,r/consulting,Career & work
2020-04-16,Degree in Education...Are there other career OPTIONS?,https://www.reddit.com/r/careerguidance/comments/g261a9/degree_in_educationare_there_other_career_options/,[masked],yes,r/careerguidance,Career & work
2022-07-22,[PA] Retaliation and Promotion,https://www.reddit.com/r/AskHR/comments/w4zuxh/pa_retaliation_and_promotion/,[masked],yes,r/AskHR,Career & work
2022-08-21,Can I be something?,https://www.reddit.com/r/careerguidance/comments/wtf897/can_i_be_something/,[masked],yes,r/careerguidance,Career & work
2024-01-26,"I'm seeking career advice at age of 31, what's your thoughts?",https://www.reddit.com/r/careerguidance/comments/1abl4u6/im_seeking_career_advice_at_age_of_31_whats_your/,[masked],yes,r/careerguidance,Career & work
2021-04-16,"I'm looking to make a career change, any advice for someone trying to get into bookkeeping?",https://www.reddit.com/r/careerguidance/comments/mrl5zp/im_looking_to_make_a_career_change_any_advice_for/,[masked],yes,r/careerguidance,Career & work
2023-10-04,What advice do you have for a CS graduate trying to find their first job in software development?,https://www.reddit.com/r/careerguidance/comments/16yyoyz/what_advice_do_you_have_for_a_cs_graduate_trying/,[masked],yes,r/careerguidance,Career & work
2023-03-08,Do we need childcare or not!?,https://www.reddit.com/r/consulting/comments/11ln2bc/do_we_need_childcare_or_not/,[masked],yes,r/consulting,Career & work
2020-04-10,Is it over for me?,https://www.reddit.com/r/careerguidance/comments/fyhjq6/is_it_over_for_me/,[masked],yes,r/careerguidance,Career & work
2022-11-22,"[PK] Switched from Full-time to Part-time but delivering same amount of work, should i ask for raise?",https://www.reddit.com/r/AskHR/comments/z1u39q/pk_switched_from_fulltime_to_parttime_but/,[masked],yes,r/AskHR,Career & work
2024-02-02,Seeking Career Guidance: Leveraging Diverse Skills and Exploring New Opportunities?,https://www.reddit.com/r/careerguidance/comments/1agskox/seeking_career_guidance_leveraging_diverse_skills/,[masked],yes,r/careerguidance,Career & work
2024-05-03,Advice on how to do better as an aspiring consultant ,https://www.reddit.com/r/consulting/comments/1cj0szk/advice_on_how_to_do_better_as_an_aspiring/,[masked],yes,r/consulting,Career & work
2021-06-18,Can I use my gaming organization on my resume?,https://www.reddit.com/r/careerguidance/comments/o2ijxl/can_i_use_my_gaming_organization_on_my_resume/,[masked],yes,r/careerguidance,Career & work
2023-09-28,Applied to an internal position without informing manager and now my manager found it?,https://www.reddit.com/r/careerguidance/comments/16tsbfw/applied_to_an_internal_position_without_informing/,[masked],yes,r/careerguidance,Career & work
2022-07-13,"[NETHERLANDS, THE] recruiter is unresponsive, should i mail my original referrer?",https://www.reddit.com/r/AskHR/comments/vy4ivj/netherlands_the_recruiter_is_unresponsive_should/,[masked],yes,r/AskHR,Career & work
2024-03-12,did i choose the right degree?,https://www.reddit.com/r/careerguidance/comments/1bcvs5s/did_i_choose_the_right_degree/,[masked],yes,r/careerguidance,Career & work
2021-03-14,Should I start my healthcare career in a clinic or a hospital?,https://www.reddit.com/r/careerguidance/comments/m4m5p0/should_i_start_my_healthcare_career_in_a_clinic/,[masked],yes,r/careerguidance,Career & work
2022-04-05,Are remote options over 65k/y in logistics obtainable? PNW United States.,https://www.reddit.com/r/careerguidance/comments/tw5xd7/are_remote_options_over_65ky_in_logistics/,[masked],yes,r/careerguidance,Career & work
2021-02-20,"ATS system doesn't provide option for cover letter - advice, please! [CAN]",https://www.reddit.com/r/AskHR/comments/lo15sa/ats_system_doesnt_provide_option_for_cover_letter/,[masked],yes,r/AskHR,Career & work
2024-10-20,"[DK] My boss is gaslighting me, and I can’t seem to fix the problem ",https://www.reddit.com/r/AskHR/comments/1g7tdf0/dk_my_boss_is_gaslighting_me_and_i_cant_seem_to/,[masked],yes,r/AskHR,Career & work
2024-02-22,How do I get a job in the art world?,https://www.reddit.com/r/careerguidance/comments/1awvcqc/how_do_i_get_a_job_in_the_art_world/,[masked],yes,r/careerguidance,Career & work
2023-03-21,How does one know they like to code?,https://www.reddit.com/r/careerguidance/comments/11wp05n/how_does_one_know_they_like_to_code/,[masked],yes,r/careerguidance,Career & work
2020-10-18,Has anyone on here ever been happy in nursing?,https://www.reddit.com/r/careerguidance/comments/jdcoyb/has_anyone_on_here_ever_been_happy_in_nursing/,[masked],yes,r/careerguidance,Career & work
2023-04-12,[FL] Insurance Deductions and Tipped Credit Employees,https://www.reddit.com/r/AskHR/comments/12iz4bv/fl_insurance_deductions_and_tipped_credit/,[masked],yes,r/AskHR,Career & work
2023-03-19,What job should I do? Advice please,https://www.reddit.com/r/careerguidance/comments/11vdqyh/what_job_should_i_do_advice_please/,[masked],yes,r/careerguidance,Career & work
2023-10-01,What roles can a market researcher move into?,https://www.reddit.com/r/careerguidance/comments/16wbsv1/what_roles_can_a_market_researcher_move_into/,[masked],yes,r/careerguidance,Career & work
2021-08-19,How can I start my career in information security from scratch?,https://www.reddit.com/r/careerguidance/comments/p6zj0p/how_can_i_start_my_career_in_information_security/,[masked],yes,r/careerguidance,Career & work
2024-04-05,How to deal with difficult co-worker?,https://www.reddit.com/r/careerguidance/comments/1bw6f2k/how_to_deal_with_difficult_coworker/,[masked],yes,r/careerguidance,Career & work
2024-09-25,[GA] Wife applying for position at same company I work for,https://www.reddit.com/r/AskHR/comments/1foqh9d/ga_wife_applying_for_position_at_same_company_i/,[masked],yes,r/AskHR,Career & work
2021-02-15,[IN] Is it “wrong” or “unprofessional” to call off of work due to inclement weather?,https://www.reddit.com/r/AskHR/comments/lk29cq/in_is_it_wrong_or_unprofessional_to_call_off_of/,[masked],yes,r/AskHR,Career & work
2024-08-28,Seeking advice on a career transition. any advice?,https://www.reddit.com/r/careerguidance/comments/1f350lz/seeking_advice_on_a_career_transition_any_advice/,[masked],yes,r/careerguidance,Career & work
2020-07-07,Getting some stuff off my chest when I quit?,https://www.reddit.com/r/careerguidance/comments/hmdnjb/getting_some_stuff_off_my_chest_when_i_quit/,[masked],yes,r/careerguidance,Career & work
2024-11-23,Changing coaches,https://www.reddit.com/r/consulting/comments/1gxdquk/changing_coaches/,[masked],yes,r/consulting,Career & work
2022-03-13,"Time for a career change, any advice?",https://www.reddit.com/r/careerguidance/comments/tcpq33/time_for_a_career_change_any_advice/,[masked],yes,r/careerguidance,Career & work
2024-02-02,[IA] can I ask for fair pay? Need Advice,https://www.reddit.com/r/AskHR/comments/1aghg9s/ia_can_i_ask_for_fair_pay_need_advice/,[masked],yes,r/AskHR,Career & work
2023-08-22,[UK] - Salary Fairness,https://www.reddit.com/r/AskHR/comments/15y1kth/uk_salary_fairness/,[masked],yes,r/AskHR,Career & work
2020-10-25,What are some key red flags in job offers?,https://www.reddit.com/r/careerguidance/comments/jhcprb/what_are_some_key_red_flags_in_job_offers/,[masked],yes,r/careerguidance,Career & work
2020-05-03,Can you help me choose a career path?,https://www.reddit.com/r/careerguidance/comments/gcbgj5/can_you_help_me_choose_a_career_path/,[masked],yes,r/careerguidance,Career & work
2024-09-23,[NA] Bachelor's Degree,https://www.reddit.com/r/AskHR/comments/1fmyje6/na_bachelors_degree/,[masked],yes,r/AskHR,Career & work
2022-09-25,What’s a good freelance job for an Apple / IT specialist ?,https://www.reddit.com/r/careerguidance/comments/xn1pwv/whats_a_good_freelance_job_for_an_apple_it/,[masked],yes,r/careerguidance,Career & work
2023-09-26,Seeking Career Advice: Deaf Artist (Male - 28) Looking for Less Competitive Options?,https://www.reddit.com/r/careerguidance/comments/16sgi48/seeking_career_advice_deaf_artist_male_28_looking/,[masked],yes,r/careerguidance,Career & work
2023-07-17,[IA] Boss is advertising for a position at his side gig in the work chat,https://www.reddit.com/r/AskHR/comments/151rjzg/ia_boss_is_advertising_for_a_position_at_his_side/,[masked],yes,r/AskHR,Career & work
2022-03-26,Should I try a UX/UI Bootcamp?,https://www.reddit.com/r/careerguidance/comments/tnvmf9/should_i_try_a_uxui_bootcamp/,[masked],yes,r/careerguidance,Career & work
2024-06-03,Worried I can’t handle the hours?,https://www.reddit.com/r/consulting/comments/1d76bh4/worried_i_cant_handle_the_hours/,[masked],yes,r/consulting,Career & work
2023-06-13,Partner may not let me (SM) cancel BD trip with him in order to take billable work that's right up my alley because... he can't figure out who to make his prints I was bringing for the BD trip. Is this the insanity I have to put up with to make Partner? Or should I leave?,https://www.reddit.com/r/consulting/comments/1483xeq/partner_may_not_let_me_sm_cancel_bd_trip_with_him/,[masked],yes,r/consulting,Career & work
2021-03-22,How Do I get past age / experience / entrepreneurship discrimination?,https://www.reddit.com/r/careerguidance/comments/mamasz/how_do_i_get_past_age_experience_entrepreneurship/,[masked],yes,r/careerguidance,Career & work
2023-07-13,[LA] Terminated from job “A” but potential job thinks I am currently employed.,https://www.reddit.com/r/AskHR/comments/14y1mma/la_terminated_from_job_a_but_potential_job_thinks/,[masked],yes,r/AskHR,Career & work
2020-12-30,Looking to Change Firms - Bail before SM Promotion?,https://www.reddit.com/r/consulting/comments/kn26xk/looking_to_change_firms_bail_before_sm_promotion/,[masked],yes,r/consulting,Career & work
2023-06-28,Was reporting this person an overreaction? [MN],https://www.reddit.com/r/AskHR/comments/14l8uj7/was_reporting_this_person_an_overreaction_mn/,[masked],yes,r/AskHR,Career & work
2023-07-28,Work-life balance benefits,https://www.reddit.com/r/consulting/comments/15bbgol/worklife_balance_benefits/,[masked],yes,r/consulting,Career & work
2020-10-01,Should i consider taking engineering if i'm bad at math?,https://www.reddit.com/r/careerguidance/comments/j33tv4/should_i_consider_taking_engineering_if_im_bad_at/,[masked],yes,r/careerguidance,Career & work
2021-01-16,Thoughts on being on the beach? I'm enjoying the lighter workload,https://www.reddit.com/r/consulting/comments/kxys5a/thoughts_on_being_on_the_beach_im_enjoying_the/,[masked],yes,r/consulting,Career & work
2021-03-11,What steps do I take to become an ultrasound tech?,https://www.reddit.com/r/careerguidance/comments/m2jqke/what_steps_do_i_take_to_become_an_ultrasound_tech/,[masked],yes,r/careerguidance,Career & work
2024-10-16,[TX] Should I tell my boss about potentially damaging rumors?,https://www.reddit.com/r/AskHR/comments/1g4rgaf/tx_should_i_tell_my_boss_about_potentially/,[masked],yes,r/AskHR,Career & work
2022-03-13,Anyone have career advice?,https://www.reddit.com/r/careerguidance/comments/tcvvsm/anyone_have_career_advice/,[masked],yes,r/careerguidance,Career & work
2024-11-12,New grad career advice needed,https://www.reddit.com/r/consulting/comments/1gp7tye/new_grad_career_advice_needed/,[masked],yes,r/consulting,Career & work
2021-04-07,Are there any schools for psychology or neurology that will be right for me?,https://www.reddit.com/r/careerguidance/comments/mm46rv/are_there_any_schools_for_psychology_or_neurology/,[masked],yes,r/careerguidance,Career & work
2023-08-16,i quit my six figure corp job. should i go back?,https://www.reddit.com/r/careerguidance/comments/15sey2d/i_quit_my_six_figure_corp_job_should_i_go_back/,[masked],yes,r/careerguidance,Career & work
2020-04-29,"My company wants to rehire me with reduced hours, what do you do if you can't afford it?",https://www.reddit.com/r/careerguidance/comments/g9wvpl/my_company_wants_to_rehire_me_with_reduced_hours/,[masked],yes,r/careerguidance,Career & work
2020-10-27,What are you doing with your Premium Travel Credit Cards?,https://www.reddit.com/r/consulting/comments/jij9ei/what_are_you_doing_with_your_premium_travel/,[masked],yes,r/consulting,Career & work
2022-05-27,Do I turn down a job offer because I love my current location?,https://www.reddit.com/r/careerguidance/comments/uyyvyk/do_i_turn_down_a_job_offer_because_i_love_my/,[masked],yes,r/careerguidance,Career & work
2022-02-16,What can I do in the field of wildlife with an Arts degree?,https://www.reddit.com/r/careerguidance/comments/stnyu9/what_can_i_do_in_the_field_of_wildlife_with_an/,[masked],yes,r/careerguidance,Career & work
2023-01-27,Best way to push a career forward in a slump?,https://www.reddit.com/r/careerguidance/comments/10lyqgx/best_way_to_push_a_career_forward_in_a_slump/,[masked],yes,r/careerguidance,Career & work
2023-03-22,Your former team will always treat you like an IC; what about the wider organisation? Worth pitching to them?,https://www.reddit.com/r/consulting/comments/11xtxia/your_former_team_will_always_treat_you_like_an_ic/,[masked],yes,r/consulting,Career & work
2020-02-16,Considering leaving my position due solely to not having received a review or an increase - justifiable or petty?,https://www.reddit.com/r/careerguidance/comments/f4ibgg/considering_leaving_my_position_due_solely_to_not/,[masked],yes,r/careerguidance,Career & work
2024-02-17,Giving 1 day notice as a manager?,https://www.reddit.com/r/careerguidance/comments/1asvfrn/giving_1_day_notice_as_a_manager/,[masked],yes,r/careerguidance,Career & work
2023-12-23,How do I decide between two dream jobs when my anxiety is paralyzing me?,https://www.reddit.com/r/careerguidance/comments/18owier/how_do_i_decide_between_two_dream_jobs_when_my/,[masked],yes,r/careerguidance,Career & work
2022-01-13,Is there actually 8 hours of work to do every single day?,https://www.reddit.com/r/careerguidance/comments/s2okil/is_there_actually_8_hours_of_work_to_do_every/,[masked],yes,r/careerguidance,Career & work
2020-02-12,Does telling a university interviewer I have 2 children attending their university hurt me or help me to get the job?,https://www.reddit.com/r/careerguidance/comments/f2ecei/does_telling_a_university_interviewer_i_have_2/,[masked],yes,r/careerguidance,Career & work
2021-06-18,"Accepted a job offer and I feel ""buyer's remorse"" after the first week. What should I do?",https://www.reddit.com/r/careerguidance/comments/o22yni/accepted_a_job_offer_and_i_feel_buyers_remorse/,[masked],yes,r/careerguidance,Career & work
2020-11-16,How do i manage my EM and/or client?,https://www.reddit.com/r/consulting/comments/jv3n1l/how_do_i_manage_my_em_andor_client/,[masked],yes,r/consulting,Career & work
2020-03-25,Don't Want to Be Unemployed!!,https://www.reddit.com/r/consulting/comments/fo8o83/dont_want_to_be_unemployed/,[masked],yes,r/consulting,Career & work
2023-12-22,[SC] Seeking process engineering work with no experrience. Will working as a technician help,https://www.reddit.com/r/AskHR/comments/18o804w/sc_seeking_process_engineering_work_with_no/,[masked],yes,r/AskHR,Career & work
2023-05-21,[AU] Formal written warning queries,https://www.reddit.com/r/AskHR/comments/13nnpbx/au_formal_written_warning_queries/,[masked],yes,r/AskHR,Career & work
2020-06-01,"Working remotely due to pandemic, should I tell my boss I’m working from another state?",https://www.reddit.com/r/careerguidance/comments/gu5o4t/working_remotely_due_to_pandemic_should_i_tell_my/,[masked],yes,r/careerguidance,Career & work
2023-12-02,EY or Inverto BCG,https://www.reddit.com/r/consulting/comments/188i2mf/ey_or_inverto_bcg/,[masked],yes,r/consulting,Career & work
2024-05-30,Do I stay in IT or do something new before I am farther in?,https://www.reddit.com/r/careerguidance/comments/1d46vda/do_i_stay_in_it_or_do_something_new_before_i_am/,[masked],yes,r/careerguidance,Career & work
2023-07-06,Seeking employment after executive role?,https://www.reddit.com/r/careerguidance/comments/14rv82k/seeking_employment_after_executive_role/,[masked],yes,r/careerguidance,Career & work
2021-02-17,[CA] Third party recruiter reached out to ask my opinion about candidates’ resumes,https://www.reddit.com/r/AskHR/comments/llfikc/ca_third_party_recruiter_reached_out_to_ask_my/,[masked],yes,r/AskHR,Career & work
2023-05-03,Can I get guidance on changing paths to become a Nutritionist?,https://www.reddit.com/r/careerguidance/comments/1368c46/can_i_get_guidance_on_changing_paths_to_become_a/,[masked],yes,r/careerguidance,Career & work
2021-02-28,Work related stress dreams?,https://www.reddit.com/r/careerguidance/comments/lu7hy1/work_related_stress_dreams/,[masked],yes,r/careerguidance,Career & work
2021-06-24,Should I take leap from a regional based individual contributor role into a international management position?,https://www.reddit.com/r/careerguidance/comments/o736x1/should_i_take_leap_from_a_regional_based/,[masked],yes,r/careerguidance,Career & work
2024-02-08,"I have a Bachelor's in CSE but don't know shit. Starting from scratch, what work/field should I get into so I can increase my chances to retire early?",https://www.reddit.com/r/careerguidance/comments/1als78r/i_have_a_bachelors_in_cse_but_dont_know_shit/,[masked],yes,r/careerguidance,Career & work
2024-04-23,How useful are unaccredited courses in finding a job and helping your career?,https://www.reddit.com/r/careerguidance/comments/1cazu90/how_useful_are_unaccredited_courses_in_finding_a/,[masked],yes,r/careerguidance,Career & work
2022-04-06,[CA] Is this harassment?,https://www.reddit.com/r/AskHR/comments/tx312w/ca_is_this_harassment/,[masked],yes,r/AskHR,Career & work
2023-07-20,There seems to be many people who highly value a comfortable and low stress job (e.g. work for 1 hr and get paid for 8). Is there anyone else who is their best self when being busy and challenged and enjoys a job where time flies by?,https://www.reddit.com/r/careerguidance/comments/154bgm6/there_seems_to_be_many_people_who_highly_value_a/,[masked],yes,r/careerguidance,Career & work
2022-08-23,Accidentally billed hours to client,https://www.reddit.com/r/consulting/comments/wv07g1/accidentally_billed_hours_to_client/,[masked],yes,r/consulting,Career & work
2020-04-02,I’m really interested in working for a specific organization but I don’t know how to show them how interested I am in what they do!,https://www.reddit.com/r/AskHR/comments/ftgk9v/im_really_interested_in_working_for_a_specific/,[masked],yes,r/AskHR,Career & work
2023-08-29,[UK] Trigger Warning SH and the workplace,https://www.reddit.com/r/AskHR/comments/163ylaf/uk_trigger_warning_sh_and_the_workplace/,[masked],yes,r/AskHR,Career & work
2023-07-09,Would you reach out afterwards if you felt you didn't give your best interview?,https://www.reddit.com/r/careerguidance/comments/14uqhho/would_you_reach_out_afterwards_if_you_felt_you/,[masked],yes,r/careerguidance,Career & work
2022-01-19,"26M, please provide guidance on wanting to change career path?",https://www.reddit.com/r/careerguidance/comments/s7jacx/26m_please_provide_guidance_on_wanting_to_change/,[masked],yes,r/careerguidance,Career & work
2024-07-05,Dealing with imposter syndrome for new consultants,https://www.reddit.com/r/consulting/comments/1dvusei/dealing_with_imposter_syndrome_for_new_consultants/,[masked],yes,r/consulting,Career & work
2024-07-17,Who's been let go in the swaths that alot of firms since ai kicked in? ,https://www.reddit.com/r/consulting/comments/1e5l2dx/whos_been_let_go_in_the_swaths_that_alot_of_firms/,[masked],yes,r/consulting,Career & work
2021-08-11,What jobs allow you to live a pretty chill life style?,https://www.reddit.com/r/careerguidance/comments/p21dfz/what_jobs_allow_you_to_live_a_pretty_chill_life/,[masked],yes,r/careerguidance,Career & work
2021-10-26,What do people like me do?,https://www.reddit.com/r/careerguidance/comments/qg14e7/what_do_people_like_me_do/,[masked],yes,r/careerguidance,Career & work
2023-07-31,This is my 2nd week in training and have done Well so Far. 2nd Day using the Live Programs and I made a Mistake by missing a Chat. How Can I correct this?,https://www.reddit.com/r/careerguidance/comments/15dqkjc/this_is_my_2nd_week_in_training_and_have_done/,[masked],yes,r/careerguidance,Career & work
2023-09-29,Is it time to move on?,https://www.reddit.com/r/consulting/comments/16urdgp/is_it_time_to_move_on/,[masked],yes,r/consulting,Career & work
2020-09-18,Just overheard a racist comment about me from a coworker,https://www.reddit.com/r/AskHR/comments/iusmya/just_overheard_a_racist_comment_about_me_from_a/,[masked],yes,r/AskHR,Career & work
2022-02-11,[CAN] Requests After Leaving,https://www.reddit.com/r/AskHR/comments/spb0uv/can_requests_after_leaving/,[masked],yes,r/AskHR,Career & work
2021-07-28,Fellow people in the arts - have you made the move to another industry? Please share your experience!,https://www.reddit.com/r/careerguidance/comments/osu42f/fellow_people_in_the_arts_have_you_made_the_move/,[masked],yes,r/careerguidance,Career & work
2022-10-14,How to Wake Up,https://www.reddit.com/r/consulting/comments/y3dmrq/how_to_wake_up/,[masked],yes,r/consulting,Career & work
2022-08-31,Should I be upset that my coworker got a higher position than me?,https://www.reddit.com/r/careerguidance/comments/x1myj8/should_i_be_upset_that_my_coworker_got_a_higher/,[masked],yes,r/careerguidance,Career & work
2022-10-03,CV tips for Consulting exit,https://www.reddit.com/r/consulting/comments/xui8qj/cv_tips_for_consulting_exit/,[masked],yes,r/consulting,Career & work
2024-06-30,Road map for student in construction project management ,https://www.reddit.com/r/consulting/comments/1drir6i/road_map_for_student_in_construction_project/,[masked],yes,r/consulting,Career & work
2021-01-28,How common is it for potential employers to ask about consulting matrix placement/performance?,https://www.reddit.com/r/consulting/comments/l694xx/how_common_is_it_for_potential_employers_to_ask/,[masked],yes,r/consulting,Career & work
2024-09-20,Is it a bad time to be a consultant: PostGrad,https://www.reddit.com/r/consulting/comments/1fktlai/is_it_a_bad_time_to_be_a_consultant_postgrad/,[masked],yes,r/consulting,Career & work
2020-05-30,Former consultants who left consulting and then returned?,https://www.reddit.com/r/consulting/comments/gt89av/former_consultants_who_left_consulting_and_then/,[masked],yes,r/consulting,Career & work
2022-09-16,Sterling background check...talk me off the ledge,https://www.reddit.com/r/AskHR/comments/xf8jk7/sterling_background_checktalk_me_off_the_ledge/,[masked],yes,r/AskHR,Career & work
2024-06-09,Can someone give me advice on whether I should consider a change of career or not?,https://www.reddit.com/r/careerguidance/comments/1dbqh2h/can_someone_give_me_advice_on_whether_i_should/,[masked],yes,r/careerguidance,Career & work
2024-01-17,Logic 20/20 contingent offer?,https://www.reddit.com/r/consulting/comments/198jz2x/logic_2020_contingent_offer/,[masked],yes,r/consulting,Career & work
2022-03-26,"[QA] being told about salary and benefits, good sign?",https://www.reddit.com/r/AskHR/comments/tnx5n0/qa_being_told_about_salary_and_benefits_good_sign/,[masked],yes,r/AskHR,Career & work
2020-09-14,How difficult is it to get a career in sound engineering/Music Industry? And what are ways I can get experience before I start my course?,https://www.reddit.com/r/careerguidance/comments/is42wo/how_difficult_is_it_to_get_a_career_in_sound/,[masked],yes,r/careerguidance,Career & work
2022-09-02,Should I take a lower paying job within my company for a potential career change?,https://www.reddit.com/r/careerguidance/comments/x3c88k/should_i_take_a_lower_paying_job_within_my/,[masked],yes,r/careerguidance,Career & work
2021-01-01,[IN]Does it make sense that COVID affected my worked hours and all of a sudden my manager is upset?,https://www.reddit.com/r/AskHR/comments/kny6a5/indoes_it_make_sense_that_covid_affected_my/,[masked],yes,r/AskHR,Career & work
2023-03-19,Sr Graphic Designer taking UX or Data Analytics Immersive through General Assembly. Which one?,https://www.reddit.com/r/careerguidance/comments/11vd7q3/sr_graphic_designer_taking_ux_or_data_analytics/,[masked],yes,r/careerguidance,Career & work
2020-06-25,What's the best method for determining raises in small businesses?,https://www.reddit.com/r/AskHR/comments/hf7d0g/whats_the_best_method_for_determining_raises_in/,[masked],yes,r/AskHR,Career & work
2021-02-11,[PA]Employer is going back on their word. What does this mean? What should I do?,https://www.reddit.com/r/AskHR/comments/lgxedl/paemployer_is_going_back_on_their_word_what_does/,[masked],yes,r/AskHR,Career & work
2023-08-11,Following up on a desired job position unprofessional?,https://www.reddit.com/r/careerguidance/comments/15nsq25/following_up_on_a_desired_job_position/,[masked],yes,r/careerguidance,Career & work
2022-05-29,Any infection preventionists have advice for an upcoming grad?,https://www.reddit.com/r/careerguidance/comments/uzuvkr/any_infection_preventionists_have_advice_for_an/,[masked],yes,r/careerguidance,Career & work
2022-10-15,[IL] Is it bad for me to omit grad date from my resume? I keep being asked about a gap and I’m tired of it,https://www.reddit.com/r/AskHR/comments/y4oahe/il_is_it_bad_for_me_to_omit_grad_date_from_my/,[masked],yes,r/AskHR,Career & work
2023-12-18,Would quitting my job be career ending?,https://www.reddit.com/r/careerguidance/comments/18la22w/would_quitting_my_job_be_career_ending/,[masked],yes,r/careerguidance,Career & work
2023-07-11,[CO] Can anyone please help with info/advice for pending background check?,https://www.reddit.com/r/AskHR/comments/14vzli9/co_can_anyone_please_help_with_infoadvice_for/,[masked],yes,r/AskHR,Career & work
2022-07-06,How do I tell my current boss I plan on switching teams?,https://www.reddit.com/r/careerguidance/comments/vsfn2h/how_do_i_tell_my_current_boss_i_plan_on_switching/,[masked],yes,r/careerguidance,Career & work
2023-07-08,Salaries outside consulting,https://www.reddit.com/r/consulting/comments/14tz553/salaries_outside_consulting/,[masked],yes,r/consulting,Career & work
2023-12-12,"Creative sector, how's your 2024 projects pipeline looking?",https://www.reddit.com/r/consulting/comments/18fyah0/creative_sector_hows_your_2024_projects_pipeline/,[masked],yes,r/consulting,Career & work
2024-12-16,Need advice deciding between finance (valuations) and Internal corporate strategy role with a tier-1 Indian Law firm,https://www.reddit.com/r/consulting/comments/1hfjmqq/need_advice_deciding_between_finance_valuations/,[masked],yes,r/consulting,Career & work
2024-03-25,[TX] Manager lied on my year end review,https://www.reddit.com/r/AskHR/comments/1bngixa/tx_manager_lied_on_my_year_end_review/,[masked],yes,r/AskHR,Career & work
2020-02-15,"I have a bad boss, but are they harassing me?",https://www.reddit.com/r/AskHR/comments/f3wrhe/i_have_a_bad_boss_but_are_they_harassing_me/,[masked],yes,r/AskHR,Career & work
2020-08-17,Did anybody change career/life from corporate work to being independent farmer?,https://www.reddit.com/r/careerguidance/comments/ib99qq/did_anybody_change_careerlife_from_corporate_work/,[masked],yes,r/careerguidance,Career & work
2021-08-02,Give me an advice to start freelancing as Programmer ?,https://www.reddit.com/r/careerguidance/comments/ovzpou/give_me_an_advice_to_start_freelancing_as/,[masked],yes,r/careerguidance,Career & work
2024-10-08,How to negotiate a pay raise with an offer letter from another company?,https://www.reddit.com/r/careerguidance/comments/1fybrvc/how_to_negotiate_a_pay_raise_with_an_offer_letter/,[masked],yes,r/careerguidance,Career & work
2023-09-12,Does the job title on resume have to match that in HR records?,https://www.reddit.com/r/careerguidance/comments/16ghs10/does_the_job_title_on_resume_have_to_match_that/,[masked],yes,r/careerguidance,Career & work
2023-09-14,Can you give me ADVICE?,https://www.reddit.com/r/careerguidance/comments/16iaw9n/can_you_give_me_advice/,[masked],yes,r/careerguidance,Career & work
2021-08-31,Colleague is bereaved and I want to make sure I'm doing all the right things as a new manager [ME],https://www.reddit.com/r/AskHR/comments/peptkb/colleague_is_bereaved_and_i_want_to_make_sure_im/,[masked],yes,r/AskHR,Career & work
2023-08-06,"If a person is having issues with a manager, is HR required to contact the manager? [CA]",https://www.reddit.com/r/AskHR/comments/15jczmd/if_a_person_is_having_issues_with_a_manager_is_hr/,[masked],yes,r/AskHR,Career & work
2021-03-26,What makes a 'rockstar' consultant?,https://www.reddit.com/r/consulting/comments/mdreku/what_makes_a_rockstar_consultant/,[masked],yes,r/consulting,Career & work
2023-06-16,"With 3 semesters left of school, do I still have a chance at a career if I change my major?",https://www.reddit.com/r/careerguidance/comments/14ac389/with_3_semesters_left_of_school_do_i_still_have_a/,[masked],yes,r/careerguidance,Career & work
2021-03-19,Position on Hold [MI],https://www.reddit.com/r/AskHR/comments/m7x4sw/position_on_hold_mi/,[masked],yes,r/AskHR,Career & work
2020-04-24,Boutique Consulting Firms: What does your marketing department look like?,https://www.reddit.com/r/consulting/comments/g6w4y6/boutique_consulting_firms_what_does_your/,[masked],yes,r/consulting,Career & work
2022-10-06,"Im seeking careers combining human connection, design, and safety. Any ideas?",https://www.reddit.com/r/careerguidance/comments/xwouwy/im_seeking_careers_combining_human_connection/,[masked],yes,r/careerguidance,Career & work
2021-08-28,Are “mba scaries” real?,https://www.reddit.com/r/consulting/comments/pd1a74/are_mba_scaries_real/,[masked],yes,r/consulting,Career & work
2022-08-11,[CA] work refusing pregnancy accommodation and doctor refusing disability leave?,https://www.reddit.com/r/AskHR/comments/wlc17u/ca_work_refusing_pregnancy_accommodation_and/,[masked],yes,r/AskHR,Career & work
2020-04-11,Help?,https://www.reddit.com/r/careerguidance/comments/fyogbk/help/,[masked],yes,r/careerguidance,Career & work
2022-10-16,Time for a Cert.. I guess?,https://www.reddit.com/r/careerguidance/comments/y57thp/time_for_a_cert_i_guess/,[masked],yes,r/careerguidance,Career & work
2024-03-19,Why aren't consulting firms addressing WLB and mental health? ,https://www.reddit.com/r/consulting/comments/1bib5fg/why_arent_consulting_firms_addressing_wlb_and/,[masked],yes,r/consulting,Career & work
2024-05-15,In this economy what would be more beneficial becoming a real estate agent or loan officer?,https://www.reddit.com/r/careerguidance/comments/1csa7hq/in_this_economy_what_would_be_more_beneficial/,[masked],yes,r/careerguidance,Career & work
2021-01-12,Telling it how is is,https://www.reddit.com/r/consulting/comments/kvgoq8/telling_it_how_is_is/,[masked],yes,r/consulting,Career & work
2020-02-04,What are red flags/signs you should not accept a job offer?,https://www.reddit.com/r/careerguidance/comments/eyaoyz/what_are_red_flagssigns_you_should_not_accept_a/,[masked],yes,r/careerguidance,Career & work
2020-01-09,How will i make it to retirement?,https://www.reddit.com/r/careerguidance/comments/em0sb8/how_will_i_make_it_to_retirement/,[masked],yes,r/careerguidance,Career & work
2024-06-11,How do you become a consultant without consulting experience? And is it worth it?,https://www.reddit.com/r/consulting/comments/1dd29yh/how_do_you_become_a_consultant_without_consulting/,[masked],yes,r/consulting,Career & work
2021-07-25,Job offer?,https://www.reddit.com/r/careerguidance/comments/oquuwf/job_offer/,[masked],yes,r/careerguidance,Career & work
2022-08-05,[NV] sexual harassment question,https://www.reddit.com/r/AskHR/comments/wgcqdr/nv_sexual_harassment_question/,[masked],yes,r/AskHR,Career & work
2020-03-08,New PIP and paternity leave (WA State),https://www.reddit.com/r/AskHR/comments/ff6ioy/new_pip_and_paternity_leave_wa_state/,[masked],yes,r/AskHR,Career & work
2022-11-10,What degree should I go for?,https://www.reddit.com/r/careerguidance/comments/yr1ow0/what_degree_should_i_go_for/,[masked],yes,r/careerguidance,Career & work
2024-05-09,"Boss bringing in outsiders to check our digital marketing channels, which I manage. How do I handle this?",https://www.reddit.com/r/careerguidance/comments/1cnshcc/boss_bringing_in_outsiders_to_check_our_digital/,[masked],yes,r/careerguidance,Career & work
2024-11-11,Need advise - Which T2 offer to take (EU vs. Middle East)?,https://www.reddit.com/r/consulting/comments/1goh1wq/need_advise_which_t2_offer_to_take_eu_vs_middle/,[masked],yes,r/consulting,Career & work
2021-11-21,What tips do you have for someone starting their first remote role and how can I make a great first impression?,https://www.reddit.com/r/careerguidance/comments/qywj3d/what_tips_do_you_have_for_someone_starting_their/,[masked],yes,r/careerguidance,Career & work
2020-07-24,Current part time student really needs help deciding what to do in the near future?,https://www.reddit.com/r/careerguidance/comments/hwpnhe/current_part_time_student_really_needs_help/,[masked],yes,r/careerguidance,Career & work
2024-03-03,Right time to do job hunting at the 1st job?,https://www.reddit.com/r/careerguidance/comments/1b58oz2/right_time_to_do_job_hunting_at_the_1st_job/,[masked],yes,r/careerguidance,Career & work
2024-07-29,Job interview and job offer in the same week??,https://www.reddit.com/r/careerguidance/comments/1eenz00/job_interview_and_job_offer_in_the_same_week/,[masked],yes,r/careerguidance,Career & work
2024-12-19,When do you think about specializing?,https://www.reddit.com/r/consulting/comments/1hhedcu/when_do_you_think_about_specializing/,[masked],yes,r/consulting,Career & work
2023-11-13,Seeking Advice on Consulting Career Path - Transitioning from Community College,https://www.reddit.com/r/consulting/comments/17u6m8j/seeking_advice_on_consulting_career_path/,[masked],yes,r/consulting,Career & work
2021-06-09,Ask for more work? Or wait it out until I leave?,https://www.reddit.com/r/consulting/comments/nva0z9/ask_for_more_work_or_wait_it_out_until_i_leave/,[masked],yes,r/consulting,Career & work
2022-01-10,Changing area of specialism,https://www.reddit.com/r/consulting/comments/s036b6/changing_area_of_specialism/,[masked],yes,r/consulting,Career & work
2022-02-02,[NY] Probationary Period,https://www.reddit.com/r/AskHR/comments/si6vjb/ny_probationary_period/,[masked],yes,r/AskHR,Career & work
2022-12-18,Careers for people who enjoy learning about how things work?,https://www.reddit.com/r/careerguidance/comments/zok13t/careers_for_people_who_enjoy_learning_about_how/,[masked],yes,r/careerguidance,Career & work
2023-03-14,I'm drowning in my lack of attention to detail,https://www.reddit.com/r/consulting/comments/11qoa0k/im_drowning_in_my_lack_of_attention_to_detail/,[masked],yes,r/consulting,Career & work
2022-10-21,Is this job prospect suspicious?,https://www.reddit.com/r/careerguidance/comments/y9vbvh/is_this_job_prospect_suspicious/,[masked],yes,r/careerguidance,Career & work
2021-01-15,[NV] Constructive Discharges,https://www.reddit.com/r/AskHR/comments/kxgak1/nv_constructive_discharges/,[masked],yes,r/AskHR,Career & work
2022-02-16,Is anyone able to give advice for nature related careers?,https://www.reddit.com/r/careerguidance/comments/st78r4/is_anyone_able_to_give_advice_for_nature_related/,[masked],yes,r/careerguidance,Career & work
2020-04-11,How do I grow?,https://www.reddit.com/r/consulting/comments/fyjd3k/how_do_i_grow/,[masked],yes,r/consulting,Career & work
2023-11-20,Job Offer - negotiation with CURRENT employer?,https://www.reddit.com/r/careerguidance/comments/17ze3ju/job_offer_negotiation_with_current_employer/,[masked],yes,r/careerguidance,Career & work
2022-06-07,Jobs that pay well and allow for part-time hours?,https://www.reddit.com/r/careerguidance/comments/v6c4y7/jobs_that_pay_well_and_allow_for_parttime_hours/,[masked],yes,r/careerguidance,Career & work
2023-11-21,Independent IT/M&A Consultant - Best tactics to find part time clients?,https://www.reddit.com/r/consulting/comments/1805npj/independent_itma_consultant_best_tactics_to_find/,[masked],yes,r/consulting,Career & work
2023-03-25,"What should I do with my life? 20 year old, go back and study or find full time work.",https://www.reddit.com/r/careerguidance/comments/121k5my/what_should_i_do_with_my_life_20_year_old_go_back/,[masked],yes,r/careerguidance,Career & work
2020-11-03,How do I land an engineering job 5 years after my graduation?,https://www.reddit.com/r/careerguidance/comments/jmzgem/how_do_i_land_an_engineering_job_5_years_after_my/,[masked],yes,r/careerguidance,Career & work
2021-11-25,What are some jobs that have a similar sense of urgency as working in a hospital without actually being in healthcare?,https://www.reddit.com/r/careerguidance/comments/r1d6fj/what_are_some_jobs_that_have_a_similar_sense_of/,[masked],yes,r/careerguidance,Career & work
2024-01-15,Should I switch from software development to merger and acquisition,https://www.reddit.com/r/consulting/comments/196rf2x/should_i_switch_from_software_development_to/,[masked],yes,r/consulting,Career & work
2022-02-03,Do I take this new job?,https://www.reddit.com/r/careerguidance/comments/sjamdg/do_i_take_this_new_job/,[masked],yes,r/careerguidance,Career & work
2022-09-15,"Habitual job hopper, starting to feel like it’s a “me” problem…any advice?",https://www.reddit.com/r/careerguidance/comments/xe7qgf/habitual_job_hopper_starting_to_feel_like_its_a/,[masked],yes,r/careerguidance,Career & work
2021-07-02,[MI] Internship for Scheduling Operations,https://www.reddit.com/r/AskHR/comments/obs51u/mi_internship_for_scheduling_operations/,[masked],yes,r/AskHR,Career & work
2024-08-20,How to navigate a poor work culture ?,https://www.reddit.com/r/careerguidance/comments/1ewarsu/how_to_navigate_a_poor_work_culture/,[masked],yes,r/careerguidance,Career & work
2022-04-12,I have career paralysis and have no idea what I want to do... any advice?,https://www.reddit.com/r/careerguidance/comments/u1gm02/i_have_career_paralysis_and_have_no_idea_what_i/,[masked],yes,r/careerguidance,Career & work
2021-06-13,Does anyone have any advice for finding a job 3 years after college when I’m not sure of what career path to take?,https://www.reddit.com/r/careerguidance/comments/nybsq7/does_anyone_have_any_advice_for_finding_a_job_3/,[masked],yes,r/careerguidance,Career & work
2021-12-05,Cannot find peace of mind because of career anxiety. what can I do?,https://www.reddit.com/r/careerguidance/comments/r8zzpm/cannot_find_peace_of_mind_because_of_career/,[masked],yes,r/careerguidance,Career & work
2021-12-02,[GA] Criminal background check after company acquisition,https://www.reddit.com/r/AskHR/comments/r6l5g0/ga_criminal_background_check_after_company/,[masked],yes,r/AskHR,Career & work
2020-04-14,What to get qualified in to get a job in IT?,https://www.reddit.com/r/careerguidance/comments/g13e0i/what_to_get_qualified_in_to_get_a_job_in_it/,[masked],yes,r/careerguidance,Career & work
2024-08-30,Moving for job?,https://www.reddit.com/r/careerguidance/comments/1f4aba6/moving_for_job/,[masked],yes,r/careerguidance,Career & work
2020-10-18,[NC] What are common compensation structures for technicians?,https://www.reddit.com/r/AskHR/comments/jd1hjq/nc_what_are_common_compensation_structures_for/,[masked],yes,r/AskHR,Career & work
2021-06-25,I am being given no work and I'm fed up of asking... What should I do?,https://www.reddit.com/r/careerguidance/comments/o7ppgb/i_am_being_given_no_work_and_im_fed_up_of_asking/,[masked],yes,r/careerguidance,Career & work
2024-01-13,How long do I have before they replace me ?,https://www.reddit.com/r/careerguidance/comments/1957evn/how_long_do_i_have_before_they_replace_me/,[masked],yes,r/careerguidance,Career & work
2022-12-28,How can I get rich as an mma fighter?,https://www.reddit.com/r/careerguidance/comments/zx87cb/how_can_i_get_rich_as_an_mma_fighter/,[masked],yes,r/careerguidance,Career & work
2020-12-15,"[MO] Employer Endangering myself and others, have alerted HR but they are rank and file with owner.",https://www.reddit.com/r/AskHR/comments/kdaz6n/mo_employer_endangering_myself_and_others_have/,[masked],yes,r/AskHR,Career & work
2023-07-09,[NY] Question About Non-Disparagement Clauses in Severance Agreement,https://www.reddit.com/r/AskHR/comments/14uxubi/ny_question_about_nondisparagement_clauses_in/,[masked],yes,r/AskHR,Career & work
2024-09-29,[ME] Manager recording and gossiping about his staff,https://www.reddit.com/r/AskHR/comments/1frl6r0/me_manager_recording_and_gossiping_about_his_staff/,[masked],yes,r/AskHR,Career & work
2020-04-15,Relationship disclosure at Amazon,https://www.reddit.com/r/AskHR/comments/g1iq9f/relationship_disclosure_at_amazon/,[masked],yes,r/AskHR,Career & work
2022-02-21,What are some genuinely good jobs that pay well?,https://www.reddit.com/r/careerguidance/comments/sxffnk/what_are_some_genuinely_good_jobs_that_pay_well/,[masked],yes,r/careerguidance,Career & work
2021-04-26,[VA] Being denied the option to opt into Short Term Disability,https://www.reddit.com/r/AskHR/comments/mylrp0/va_being_denied_the_option_to_opt_into_short_term/,[masked],yes,r/AskHR,Career & work
2021-08-18,Is leaving a job after 3 months too soon?,https://www.reddit.com/r/careerguidance/comments/p67zt3/is_leaving_a_job_after_3_months_too_soon/,[masked],yes,r/careerguidance,Career & work
2024-03-16,Which steps should i take as a marketing student to pursue a more social career path?,https://www.reddit.com/r/careerguidance/comments/1bfnnjl/which_steps_should_i_take_as_a_marketing_student/,[masked],yes,r/careerguidance,Career & work
2021-04-15,Taking on projects without qualified resource,https://www.reddit.com/r/consulting/comments/mrh4qu/taking_on_projects_without_qualified_resource/,[masked],yes,r/consulting,Career & work
2024-04-11,Which career direction?,https://www.reddit.com/r/careerguidance/comments/1c0yhde/which_career_direction/,[masked],yes,r/careerguidance,Career & work
2023-11-06,Leaving after one year?,https://www.reddit.com/r/consulting/comments/17p151g/leaving_after_one_year/,[masked],yes,r/consulting,Career & work
2023-10-28,Need to upgrade from Secretary...how?,https://www.reddit.com/r/careerguidance/comments/17hw69m/need_to_upgrade_from_secretaryhow/,[masked],yes,r/careerguidance,Career & work
2022-11-29,Should I text to the HR?,https://www.reddit.com/r/careerguidance/comments/z7nkpr/should_i_text_to_the_hr/,[masked],yes,r/careerguidance,Career & work
2023-07-24,[CA] Is this legal ? How do I go about this when/if it gets brought up to me ?,https://www.reddit.com/r/AskHR/comments/1584uqp/ca_is_this_legal_how_do_i_go_about_this_whenif_it/,[masked],yes,r/AskHR,Career & work
2022-10-17,"Partner struggling to leave dead-end job, what’s the path forward?",https://www.reddit.com/r/careerguidance/comments/y5lp0r/partner_struggling_to_leave_deadend_job_whats_the/,[masked],yes,r/careerguidance,Career & work
2023-05-13,Expressly asking folks to become professional mentors in management consulting; good idea?,https://www.reddit.com/r/consulting/comments/13g04m0/expressly_asking_folks_to_become_professional/,[masked],yes,r/consulting,Career & work
2020-01-03,Seeking practice specialization advice: At a promotion crossroads at a Big4 Tech /ACN/Capgemini firm,https://www.reddit.com/r/consulting/comments/ej8deq/seeking_practice_specialization_advice_at_a/,[masked],yes,r/consulting,Career & work
2024-03-14,[IL] Conflict of Interest?,https://www.reddit.com/r/AskHR/comments/1beewec/il_conflict_of_interest/,[masked],yes,r/AskHR,Career & work
2023-12-01,Should I go independent??,https://www.reddit.com/r/consulting/comments/188fb4h/should_i_go_independent/,[masked],yes,r/consulting,Career & work
2020-12-31,Work at a non profit NYC. Considering a career change or where to grow from my position?,https://www.reddit.com/r/careerguidance/comments/kngspt/work_at_a_non_profit_nyc_considering_a_career/,[masked],yes,r/careerguidance,Career & work
2023-02-01,[NC] How to express willingness to relocate in resume/cover letter?,https://www.reddit.com/r/AskHR/comments/10qew6m/nc_how_to_express_willingness_to_relocate_in/,[masked],yes,r/AskHR,Career & work
2023-08-08,What type of degree should I get for remote work?,https://www.reddit.com/r/careerguidance/comments/15l5ovg/what_type_of_degree_should_i_get_for_remote_work/,[masked],yes,r/careerguidance,Career & work
2022-11-10,What does dressing for the job that you want?,https://www.reddit.com/r/careerguidance/comments/yqnjva/what_does_dressing_for_the_job_that_you_want/,[masked],yes,r/careerguidance,Career & work
2020-03-31,Being laid off due to downturn in oil field with health issues.,https://www.reddit.com/r/AskHR/comments/fsfce8/being_laid_off_due_to_downturn_in_oil_field_with/,[masked],yes,r/AskHR,Career & work
2024-07-10,How do I address that I got laid off 1 month ago in interviews? ,https://www.reddit.com/r/careerguidance/comments/1dzf89b/how_do_i_address_that_i_got_laid_off_1_month_ago/,[masked],yes,r/careerguidance,Career & work
2020-06-02,Did I make a huge mistake by taking a new job?,https://www.reddit.com/r/careerguidance/comments/guyt7m/did_i_make_a_huge_mistake_by_taking_a_new_job/,[masked],yes,r/careerguidance,Career & work
2021-08-05,"I'm 25M, need advice with career starting on remote basis (IT or whatever, even &lt;minimum wage). So what should i do?",https://www.reddit.com/r/careerguidance/comments/oxwnrn/im_25m_need_advice_with_career_starting_on_remote/,[masked],yes,r/careerguidance,Career & work
2022-02-03,[In] How do I design Performance management system?,https://www.reddit.com/r/AskHR/comments/sjfwch/in_how_do_i_design_performance_management_system/,[masked],yes,r/AskHR,Career & work
2023-05-30,Find a new job where I can love my work or stay in the current job working without loving what I do?,https://www.reddit.com/r/careerguidance/comments/13v2z4a/find_a_new_job_where_i_can_love_my_work_or_stay/,[masked],yes,r/careerguidance,Career & work
2022-09-19,How to be confident with my career goals?,https://www.reddit.com/r/careerguidance/comments/xhnz26/how_to_be_confident_with_my_career_goals/,[masked],yes,r/careerguidance,Career & work
2023-12-15,"[FL] Need Advice - Workman's Comp, Work Restrictions, Limitations for Employee and Accommodations",https://www.reddit.com/r/AskHR/comments/18ithxx/fl_need_advice_workmans_comp_work_restrictions/,[masked],yes,r/AskHR,Career & work
2023-09-01,Not sure where this interview process is going. Super mixed signals [IL],https://www.reddit.com/r/AskHR/comments/166rdbq/not_sure_where_this_interview_process_is_going/,[masked],yes,r/AskHR,Career & work
2022-01-19,"Interviewed for a dream job in a new city. Don’t know if I’m ready for a big change, what to do?",https://www.reddit.com/r/careerguidance/comments/s7fsxu/interviewed_for_a_dream_job_in_a_new_city_dont/,[masked],yes,r/careerguidance,Career & work
2024-03-21,Can I ask my current employer to be a reference post-offer?,https://www.reddit.com/r/careerguidance/comments/1bjvzbq/can_i_ask_my_current_employer_to_be_a_reference/,[masked],yes,r/careerguidance,Career & work
2024-08-03,[NY] micromanager fired me. Should I still contact HR and share what i've been through?,https://www.reddit.com/r/AskHR/comments/1eihf0p/ny_micromanager_fired_me_should_i_still_contact/,[masked],yes,r/AskHR,Career & work
2021-10-07,Tips on learning how to avoid (or manage) politics in large corporate organisations?,https://www.reddit.com/r/consulting/comments/q2s2az/tips_on_learning_how_to_avoid_or_manage_politics/,[masked],yes,r/consulting,Career & work
2023-09-16,"Promoted into a Sr. role, are my salary expectations out of line?",https://www.reddit.com/r/careerguidance/comments/16jl5qd/promoted_into_a_sr_role_are_my_salary/,[masked],yes,r/careerguidance,Career & work
2020-09-03,How did consulting happen before Google?,https://www.reddit.com/r/consulting/comments/ilvfme/how_did_consulting_happen_before_google/,[masked],yes,r/consulting,Career & work
2020-02-20,HR is changing my rating,https://www.reddit.com/r/AskHR/comments/f6l495/hr_is_changing_my_rating/,[masked],yes,r/AskHR,Career & work
2021-03-18,Exit opportunity after 2 years in consulting,https://www.reddit.com/r/consulting/comments/m7febe/exit_opportunity_after_2_years_in_consulting/,[masked],yes,r/consulting,Career & work
2023-05-10,[SC] Trying to understand promotion/compensation,https://www.reddit.com/r/AskHR/comments/13ds4z3/sc_trying_to_understand_promotioncompensation/,[masked],yes,r/AskHR,Career & work
2020-08-19,I have a MS in mental health counseling. Is there anywhere else I can use this?,https://www.reddit.com/r/careerguidance/comments/ic4jvn/i_have_a_ms_in_mental_health_counseling_is_there/,[masked],yes,r/careerguidance,Career & work
2024-08-20,Which jobs pay the most and what should I do in uni/A Levels/College to pursue that?,https://www.reddit.com/r/careerguidance/comments/1ew7goa/which_jobs_pay_the_most_and_what_should_i_do_in/,[masked],yes,r/careerguidance,Career & work
2024-03-16,"[CO] I filed a complaint, a manager was demoted, now what?",https://www.reddit.com/r/AskHR/comments/1bfzu0r/co_i_filed_a_complaint_a_manager_was_demoted_now/,[masked],yes,r/AskHR,Career & work
2022-08-03,Restructuring consulting exit options? Need advice,https://www.reddit.com/r/consulting/comments/wf6qbg/restructuring_consulting_exit_options_need_advice/,[masked],yes,r/consulting,Career & work
2020-09-07,"Manager bully, proven not following policy. Should I pursue or leave alone?",https://www.reddit.com/r/AskHR/comments/inw2tq/manager_bully_proven_not_following_policy_should/,[masked],yes,r/AskHR,Career & work
2022-04-08,How do you “go get it” in a job without overstepping but being assertive?,https://www.reddit.com/r/careerguidance/comments/tyusao/how_do_you_go_get_it_in_a_job_without/,[masked],yes,r/careerguidance,Career & work
2020-06-12,How do I get an internship in college? (Econ),https://www.reddit.com/r/careerguidance/comments/h7dz2a/how_do_i_get_an_internship_in_college_econ/,[masked],yes,r/careerguidance,Career & work
2024-10-23,[MN] Manager cost me a dream job; not sure what to do,https://www.reddit.com/r/AskHR/comments/1g9mzbq/mn_manager_cost_me_a_dream_job_not_sure_what_to_do/,[masked],yes,r/AskHR,Career & work
2021-10-20,[FL] Phone screen/interview,https://www.reddit.com/r/AskHR/comments/qbgdws/fl_phone_screeninterview/,[masked],yes,r/AskHR,Career & work
2020-01-22,When is the right time to take a mental health day?,https://www.reddit.com/r/careerguidance/comments/escr3n/when_is_the_right_time_to_take_a_mental_health_day/,[masked],yes,r/careerguidance,Career & work
2020-08-26,Professional condolences,https://www.reddit.com/r/consulting/comments/igia5a/professional_condolences/,[masked],yes,r/consulting,Career & work
2022-02-20,[MI] Offer Negotiation,https://www.reddit.com/r/AskHR/comments/swpqb2/mi_offer_negotiation/,[masked],yes,r/AskHR,Career & work
2022-07-17,MBB consultant tired of sending emails back and forth to find open times to meet,https://www.reddit.com/r/consulting/comments/w0xiac/mbb_consultant_tired_of_sending_emails_back_and/,[masked],yes,r/consulting,Career & work
2020-04-12,Need Advice on Talking to HR About Toxic Boss,https://www.reddit.com/r/AskHR/comments/fzmft5/need_advice_on_talking_to_hr_about_toxic_boss/,[masked],yes,r/AskHR,Career & work
2022-09-14,[IA] Pregnancy and starting a new job.,https://www.reddit.com/r/AskHR/comments/xe2w89/ia_pregnancy_and_starting_a_new_job/,[masked],yes,r/AskHR,Career & work
2024-04-05,Should I quit freelance role that feels too easy to look for permanent position that excites me?,https://www.reddit.com/r/careerguidance/comments/1bwd8dc/should_i_quit_freelance_role_that_feels_too_easy/,[masked],yes,r/careerguidance,Career & work
2023-05-31,"22 and don’t know what I want to do, could I guys help?",https://www.reddit.com/r/careerguidance/comments/13vxlqb/22_and_dont_know_what_i_want_to_do_could_i_guys/,[masked],yes,r/careerguidance,Career & work
2022-12-30,[PA] Will HR get involved?,https://www.reddit.com/r/AskHR/comments/zye6io/pa_will_hr_get_involved/,[masked],yes,r/AskHR,Career & work
2022-12-16,Where to from Project Management?,https://www.reddit.com/r/careerguidance/comments/znhg38/where_to_from_project_management/,[masked],yes,r/careerguidance,Career & work
2021-01-27,[CA] Dress code policy - Has my manager handled it well?,https://www.reddit.com/r/AskHR/comments/l5iyyd/ca_dress_code_policy_has_my_manager_handled_it/,[masked],yes,r/AskHR,Career & work
2024-11-23,What career path looks more promising? ,https://www.reddit.com/r/careerguidance/comments/1gxz1u1/what_career_path_looks_more_promising/,[masked],yes,r/careerguidance,Career & work
2021-03-15,What kind of job do I sound like I would be good in?,https://www.reddit.com/r/careerguidance/comments/m5bo6c/what_kind_of_job_do_i_sound_like_i_would_be_good/,[masked],yes,r/careerguidance,Career & work
2021-02-21,[CA] Do you always need to start at the bottom in a new industry?,https://www.reddit.com/r/AskHR/comments/lopo1z/ca_do_you_always_need_to_start_at_the_bottom_in_a/,[masked],yes,r/AskHR,Career & work
2021-05-18,Next steps - Aim to get into a Global Top 10 B-School?,https://www.reddit.com/r/careerguidance/comments/nf694d/next_steps_aim_to_get_into_a_global_top_10_bschool/,[masked],yes,r/careerguidance,Career & work
2023-10-05,"Feeling stuck, how to transition out of Fund Admin?",https://www.reddit.com/r/careerguidance/comments/16zsjtc/feeling_stuck_how_to_transition_out_of_fund_admin/,[masked],yes,r/careerguidance,Career & work
2022-08-22,Can my family live in Silicon Valley with this salary?,https://www.reddit.com/r/careerguidance/comments/wub2p8/can_my_family_live_in_silicon_valley_with_this/,[masked],yes,r/careerguidance,Career & work
2023-08-21,Preparing to negotiate salary in advance (early career)...help?,https://www.reddit.com/r/consulting/comments/15wiaro/preparing_to_negotiate_salary_in_advance_early/,[masked],yes,r/consulting,Career & work
2023-01-08,How can I completely switch careers from teaching math?,https://www.reddit.com/r/careerguidance/comments/105xqqd/how_can_i_completely_switch_careers_from_teaching/,[masked],yes,r/careerguidance,Career & work
2024-05-31,"(long post) I'm 30 in California with only food service experience and no college education, what career path should I choose? ",https://www.reddit.com/r/careerguidance/comments/1d4eplm/long_post_im_30_in_california_with_only_food/,[masked],yes,r/careerguidance,Career & work
2024-09-09,[VA] How do I report issues with my boss to HR...while working in HR,https://www.reddit.com/r/AskHR/comments/1fcdoql/va_how_do_i_report_issues_with_my_boss_to_hrwhile/,[masked],yes,r/AskHR,Career & work
2022-02-23,Would you hire a foreigner that studied in your country?,https://www.reddit.com/r/careerguidance/comments/syt5i1/would_you_hire_a_foreigner_that_studied_in_your/,[masked],yes,r/careerguidance,Career & work
2022-06-03,[CA] Is a cover letter for a local county government agency worth it?,https://www.reddit.com/r/AskHR/comments/v3ecxm/ca_is_a_cover_letter_for_a_local_county/,[masked],yes,r/AskHR,Career & work
2020-06-11,Regrets?,https://www.reddit.com/r/consulting/comments/h0vcjk/regrets/,[masked],yes,r/consulting,Career & work
2021-10-12,Should i move to Project Logistics vs staying in HSE?,https://www.reddit.com/r/careerguidance/comments/q6lvf3/should_i_move_to_project_logistics_vs_staying_in/,[masked],yes,r/careerguidance,Career & work
2020-10-06,"Should I quit a contract position in my desired field for a better paying job somewhere in another, less desirable field?",https://www.reddit.com/r/careerguidance/comments/j5rqib/should_i_quit_a_contract_position_in_my_desired/,[masked],yes,r/careerguidance,Career & work
2020-05-29,What would you say is the most interesting career in psychology with good pay?,https://www.reddit.com/r/careerguidance/comments/gslye2/what_would_you_say_is_the_most_interesting_career/,[masked],yes,r/careerguidance,Career & work
2024-10-08,"Work isn't stressful right now, but I'm still burnt out",https://www.reddit.com/r/consulting/comments/1fye7oj/work_isnt_stressful_right_now_but_im_still_burnt/,[masked],yes,r/consulting,Career & work
2022-05-20,"Omitting experience off resume, will I be found out?",https://www.reddit.com/r/careerguidance/comments/utez9e/omitting_experience_off_resume_will_i_be_found_out/,[masked],yes,r/careerguidance,Career & work
2020-12-11,"got rejected for graduate program, any advice?",https://www.reddit.com/r/careerguidance/comments/kauztt/got_rejected_for_graduate_program_any_advice/,[masked],yes,r/careerguidance,Career & work
2021-11-19,"[IL] First Advantage background check, potential issue?",https://www.reddit.com/r/AskHR/comments/qwy7we/il_first_advantage_background_check_potential/,[masked],yes,r/AskHR,Career & work
2021-08-19,Which passion should I pursue?,https://www.reddit.com/r/careerguidance/comments/p7bj65/which_passion_should_i_pursue/,[masked],yes,r/careerguidance,Career & work
2020-05-02,Accounting services online? Which organization offer accounting services online?,https://www.reddit.com/r/careerguidance/comments/gc4lzk/accounting_services_online_which_organization/,[masked],yes,r/careerguidance,Career & work
2020-08-11,Ethical quandary?,https://www.reddit.com/r/consulting/comments/i7rmc2/ethical_quandary/,[masked],yes,r/consulting,Career & work
2022-06-19,Is it something wrong with me if I feel that I am wasting my time on weekend by not doing work?,https://www.reddit.com/r/consulting/comments/vfr0o4/is_it_something_wrong_with_me_if_i_feel_that_i_am/,[masked],yes,r/consulting,Career & work
2022-10-22,"[IL] Will having a MS in International Human Resources from France help or hurt me, should I return to the US?",https://www.reddit.com/r/AskHR/comments/yao40o/il_will_having_a_ms_in_international_human/,[masked],yes,r/AskHR,Career & work
2021-10-15,Glassdoor reviews dropping some red flags. Should I heed the warning before applying to a position?,https://www.reddit.com/r/careerguidance/comments/q84tis/glassdoor_reviews_dropping_some_red_flags_should/,[masked],yes,r/careerguidance,Career & work
2021-12-08,How to pivot from virtualization/data centre to public cloud?,https://www.reddit.com/r/consulting/comments/rbezl8/how_to_pivot_from_virtualizationdata_centre_to/,[masked],yes,r/consulting,Career & work
2022-10-26,Job-hopping tendencies continuing into my 30s?,https://www.reddit.com/r/careerguidance/comments/yd98cq/jobhopping_tendencies_continuing_into_my_30s/,[masked],yes,r/careerguidance,Career & work
2023-01-23,I need help. I want to make a change but not sure where to go or what to do. I'm a Custodian at a jr high school. Can I get some advice?,https://www.reddit.com/r/careerguidance/comments/10j0yps/i_need_help_i_want_to_make_a_change_but_not_sure/,[masked],yes,r/careerguidance,Career & work
2021-09-21,Asking for a comp increase due to increase in hours.,https://www.reddit.com/r/consulting/comments/ps7reb/asking_for_a_comp_increase_due_to_increase_in/,[masked],yes,r/consulting,Career & work
2024-12-19,Does anyone have experience with forced repayment of professional designation costs in the event of a layoff?,https://www.reddit.com/r/careerguidance/comments/1hh61z5/does_anyone_have_experience_with_forced_repayment/,[masked],yes,r/careerguidance,Career & work
2024-11-03,Working faster at MBB,https://www.reddit.com/r/consulting/comments/1gi06q9/working_faster_at_mbb/,[masked],yes,r/consulting,Career & work
2023-05-01,What should i do ?,https://www.reddit.com/r/careerguidance/comments/134kzxt/what_should_i_do/,[masked],yes,r/careerguidance,Career & work
2023-06-22,"If I receive an offer, is it okay to negotiate the ability to use *some* vacation days during probation before I accept?",https://www.reddit.com/r/careerguidance/comments/14fds39/if_i_receive_an_offer_is_it_okay_to_negotiate_the/,[masked],yes,r/careerguidance,Career & work
2024-02-18,[NY] Intern credit history background check for a data role in a financial company,https://www.reddit.com/r/AskHR/comments/1atmylc/ny_intern_credit_history_background_check_for_a/,[masked],yes,r/AskHR,Career & work
2024-01-14,Software Engineering or medicine ?,https://www.reddit.com/r/careerguidance/comments/195vw71/software_engineering_or_medicine/,[masked],yes,r/careerguidance,Career & work
2022-04-23,"21/M, Highschool Grad, no college, feels lost. Advice for next move?",https://www.reddit.com/r/careerguidance/comments/u9vmhm/21m_highschool_grad_no_college_feels_lost_advice/,[masked],yes,r/careerguidance,Career & work
2024-09-23,"[UK] Was my company's HR decision fair when I complained about missing out on a staff Xmas party, which is meant to be for all staff? [UK]",https://www.reddit.com/r/AskHR/comments/1fn119k/uk_was_my_companys_hr_decision_fair_when_i/,[masked],yes,r/AskHR,Career & work
2024-08-13,Need some advice. What does my boss mean?,https://www.reddit.com/r/careerguidance/comments/1eqxwhh/need_some_advice_what_does_my_boss_mean/,[masked],yes,r/careerguidance,Career & work
2024-07-24,What do you think about my consulting startup idea for SME (small-medium enterprises)?,https://www.reddit.com/r/consulting/comments/1eaw3nv/what_do_you_think_about_my_consulting_startup/,[masked],yes,r/consulting,Career & work
2020-04-08,CPA or CFA..or bachelor’s/MSA for non accounting undergrad with MBA? Desperate for advice.,https://www.reddit.com/r/careerguidance/comments/fx4zva/cpa_or_cfaor_bachelorsmsa_for_non_accounting/,[masked],yes,r/careerguidance,Career & work
2023-08-16,What might be a good career for me?,https://www.reddit.com/r/careerguidance/comments/15s7n9m/what_might_be_a_good_career_for_me/,[masked],yes,r/careerguidance,Career & work
2022-07-27,How to get an pid internship?,https://www.reddit.com/r/careerguidance/comments/w9i7t9/how_to_get_an_pid_internship/,[masked],yes,r/careerguidance,Career & work
2021-06-29,How to stop being bossed around by other departments?,https://www.reddit.com/r/careerguidance/comments/o9x29x/how_to_stop_being_bossed_around_by_other/,[masked],yes,r/careerguidance,Career & work
2024-03-18,Pick the job I enjoy or the job that will allow me to enjoy my life?,https://www.reddit.com/r/careerguidance/comments/1bh20ua/pick_the_job_i_enjoy_or_the_job_that_will_allow/,[masked],yes,r/careerguidance,Career & work
2020-04-02,Taking a Pay Cut for Coronavirus... Should I Do It?,https://www.reddit.com/r/careerguidance/comments/ftbemf/taking_a_pay_cut_for_coronavirus_should_i_do_it/,[masked],yes,r/careerguidance,Career & work
2024-04-06,[CAN] harassment,https://www.reddit.com/r/AskHR/comments/1bxeu18/can_harassment/,[masked],yes,r/AskHR,Career & work
2022-08-16,[DE] contingent offer,https://www.reddit.com/r/AskHR/comments/wpdccq/de_contingent_offer/,[masked],yes,r/AskHR,Career & work
2022-05-25,Client dropped my project,https://www.reddit.com/r/consulting/comments/uxb292/client_dropped_my_project/,[masked],yes,r/consulting,Career & work
2023-04-18,Can I let a recruiter know that I am interested in another position after receiving an interview?,https://www.reddit.com/r/careerguidance/comments/12pwxde/can_i_let_a_recruiter_know_that_i_am_interested/,[masked],yes,r/careerguidance,Career & work
2023-07-18,What dual degree pairs good with marketing?,https://www.reddit.com/r/careerguidance/comments/152jlwg/what_dual_degree_pairs_good_with_marketing/,[masked],yes,r/careerguidance,Career & work
2024-07-20,[IN] Sudden internship termination,https://www.reddit.com/r/AskHR/comments/1e7rjq7/in_sudden_internship_termination/,[masked],yes,r/AskHR,Career & work
2022-05-09,State of the Job Market and Exiting Now,https://www.reddit.com/r/consulting/comments/ul7wc4/state_of_the_job_market_and_exiting_now/,[masked],yes,r/consulting,Career & work
2021-06-16,Should I contact hiring manager for internal position to further express my interest?,https://www.reddit.com/r/careerguidance/comments/o0i1k7/should_i_contact_hiring_manager_for_internal/,[masked],yes,r/careerguidance,Career & work
2020-03-13,"A job with flight beinifits, or focus on my career?",https://www.reddit.com/r/careerguidance/comments/fhiliu/a_job_with_flight_beinifits_or_focus_on_my_career/,[masked],yes,r/careerguidance,Career & work
2020-10-04,Reinventing my career. Any advice on getting into staff accounting?,https://www.reddit.com/r/careerguidance/comments/j4taux/reinventing_my_career_any_advice_on_getting_into/,[masked],yes,r/careerguidance,Career & work
2020-03-28,Starting next week; tips and suggestion in unprecedented times,https://www.reddit.com/r/consulting/comments/fqmmue/starting_next_week_tips_and_suggestion_in/,[masked],yes,r/consulting,Career & work
2022-11-06,Need Advice,https://www.reddit.com/r/consulting/comments/ymzvgc/need_advice/,[masked],yes,r/consulting,Career & work
2021-09-20,New grad BA but have been asked to take a Management Accountant role for my first ever project?,https://www.reddit.com/r/consulting/comments/prt8j7/new_grad_ba_but_have_been_asked_to_take_a/,[masked],yes,r/consulting,Career & work
2023-09-13,"Opportunity came up, what do to?",https://www.reddit.com/r/consulting/comments/16h8ksi/opportunity_came_up_what_do_to/,[masked],yes,r/consulting,Career & work
2020-10-07,"[CA] Issues with my supervisor, but I don't feel like I can trust my HR person enough to bring it up. What should I do?",https://www.reddit.com/r/AskHR/comments/j68j9z/ca_issues_with_my_supervisor_but_i_dont_feel_like/,[masked],yes,r/AskHR,Career & work
2020-03-07,How can I get my consulting business subcontracted by a larger firm?,https://www.reddit.com/r/consulting/comments/fevvsa/how_can_i_get_my_consulting_business/,[masked],yes,r/consulting,Career & work
2022-10-06,annual review - ask for a raise even though I'm planning on leaving soon?,https://www.reddit.com/r/careerguidance/comments/xwn6pb/annual_review_ask_for_a_raise_even_though_im/,[masked],yes,r/careerguidance,Career & work
2022-11-11,I’m being targeted by workplace bullies. I finally said something to management today and I feel stupid [MI],https://www.reddit.com/r/AskHR/comments/ysbp4l/im_being_targeted_by_workplace_bullies_i_finally/,[masked],yes,r/AskHR,Career & work
2022-08-03,"Graduated in IT field but im tired of this field and i want to pursuit digital drawing, should i?",https://www.reddit.com/r/careerguidance/comments/welg7g/graduated_in_it_field_but_im_tired_of_this_field/,[masked],yes,r/careerguidance,Career & work
2022-06-08,"How is the career path for for implementation consultant for Oracle CX Cloud(Sales, Service..etc)?",https://www.reddit.com/r/consulting/comments/v7jnc6/how_is_the_career_path_for_for_implementation/,[masked],yes,r/consulting,Career & work
2024-11-08,Transitioning from tech to strategy consulting,https://www.reddit.com/r/consulting/comments/1glyxv9/transitioning_from_tech_to_strategy_consulting/,[masked],yes,r/consulting,Career & work
2021-02-27,Should I start looking for a new job or should I continue my career here knowing my opportunities will be limited moving forward?,https://www.reddit.com/r/careerguidance/comments/lthr6e/should_i_start_looking_for_a_new_job_or_should_i/,[masked],yes,r/careerguidance,Career & work
2024-10-03,Should I get my masters degree in Human Seevices with a concentration on Family and Marriage Counseling or Social Work? Or should I get a bachelor's degree in Human Relations Administration with a Minor in Business Administration? ,https://www.reddit.com/r/careerguidance/comments/1fvat85/should_i_get_my_masters_degree_in_human_seevices/,[masked],yes,r/careerguidance,Career & work
2023-02-16,Was fired. How to tackle this in interviews?,https://www.reddit.com/r/careerguidance/comments/1137b9q/was_fired_how_to_tackle_this_in_interviews/,[masked],yes,r/careerguidance,Career & work
2021-01-15,Seeking advice on dealing with industry transitioned consultant,https://www.reddit.com/r/consulting/comments/kxcavr/seeking_advice_on_dealing_with_industry/,[masked],yes,r/consulting,Career & work
2023-05-03,[WA] FMLA or L&I? My job really doesn't want me doing L&I.,https://www.reddit.com/r/AskHR/comments/1361hek/wa_fmla_or_li_my_job_really_doesnt_want_me_doing/,[masked],yes,r/AskHR,Career & work
2024-07-08,What are some short courses one can take (less than 6 months) to become certified in something that provides a livable wage in this economy?,https://www.reddit.com/r/careerguidance/comments/1dxptc1/what_are_some_short_courses_one_can_take_less/,[masked],yes,r/careerguidance,Career & work
2021-05-11,What do you people do about untimely emails and weekend calls?,https://www.reddit.com/r/consulting/comments/n9mj5n/what_do_you_people_do_about_untimely_emails_and/,[masked],yes,r/consulting,Career & work
2021-03-15,[UK] Advice on redundancy and applying for multiple jobs at the same company,https://www.reddit.com/r/AskHR/comments/m5ise9/uk_advice_on_redundancy_and_applying_for_multiple/,[masked],yes,r/AskHR,Career & work
2020-09-22,My CEO hates me and I just started working - What do I do?,https://www.reddit.com/r/careerguidance/comments/ix6h6d/my_ceo_hates_me_and_i_just_started_working_what/,[masked],yes,r/careerguidance,Career & work
2024-01-20,[TX] Worked an overnight shift that my job will not payout,https://www.reddit.com/r/AskHR/comments/19awmjj/tx_worked_an_overnight_shift_that_my_job_will_not/,[masked],yes,r/AskHR,Career & work
2022-01-22,TOP not work-related topics to talk with fellow consultants,https://www.reddit.com/r/consulting/comments/s9g6bb/top_not_workrelated_topics_to_talk_with_fellow/,[masked],yes,r/consulting,Career & work
2023-01-07,[UK] Asking for a copy of contract,https://www.reddit.com/r/AskHR/comments/1052osl/uk_asking_for_a_copy_of_contract/,[masked],yes,r/AskHR,Career & work
2020-06-16,"What happens if I fail a drug test? (Read post for clarification) [Arkansas, USA]",https://www.reddit.com/r/AskHR/comments/h9uuph/what_happens_if_i_fail_a_drug_test_read_post_for/,[masked],yes,r/AskHR,Career & work
2020-02-22,How can I quit my brand new job without screwing over my friend who got me the job?,https://www.reddit.com/r/careerguidance/comments/f7p818/how_can_i_quit_my_brand_new_job_without_screwing/,[masked],yes,r/careerguidance,Career & work
2022-11-18,Do you send thank you emails after a pre-screen phone call?,https://www.reddit.com/r/careerguidance/comments/yyfp4s/do_you_send_thank_you_emails_after_a_prescreen/,[masked],yes,r/careerguidance,Career & work
2024-08-30,"Job as a company turnarounder / ""rescuer""?",https://www.reddit.com/r/careerguidance/comments/1f4tp05/job_as_a_company_turnarounder_rescuer/,[masked],yes,r/careerguidance,Career & work
2023-06-26,Sophomore Summer Internship,https://www.reddit.com/r/consulting/comments/14itka8/sophomore_summer_internship/,[masked],yes,r/consulting,Career & work
2021-04-28,"Currently working as Technical Application Support Engineer, what other options do I have?",https://www.reddit.com/r/careerguidance/comments/n00i9a/currently_working_as_technical_application/,[masked],yes,r/careerguidance,Career & work
2021-06-28,How to Let Manager Know of Availability Changes?,https://www.reddit.com/r/careerguidance/comments/o93920/how_to_let_manager_know_of_availability_changes/,[masked],yes,r/careerguidance,Career & work
2020-09-28,Suspended after being accused of stealing[UK],https://www.reddit.com/r/AskHR/comments/j0y2th/suspended_after_being_accused_of_stealinguk/,[masked],yes,r/AskHR,Career & work
2021-05-02,How to get a job with a company like vice and/or make a career as a independent photojournalist?,https://www.reddit.com/r/careerguidance/comments/n2o1qn/how_to_get_a_job_with_a_company_like_vice_andor/,[masked],yes,r/careerguidance,Career & work
2023-12-30,Part time consulting / strategy,https://www.reddit.com/r/consulting/comments/18uft5v/part_time_consulting_strategy/,[masked],yes,r/consulting,Career & work
2021-01-12,[UK] Trying to break £30k - unsure of my next step as Business Development Specialist?,https://www.reddit.com/r/careerguidance/comments/kvf17f/uk_trying_to_break_30k_unsure_of_my_next_step_as/,[masked],yes,r/careerguidance,Career & work
2021-10-22,Eliminating the option to work from home with no explanation?,https://www.reddit.com/r/careerguidance/comments/qcz723/eliminating_the_option_to_work_from_home_with_no/,[masked],yes,r/careerguidance,Career & work
2020-12-26,Tips on how to ask for full remote before vaccine/back to office hits?,https://www.reddit.com/r/careerguidance/comments/kk9mk2/tips_on_how_to_ask_for_full_remote_before/,[masked],yes,r/careerguidance,Career & work
2021-05-27,I got a job offer but I don't think I'm qualified for the job. What should I do?,https://www.reddit.com/r/careerguidance/comments/nm383k/i_got_a_job_offer_but_i_dont_think_im_qualified/,[masked],yes,r/careerguidance,Career & work
2021-02-18,What do I need to do if I wanted to get into PA school with a bachelors degree in environmental engineering?,https://www.reddit.com/r/careerguidance/comments/lm1h8x/what_do_i_need_to_do_if_i_wanted_to_get_into_pa/,[masked],yes,r/careerguidance,Career & work
2020-05-18,Careers for Economic Majors (Commerce Degree)?,https://www.reddit.com/r/careerguidance/comments/glr07g/careers_for_economic_majors_commerce_degree/,[masked],yes,r/careerguidance,Career & work
2020-12-01,[CA] Boss unexpectedly cut hours down from FT to PT after taking COVID-19 test. Potential discrimination.,https://www.reddit.com/r/AskHR/comments/k4ml41/ca_boss_unexpectedly_cut_hours_down_from_ft_to_pt/,[masked],yes,r/AskHR,Career & work
2024-07-18,Stuck in a digi marketing rut and wanting to transition into tech. Any advice?,https://www.reddit.com/r/careerguidance/comments/1e68mdo/stuck_in_a_digi_marketing_rut_and_wanting_to/,[masked],yes,r/careerguidance,Career & work
2022-06-23,"Anyone ever had senior leadership or a manager take your ideas, implement them, while putting you down at the same time and going around misrepresenting your statements?",https://www.reddit.com/r/consulting/comments/vixvok/anyone_ever_had_senior_leadership_or_a_manager/,[masked],yes,r/consulting,Career & work
2021-08-03,More pay &amp; free time; or more impact and intrigue?,https://www.reddit.com/r/careerguidance/comments/owok41/more_pay_free_time_or_more_impact_and_intrigue/,[masked],yes,r/careerguidance,Career & work
2024-06-22,Considering a board of advisors for startup consulting firm,https://www.reddit.com/r/consulting/comments/1dltzrv/considering_a_board_of_advisors_for_startup/,[masked],yes,r/consulting,Career & work
2022-12-08,[CAN-AB] Reporting a boss,https://www.reddit.com/r/AskHR/comments/zfcvoz/canab_reporting_a_boss/,[masked],yes,r/AskHR,Career & work
2023-02-25,"I got a job offer but the starting salary was less then expected, should I try to negotiate?",https://www.reddit.com/r/careerguidance/comments/11axzws/i_got_a_job_offer_but_the_starting_salary_was/,[masked],yes,r/careerguidance,Career & work
2023-02-24,Do I tell my boss about my struggle with eating and food?,https://www.reddit.com/r/consulting/comments/11anlwc/do_i_tell_my_boss_about_my_struggle_with_eating/,[masked],yes,r/consulting,Career & work
2022-12-03,[CO] Withheld Traffic Ticket from Final Paycheck,https://www.reddit.com/r/AskHR/comments/zbaszo/co_withheld_traffic_ticket_from_final_paycheck/,[masked],yes,r/AskHR,Career & work
2020-10-21,Good in-between jobs for a mechanical engineer while I get my feet under me for a career change?,https://www.reddit.com/r/careerguidance/comments/jf2y33/good_inbetween_jobs_for_a_mechanical_engineer/,[masked],yes,r/careerguidance,Career & work
2023-10-08,Advise for a meeting about a workplace conflict [NL],https://www.reddit.com/r/AskHR/comments/1732o8y/advise_for_a_meeting_about_a_workplace_conflict_nl/,[masked],yes,r/AskHR,Career & work
2022-03-22,looking for pricing advice on AI service,https://www.reddit.com/r/consulting/comments/tk576g/looking_for_pricing_advice_on_ai_service/,[masked],yes,r/consulting,Career & work
2024-11-11,Question on pain points.,https://www.reddit.com/r/consulting/comments/1goed84/question_on_pain_points/,[masked],yes,r/consulting,Career & work
2020-01-06,More than I want or need to know,https://www.reddit.com/r/AskHR/comments/ekhnoq/more_than_i_want_or_need_to_know/,[masked],yes,r/AskHR,Career & work
2022-12-28,[FR] handling a toxic co-worker that got an in with upper management,https://www.reddit.com/r/AskHR/comments/zwqrs7/fr_handling_a_toxic_coworker_that_got_an_in_with/,[masked],yes,r/AskHR,Career & work
2022-07-25,[TX] boss told me no one wants me there.,https://www.reddit.com/r/AskHR/comments/w74wss/tx_boss_told_me_no_one_wants_me_there/,[masked],yes,r/AskHR,Career & work
2022-03-05,I'm about to put in my two weeks notice later this afternoon and I'm super nervous - any advice?,https://www.reddit.com/r/careerguidance/comments/t6rb0p/im_about_to_put_in_my_two_weeks_notice_later_this/,[masked],yes,r/careerguidance,Career & work
2020-07-06,Advice on Filing a Complaint,https://www.reddit.com/r/AskHR/comments/hm6ese/advice_on_filing_a_complaint/,[masked],yes,r/AskHR,Career & work
2021-11-27,"I'm starting a remote job soon, I never had a remote job before, do you guys have any tips for starting a remote job?",https://www.reddit.com/r/careerguidance/comments/r3a8e6/im_starting_a_remote_job_soon_i_never_had_a/,[masked],yes,r/careerguidance,Career & work
2022-10-08,To the point updates or a story to tell?,https://www.reddit.com/r/consulting/comments/xyl0ff/to_the_point_updates_or_a_story_to_tell/,[masked],yes,r/consulting,Career & work
2021-03-25,[UK] Fitness to work on Temp Contract,https://www.reddit.com/r/AskHR/comments/mcusma/uk_fitness_to_work_on_temp_contract/,[masked],yes,r/AskHR,Career & work
2022-12-10,Independent Consultant tax structure and setup: what to know?,https://www.reddit.com/r/consulting/comments/zh57sf/independent_consultant_tax_structure_and_setup/,[masked],yes,r/consulting,Career & work
2024-04-13,How do you deal with the anxiety of giving notice? ,https://www.reddit.com/r/careerguidance/comments/1c2sw6k/how_do_you_deal_with_the_anxiety_of_giving_notice/,[masked],yes,r/careerguidance,Career & work
2024-08-16,History Majors — What’s Your Career?,https://www.reddit.com/r/careerguidance/comments/1et9ce0/history_majors_whats_your_career/,[masked],yes,r/careerguidance,Career & work
2020-07-09,"Refrences are limited, now what?",https://www.reddit.com/r/AskHR/comments/hnr0iy/refrences_are_limited_now_what/,[masked],yes,r/AskHR,Career & work
2020-11-24,Welding vs Wind Energy Tech?,https://www.reddit.com/r/careerguidance/comments/jzs5jz/welding_vs_wind_energy_tech/,[masked],yes,r/careerguidance,Career & work
2024-05-01,Transitioning from Training & Coaching to Consulting,https://www.reddit.com/r/consulting/comments/1ch9zek/transitioning_from_training_coaching_to_consulting/,[masked],yes,r/consulting,Career & work
2024-05-05,"Managing someone for the first time on a consulting project, what are some general tips and advice you have? ",https://www.reddit.com/r/consulting/comments/1ckmcsi/managing_someone_for_the_first_time_on_a/,[masked],yes,r/consulting,Career & work
2023-12-15,Should I negotiate my pay rate?,https://www.reddit.com/r/careerguidance/comments/18ihccr/should_i_negotiate_my_pay_rate/,[masked],yes,r/careerguidance,Career & work
2020-11-15,What are some international careers/masters programs?,https://www.reddit.com/r/careerguidance/comments/ju5i98/what_are_some_international_careersmasters/,[masked],yes,r/careerguidance,Career & work
2024-06-12,Which career is better?,https://www.reddit.com/r/careerguidance/comments/1ddl9gh/which_career_is_better/,[masked],yes,r/careerguidance,Career & work
2024-09-24,Making dollars an hour less than my direct report! Should I stay or should I go?!,https://www.reddit.com/r/careerguidance/comments/1fobgdw/making_dollars_an_hour_less_than_my_direct_report/,[masked],yes,r/careerguidance,Career & work
2020-02-07,Fearful I am about to be fired. Can you give me some advice? Pls help,https://www.reddit.com/r/AskHR/comments/ezxf8h/fearful_i_am_about_to_be_fired_can_you_give_me/,[masked],yes,r/AskHR,Career & work
2021-11-30,"I'm halfway through a second Bachelor's degree, just got two jobs. Should I continue pursuing my second degree?",https://www.reddit.com/r/careerguidance/comments/r5q3ed/im_halfway_through_a_second_bachelors_degree_just/,[masked],yes,r/careerguidance,Career & work
2021-03-04,"[NC] For those of you going into the office on staggered schedules, what type of staggered is it?",https://www.reddit.com/r/AskHR/comments/lx4qle/nc_for_those_of_you_going_into_the_office_on/,[masked],yes,r/AskHR,Career & work
2021-10-18,Career Change Questions [MN],https://www.reddit.com/r/AskHR/comments/qaan5q/career_change_questions_mn/,[masked],yes,r/AskHR,Career & work
2021-08-19,Related careers? Help College student,https://www.reddit.com/r/careerguidance/comments/p72ea3/related_careers_help_college_student/,[masked],yes,r/careerguidance,Career & work
2020-05-12,Consulting - Behind The Scenes...,https://www.reddit.com/r/consulting/comments/ghsz2c/consulting_behind_the_scenes/,[masked],yes,r/consulting,Career & work
2022-01-22,What careers are in demand that aren't Medical or Tech?,https://www.reddit.com/r/careerguidance/comments/s9h3fy/what_careers_are_in_demand_that_arent_medical_or/,[masked],yes,r/careerguidance,Career & work
2022-10-25,[ME] Disability Honesty,https://www.reddit.com/r/AskHR/comments/yckukv/me_disability_honesty/,[masked],yes,r/AskHR,Career & work
2024-06-16,Software Engineering or stick with my car sales job?,https://www.reddit.com/r/careerguidance/comments/1dh8etv/software_engineering_or_stick_with_my_car_sales/,[masked],yes,r/careerguidance,Career & work
2024-10-25,What career path should I look into?,https://www.reddit.com/r/careerguidance/comments/1gbiowx/what_career_path_should_i_look_into/,[masked],yes,r/careerguidance,Career & work
2020-01-16,How do I go about job seeking with a few months only in current position.,https://www.reddit.com/r/AskHR/comments/epf1tr/how_do_i_go_about_job_seeking_with_a_few_months/,[masked],yes,r/AskHR,Career & work
2020-04-29,1st drug test ...kinda freaking out..any advice?,https://www.reddit.com/r/AskHR/comments/ga0epl/1st_drug_test_kinda_freaking_outany_advice/,[masked],yes,r/AskHR,Career & work
2021-02-27,"[CA] being required to take a drug/alcohol test prior to being hired -- I will not pass for marijuana, can this prevent me from being hired?",https://www.reddit.com/r/AskHR/comments/lt7q54/ca_being_required_to_take_a_drugalcohol_test/,[masked],yes,r/AskHR,Career & work
2020-01-03,Where do I start for self educating in a job that I have a decent amount of free time?,https://www.reddit.com/r/careerguidance/comments/ej4nrr/where_do_i_start_for_self_educating_in_a_job_that/,[masked],yes,r/careerguidance,Career & work
2022-08-31,How to bring up FT to PT switch to new boss?,https://www.reddit.com/r/careerguidance/comments/x1q0od/how_to_bring_up_ft_to_pt_switch_to_new_boss/,[masked],yes,r/careerguidance,Career & work
2021-07-30,Consultants might like traveling - but it sucks for everyone else,https://www.reddit.com/r/consulting/comments/ougqmx/consultants_might_like_traveling_but_it_sucks_for/,[masked],yes,r/consulting,Career & work
2024-07-11,I am back to square one can anyone help?,https://www.reddit.com/r/careerguidance/comments/1e01ltk/i_am_back_to_square_one_can_anyone_help/,[masked],yes,r/careerguidance,Career & work
2024-03-29,[MN] FMLA (how to request and intermo),https://www.reddit.com/r/AskHR/comments/1bq8lr5/mn_fmla_how_to_request_and_intermo/,[masked],yes,r/AskHR,Career & work
2024-10-23,[NC] Returning to work after an injury,https://www.reddit.com/r/AskHR/comments/1g9rrvi/nc_returning_to_work_after_an_injury/,[masked],yes,r/AskHR,Career & work
2022-05-02,[RI] How does one transition from senior manager to director?,https://www.reddit.com/r/AskHR/comments/ugd1lh/ri_how_does_one_transition_from_senior_manager_to/,[masked],yes,r/AskHR,Career & work
2022-05-20,should I communicate salary expectations change?,https://www.reddit.com/r/consulting/comments/uti211/should_i_communicate_salary_expectations_change/,[masked],yes,r/consulting,Career & work
2023-08-07,What jobs would I be qualified for?,https://www.reddit.com/r/careerguidance/comments/15kn2xk/what_jobs_would_i_be_qualified_for/,[masked],yes,r/careerguidance,Career & work
2023-05-09,Interview techniques when last job was left due to toxicity (Ontario Canada)?,https://www.reddit.com/r/careerguidance/comments/13crk2h/interview_techniques_when_last_job_was_left_due/,[masked],yes,r/careerguidance,Career & work
2021-04-11,Teaching consulting tools to non-consultants,https://www.reddit.com/r/consulting/comments/mor8ct/teaching_consulting_tools_to_nonconsultants/,[masked],yes,r/consulting,Career & work
2023-07-19,[NY] Accomodations for a chronic illness,https://www.reddit.com/r/AskHR/comments/153iq20/ny_accomodations_for_a_chronic_illness/,[masked],yes,r/AskHR,Career & work
2022-03-18,Need help. Got a Google offer in advertising as an account executive. Currently at Tier 3 firm making around 150K with M looming.,https://www.reddit.com/r/consulting/comments/th30by/need_help_got_a_google_offer_in_advertising_as_an/,[masked],yes,r/consulting,Career & work
2021-10-20,"I think my boss is holding me back, advice??",https://www.reddit.com/r/careerguidance/comments/qbob4n/i_think_my_boss_is_holding_me_back_advice/,[masked],yes,r/careerguidance,Career & work
2023-12-15,Jobs after being in big4 consulting,https://www.reddit.com/r/consulting/comments/18inbye/jobs_after_being_in_big4_consulting/,[masked],yes,r/consulting,Career & work
2020-08-12,Can't decide between small partner role or new job offer in a huge company. What to do?,https://www.reddit.com/r/careerguidance/comments/i82d1s/cant_decide_between_small_partner_role_or_new_job/,[masked],yes,r/careerguidance,Career & work
2024-07-19,What can I do with my life?,https://www.reddit.com/r/careerguidance/comments/1e6ju3d/what_can_i_do_with_my_life/,[masked],yes,r/careerguidance,Career & work
2020-03-02,Choose my life path?,https://www.reddit.com/r/careerguidance/comments/fcczss/choose_my_life_path/,[masked],yes,r/careerguidance,Career & work
2021-03-23,"[NY] Invited for a second interview for a new position, when should I mention this to my supervisor?",https://www.reddit.com/r/AskHR/comments/mbc8vl/ny_invited_for_a_second_interview_for_a_new/,[masked],yes,r/AskHR,Career & work
2024-10-15,Any career advice for my wife after 10-years in early childhood development?,https://www.reddit.com/r/careerguidance/comments/1g4ao7q/any_career_advice_for_my_wife_after_10years_in/,[masked],yes,r/careerguidance,Career & work
2023-02-02,[UK] HR formal complaint - guidance,https://www.reddit.com/r/AskHR/comments/10rrooh/uk_hr_formal_complaint_guidance/,[masked],yes,r/AskHR,Career & work
2020-07-23,ABB or a Startup ?,https://www.reddit.com/r/careerguidance/comments/hwdnh7/abb_or_a_startup/,[masked],yes,r/careerguidance,Career & work
2020-04-28,I agreed to a Right to Represent for a job from a recruiter (in email) 8 months ago. I’ve been reached out for a very similar sounding job. Can I take it?,https://www.reddit.com/r/careerguidance/comments/g9b6oj/i_agreed_to_a_right_to_represent_for_a_job_from_a/,[masked],yes,r/careerguidance,Career & work
2023-07-28,How much of a raise is typical after a year of work?,https://www.reddit.com/r/careerguidance/comments/15bwai7/how_much_of_a_raise_is_typical_after_a_year_of/,[masked],yes,r/careerguidance,Career & work
2020-07-25,Recent engineering graduate working in Big 4 audit with a slight existential crisis. Advice needed in picking a meaningful career?,https://www.reddit.com/r/careerguidance/comments/hxlgjm/recent_engineering_graduate_working_in_big_4/,[masked],yes,r/careerguidance,Career & work
2022-04-27,Do I take the chance of SAP certification even if I don't want to continue working in SAP?,https://www.reddit.com/r/careerguidance/comments/ud53pm/do_i_take_the_chance_of_sap_certification_even_if/,[masked],yes,r/careerguidance,Career & work
2021-02-23,What job can I do after being a postman?,https://www.reddit.com/r/careerguidance/comments/lpsttg/what_job_can_i_do_after_being_a_postman/,[masked],yes,r/careerguidance,Career & work
2024-07-08,What career should I choose ? ,https://www.reddit.com/r/careerguidance/comments/1dy8hff/what_career_should_i_choose/,[masked],yes,r/careerguidance,Career & work
2024-02-12,[TX] How many hours a week for therapy?,https://www.reddit.com/r/AskHR/comments/1ap30yb/tx_how_many_hours_a_week_for_therapy/,[masked],yes,r/AskHR,Career & work
2022-02-06,Any career recommendations for someone interested on pretty much everything and doesn't want to think about work outside work?,https://www.reddit.com/r/careerguidance/comments/slkp2r/any_career_recommendations_for_someone_interested/,[masked],yes,r/careerguidance,Career & work
2021-09-08,How to find more business consultants?,https://www.reddit.com/r/consulting/comments/pjrkw4/how_to_find_more_business_consultants/,[masked],yes,r/consulting,Career & work
2024-01-20,Advice on growing solo contracts into boutique firm?,https://www.reddit.com/r/consulting/comments/19b5ew0/advice_on_growing_solo_contracts_into_boutique/,[masked],yes,r/consulting,Career & work
2023-03-28,Careers for great salespeople who don't enjoy sales?,https://www.reddit.com/r/careerguidance/comments/1243eru/careers_for_great_salespeople_who_dont_enjoy_sales/,[masked],yes,r/careerguidance,Career & work
2021-03-18,"Aerospace Professional- Difficult choice, what to do?",https://www.reddit.com/r/careerguidance/comments/m7t2sw/aerospace_professional_difficult_choice_what_to_do/,[masked],yes,r/careerguidance,Career & work
2022-07-07,Public Sector Senior Manager being offered an internal role developing a consulting practice... very worried about leaving client service though. Any advice?,https://www.reddit.com/r/consulting/comments/vsuiqx/public_sector_senior_manager_being_offered_an/,[masked],yes,r/consulting,Career & work
2024-01-14,[GA] boss asked about my meds,https://www.reddit.com/r/AskHR/comments/1960sl5/ga_boss_asked_about_my_meds/,[masked],yes,r/AskHR,Career & work
2023-01-04,Switching from Financial IT consulting to Financial Engineer/Data Science,https://www.reddit.com/r/consulting/comments/1032f21/switching_from_financial_it_consulting_to/,[masked],yes,r/consulting,Career & work
2021-11-28,Is there something wrong with me?,https://www.reddit.com/r/careerguidance/comments/r44jc2/is_there_something_wrong_with_me/,[masked],yes,r/careerguidance,Career & work
2023-02-08,Consultants as 'experts'?,https://www.reddit.com/r/consulting/comments/10whkvh/consultants_as_experts/,[masked],yes,r/consulting,Career & work
2022-09-17,[CA] Need to let a long time employee go next week,https://www.reddit.com/r/AskHR/comments/xg8hu0/ca_need_to_let_a_long_time_employee_go_next_week/,[masked],yes,r/AskHR,Career & work
2022-10-18,[PA] Hostile Coworker What to do?,https://www.reddit.com/r/AskHR/comments/y6r72z/pa_hostile_coworker_what_to_do/,[masked],yes,r/AskHR,Career & work
2020-04-28,Never worked there..,https://www.reddit.com/r/AskHR/comments/g9625k/never_worked_there/,[masked],yes,r/AskHR,Career & work
2022-09-10,"How much leverage do I have here to ask for a ""counteroffer""?",https://www.reddit.com/r/careerguidance/comments/xapigr/how_much_leverage_do_i_have_here_to_ask_for_a/,[masked],yes,r/careerguidance,Career & work
2020-07-22,My job is taking a toll on my mental health and I can’t stop thinking about it.,https://www.reddit.com/r/AskHR/comments/hvo97c/my_job_is_taking_a_toll_on_my_mental_health_and_i/,[masked],yes,r/AskHR,Career & work
2021-08-27,Starting as Freelance DS/ML Consultant (or something like that),https://www.reddit.com/r/consulting/comments/pc827p/starting_as_freelance_dsml_consultant_or/,[masked],yes,r/consulting,Career & work
2020-02-11,Should I make the jump from Xamarin to ReactNative?,https://www.reddit.com/r/careerguidance/comments/f25oo4/should_i_make_the_jump_from_xamarin_to_reactnative/,[masked],yes,r/careerguidance,Career & work
2024-11-30,what should course should i take for my bachelor's degree??,https://www.reddit.com/r/consulting/comments/1h398bj/what_should_course_should_i_take_for_my_bachelors/,[masked],yes,r/consulting,Career & work
2023-08-19,Email interviewers after signing?,https://www.reddit.com/r/consulting/comments/15uqf6t/email_interviewers_after_signing/,[masked],yes,r/consulting,Career & work
2020-03-04,Anyone ever take a leave of absence for personal reasons?,https://www.reddit.com/r/consulting/comments/fd261x/anyone_ever_take_a_leave_of_absence_for_personal/,[masked],yes,r/consulting,Career & work
2022-10-19,What jobs should I apply for in the technology field with an associates degree?,https://www.reddit.com/r/careerguidance/comments/y7bakb/what_jobs_should_i_apply_for_in_the_technology/,[masked],yes,r/careerguidance,Career & work
2024-03-15,Investing Children’s Money,https://www.reddit.com/r/investing/comments/1best92/investing_childrens_money/,[masked],yes,r/investing,Financial & investment
2020-10-09,Are buying used tools better than new?,https://www.reddit.com/r/Frugal/comments/j80tcv/are_buying_used_tools_better_than_new/,[masked],yes,r/Frugal,Financial & investment
2020-03-12,Is there anything I can do with expensive dress shirts with bleached collars?,https://www.reddit.com/r/Frugal/comments/fh89gb/is_there_anything_i_can_do_with_expensive_dress/,[masked],yes,r/Frugal,Financial & investment
2020-03-24,Advice for spicing up the same meal,https://www.reddit.com/r/Frugal/comments/fo1s7x/advice_for_spicing_up_the_same_meal/,[masked],yes,r/Frugal,Financial & investment
2020-04-03,Quarantine has led to a flour shortage: What are your best baking suggestions for recipes that don't need any flour?,https://www.reddit.com/r/Frugal/comments/fu0zdq/quarantine_has_led_to_a_flour_shortage_what_are/,[masked],yes,r/Frugal,Financial & investment
2023-11-27,Advice on paying past due student loan balances with low credit score and no co-signer,https://www.reddit.com/r/personalfinance/comments/184t34m/advice_on_paying_past_due_student_loan_balances/,[masked],yes,r/personalfinance,Financial & investment
2023-06-06,Can someone help me develop an affordable grocery list and meal plan?,https://www.reddit.com/r/Frugal/comments/14216d1/can_someone_help_me_develop_an_affordable_grocery/,[masked],yes,r/Frugal,Financial & investment
2021-11-23,"(US) Selling our home, we are not buying again right away. What kind of account should we have the money sitting in for when we do buy a house again in 3 months or more?",https://www.reddit.com/r/personalfinance/comments/qzygys/us_selling_our_home_we_are_not_buying_again_right/,[masked],yes,r/personalfinance,Financial & investment
2021-09-10,Should I pay off my student loans when I retire,https://www.reddit.com/r/personalfinance/comments/plc8ps/should_i_pay_off_my_student_loans_when_i_retire/,[masked],yes,r/personalfinance,Financial & investment
2022-06-15,Credit Card Decisions,https://www.reddit.com/r/personalfinance/comments/vcjkz6/credit_card_decisions/,[masked],yes,r/personalfinance,Financial & investment
2024-09-02,Long-term investment for young investor with high risk appetite,https://www.reddit.com/r/personalfinance/comments/1f78vw6/longterm_investment_for_young_investor_with_high/,[masked],yes,r/personalfinance,Financial & investment
2022-08-15,how do I make my savings account significant within a couple of years?,https://www.reddit.com/r/personalfinance/comments/womlw4/how_do_i_make_my_savings_account_significant/,[masked],yes,r/personalfinance,Financial & investment
2020-02-27,About 10K in savings- what should I do?,https://www.reddit.com/r/personalfinance/comments/fa4cjp/about_10k_in_savings_what_should_i_do/,[masked],yes,r/personalfinance,Financial & investment
2021-04-12,How should I calculate how much house I can afford.,https://www.reddit.com/r/personalfinance/comments/mox303/how_should_i_calculate_how_much_house_i_can_afford/,[masked],yes,r/personalfinance,Financial & investment
2023-05-05,Gym membership about to be sent to collections,https://www.reddit.com/r/personalfinance/comments/138j345/gym_membership_about_to_be_sent_to_collections/,[masked],yes,r/personalfinance,Financial & investment
2022-01-05,Frugal Exercise,https://www.reddit.com/r/Frugal/comments/rwcpec/frugal_exercise/,[masked],yes,r/Frugal,Financial & investment
2020-03-16,Married Filing Jointly - separating out who owes what on big tax liability,https://www.reddit.com/r/personalfinance/comments/fj9h9w/married_filing_jointly_separating_out_who_owes/,[masked],yes,r/personalfinance,Financial & investment
2020-03-10,Elderly/retiree is 50% in equities - what should she do instead?,https://www.reddit.com/r/personalfinance/comments/ffybor/elderlyretiree_is_50_in_equities_what_should_she/,[masked],yes,r/personalfinance,Financial & investment
2020-05-04,"Im am ""essential worker"" but make less then unemployment benefits.",https://www.reddit.com/r/personalfinance/comments/gd72vs/im_am_essential_worker_but_make_less_then/,[masked],yes,r/personalfinance,Financial & investment
2022-10-25,"Girlfriend and I split up but both names are on mortgage. She's willing to give me 100%, but lender won't allow us to remove her name?",https://www.reddit.com/r/personalfinance/comments/ycjyn1/girlfriend_and_i_split_up_but_both_names_are_on/,[masked],yes,r/personalfinance,Financial & investment
2022-05-17,Do I have a bad financial advisor?,https://www.reddit.com/r/investing/comments/ur3uyp/do_i_have_a_bad_financial_advisor/,[masked],yes,r/investing,Financial & investment
2022-02-21,Can you help me decide between Chip vs Circa5000 vs Plum vs other,https://www.reddit.com/r/personalfinance/comments/sx4gw6/can_you_help_me_decide_between_chip_vs_circa5000/,[masked],yes,r/personalfinance,Financial & investment
2024-01-02,Need Advice on Future Finance Plan,https://www.reddit.com/r/personalfinance/comments/18w2ibr/need_advice_on_future_finance_plan/,[masked],yes,r/personalfinance,Financial & investment
2024-07-25,How to make homemade curtains?,https://www.reddit.com/r/Frugal/comments/1ebmrvk/how_to_make_homemade_curtains/,[masked],yes,r/Frugal,Financial & investment
2023-09-13,Invest or save lump sum of money?,https://www.reddit.com/r/investing/comments/16hoxu4/invest_or_save_lump_sum_of_money/,[masked],yes,r/investing,Financial & investment
2020-01-17,"I’ve never invested before, and my dad is offering to let me hop onto one of his.",https://www.reddit.com/r/Frugal/comments/eppfi2/ive_never_invested_before_and_my_dad_is_offering/,[masked],yes,r/Frugal,Financial & investment
2023-08-30,Max my rent should be?,https://www.reddit.com/r/personalfinance/comments/165f94n/max_my_rent_should_be/,[masked],yes,r/personalfinance,Financial & investment
2024-06-30,30 year old coming into 100K - what should I consider? (US)  ,https://www.reddit.com/r/investing/comments/1driyx7/30_year_old_coming_into_100k_what_should_i/,[masked],yes,r/investing,Financial & investment
2022-10-01,The Merits Of A Pre-Made Grocery Store Meal,https://www.reddit.com/r/Frugal/comments/xsbzkw/the_merits_of_a_premade_grocery_store_meal/,[masked],yes,r/Frugal,Financial & investment
2022-11-29,Purchases tell a story,https://www.reddit.com/r/Frugal/comments/z7b9ql/purchases_tell_a_story/,[masked],yes,r/Frugal,Financial & investment
2021-06-29,Any other way to verify collections?,https://www.reddit.com/r/personalfinance/comments/o9u55l/any_other_way_to_verify_collections/,[masked],yes,r/personalfinance,Financial & investment
2020-01-18,How do I cancel my AutoNation Vehicle Protection Plan extended warranty? I am being given the runaround.,https://www.reddit.com/r/personalfinance/comments/eq6rxc/how_do_i_cancel_my_autonation_vehicle_protection/,[masked],yes,r/personalfinance,Financial & investment
2022-01-22,401k and HSA Contribution Amount Recommendation,https://www.reddit.com/r/personalfinance/comments/s9s50i/401k_and_hsa_contribution_amount_recommendation/,[masked],yes,r/personalfinance,Financial & investment
2020-05-22,The Compressor is going on my fridge. Any Tips to save money on a new purchase?,https://www.reddit.com/r/Frugal/comments/go7nq5/the_compressor_is_going_on_my_fridge_any_tips_to/,[masked],yes,r/Frugal,Financial & investment
2023-08-03,What stops companies overestimating their pricing power?,https://www.reddit.com/r/investing/comments/15gy51l/what_stops_companies_overestimating_their_pricing/,[masked],yes,r/investing,Financial & investment
2023-03-19,Beer alternatives,https://www.reddit.com/r/Frugal/comments/11vncvn/beer_alternatives/,[masked],yes,r/Frugal,Financial & investment
2022-09-14,Electric blankets will reduce my gas bills next winter,https://www.reddit.com/r/Frugal/comments/xdwz6p/electric_blankets_will_reduce_my_gas_bills_next/,[masked],yes,r/Frugal,Financial & investment
2024-05-09,Best potluck dishes that are crowd pleasers and frugal?,https://www.reddit.com/r/Frugal/comments/1cnki5n/best_potluck_dishes_that_are_crowd_pleasers_and/,[masked],yes,r/Frugal,Financial & investment
2023-10-26,Someone using similar info to mine and has debt collectors calling,https://www.reddit.com/r/personalfinance/comments/17gaq2o/someone_using_similar_info_to_mine_and_has_debt/,[masked],yes,r/personalfinance,Financial & investment
2022-08-14,What to eat on a budget when you don't have time to cook?,https://www.reddit.com/r/Frugal/comments/wnmd8i/what_to_eat_on_a_budget_when_you_dont_have_time/,[masked],yes,r/Frugal,Financial & investment
2022-07-21,Stick with crappy car loan or get new car??,https://www.reddit.com/r/personalfinance/comments/w44et5/stick_with_crappy_car_loan_or_get_new_car/,[masked],yes,r/personalfinance,Financial & investment
2020-10-22,What sectors do you prefer to invest in?,https://www.reddit.com/r/investing/comments/jfjdi5/what_sectors_do_you_prefer_to_invest_in/,[masked],yes,r/investing,Financial & investment
2024-05-30,Should I go to college or university ,https://www.reddit.com/r/personalfinance/comments/1d3trlp/should_i_go_to_college_or_university/,[masked],yes,r/personalfinance,Financial & investment
2023-02-24,3 Immediate family members &amp; 1 best friend all pregnant. Tips for baby shower gifts?,https://www.reddit.com/r/Frugal/comments/11aqlte/3_immediate_family_members_1_best_friend_all/,[masked],yes,r/Frugal,Financial & investment
2024-04-29,Does real estate even make sense anymore?,https://www.reddit.com/r/personalfinance/comments/1cfrvjv/does_real_estate_even_make_sense_anymore/,[masked],yes,r/personalfinance,Financial & investment
2020-06-16,What is the best mini washer/dryer out there that doesn't pull on electricity too much?,https://www.reddit.com/r/Frugal/comments/h9jcqn/what_is_the_best_mini_washerdryer_out_there_that/,[masked],yes,r/Frugal,Financial & investment
2024-12-09,Any way to legitimately make money quickly? Health issues ruined me,https://www.reddit.com/r/personalfinance/comments/1h9w2zu/any_way_to_legitimately_make_money_quickly_health/,[masked],yes,r/personalfinance,Financial & investment
2020-12-23,Moving to Save $160/month on Rent? Worth it?,https://www.reddit.com/r/Frugal/comments/kia5md/moving_to_save_160month_on_rent_worth_it/,[masked],yes,r/Frugal,Financial & investment
2021-04-06,Question regarding forced ambulance ride.,https://www.reddit.com/r/personalfinance/comments/mku3p1/question_regarding_forced_ambulance_ride/,[masked],yes,r/personalfinance,Financial & investment
2024-06-05,How do you deal with expensive office outings?,https://www.reddit.com/r/Frugal/comments/1d83l6s/how_do_you_deal_with_expensive_office_outings/,[masked],yes,r/Frugal,Financial & investment
2020-02-07,Need advice for potential types of jobs in Finance related field. Please help,https://www.reddit.com/r/personalfinance/comments/ezw4fi/need_advice_for_potential_types_of_jobs_in/,[masked],yes,r/personalfinance,Financial & investment
2023-02-09,frugal daytime Valentines date idea without just staying home?,https://www.reddit.com/r/Frugal/comments/10xajdh/frugal_daytime_valentines_date_idea_without_just/,[masked],yes,r/Frugal,Financial & investment
2024-02-27,Roth 401(k) Accidentally Rolled into Traditional Rollover IRA,https://www.reddit.com/r/personalfinance/comments/1b0uw89/roth_401k_accidentally_rolled_into_traditional/,[masked],yes,r/personalfinance,Financial & investment
2020-07-03,What to think about when cleaning out room?,https://www.reddit.com/r/Frugal/comments/hk9yqj/what_to_think_about_when_cleaning_out_room/,[masked],yes,r/Frugal,Financial & investment
2022-11-07,How do you analyze insider transactions and do you use in your investment process?,https://www.reddit.com/r/investing/comments/yoayg9/how_do_you_analyze_insider_transactions_and_do/,[masked],yes,r/investing,Financial & investment
2022-08-18,Frugal hive mind needed - collecting ideas of ways to insulate a space/save energy with little cost,https://www.reddit.com/r/Frugal/comments/wqz9xy/frugal_hive_mind_needed_collecting_ideas_of_ways/,[masked],yes,r/Frugal,Financial & investment
2021-03-21,Is it bad to use a bit over 30% of my credit limit?,https://www.reddit.com/r/personalfinance/comments/m9a60z/is_it_bad_to_use_a_bit_over_30_of_my_credit_limit/,[masked],yes,r/personalfinance,Financial & investment
2023-11-18,How to get to an 800+ credit score?,https://www.reddit.com/r/personalfinance/comments/17xm6af/how_to_get_to_an_800_credit_score/,[masked],yes,r/personalfinance,Financial & investment
2021-04-12,USPS Change Of Address Fee Additional Charges Set Up Like A SCAM,https://www.reddit.com/r/personalfinance/comments/mpdg2u/usps_change_of_address_fee_additional_charges_set/,[masked],yes,r/personalfinance,Financial & investment
2024-05-01,Laid off from high paying job. Don't know how I will manage my monthly living now.,https://www.reddit.com/r/personalfinance/comments/1ch6bbw/laid_off_from_high_paying_job_dont_know_how_i/,[masked],yes,r/personalfinance,Financial & investment
2024-02-19,President’s Day and other sales worth it?,https://www.reddit.com/r/Frugal/comments/1atxtfm/presidents_day_and_other_sales_worth_it/,[masked],yes,r/Frugal,Financial & investment
2022-01-16,Best brokerage for non-American residents who invest in the US?,https://www.reddit.com/r/investing/comments/s4rj17/best_brokerage_for_nonamerican_residents_who/,[masked],yes,r/investing,Financial & investment
2020-12-27,Next financial steps (diversification of company RSUs?),https://www.reddit.com/r/personalfinance/comments/kkn4tb/next_financial_steps_diversification_of_company/,[masked],yes,r/personalfinance,Financial & investment
2021-12-18,Need a new engine. Best path forward financially?,https://www.reddit.com/r/personalfinance/comments/rikx5m/need_a_new_engine_best_path_forward_financially/,[masked],yes,r/personalfinance,Financial & investment
2024-12-11,Need Advice where to park a few 100k to protect from inflation. ,https://www.reddit.com/r/investing/comments/1hbec7c/need_advice_where_to_park_a_few_100k_to_protect/,[masked],yes,r/investing,Financial & investment
2021-05-21,Question About Bankers Life or Symmetry Group Financial,https://www.reddit.com/r/personalfinance/comments/nh8vva/question_about_bankers_life_or_symmetry_group/,[masked],yes,r/personalfinance,Financial & investment
2022-11-17,younger investor in rentberry,https://www.reddit.com/r/investing/comments/yx6pnu/younger_investor_in_rentberry/,[masked],yes,r/investing,Financial & investment
2021-09-24,Resources/subs for frugal cooking?,https://www.reddit.com/r/Frugal/comments/pu0d7h/resourcessubs_for_frugal_cooking/,[masked],yes,r/Frugal,Financial & investment
2023-05-10,Does it make sense to buy overseas property and keep paying rent?,https://www.reddit.com/r/personalfinance/comments/13czquf/does_it_make_sense_to_buy_overseas_property_and/,[masked],yes,r/personalfinance,Financial & investment
2020-03-26,Tax obligations on 'profits' before I was vested?,https://www.reddit.com/r/personalfinance/comments/fozef0/tax_obligations_on_profits_before_i_was_vested/,[masked],yes,r/personalfinance,Financial & investment
2021-06-10,Does anyone just take profit at certain percentages no matter what?,https://www.reddit.com/r/investing/comments/nwe3qn/does_anyone_just_take_profit_at_certain/,[masked],yes,r/investing,Financial & investment
2021-05-20,Mortgage question,https://www.reddit.com/r/personalfinance/comments/nh14nw/mortgage_question/,[masked],yes,r/personalfinance,Financial & investment
2020-10-15,Best Cannabis play ETF?,https://www.reddit.com/r/investing/comments/jb8i73/best_cannabis_play_etf/,[masked],yes,r/investing,Financial & investment
2022-05-08,"People who invested in commodities before the crash started this year, how did you realize it was the right time? Did you also have investments in tech before the crash? Did you sell them off before investing in commodities? Which commodity etfs/stock would you recommend to cope with stagflation?",https://www.reddit.com/r/investing/comments/ukzly6/people_who_invested_in_commodities_before_the/,[masked],yes,r/investing,Financial & investment
2023-02-10,Talk to me about optional gift pools at work.,https://www.reddit.com/r/Frugal/comments/10y9vvy/talk_to_me_about_optional_gift_pools_at_work/,[masked],yes,r/Frugal,Financial & investment
2023-11-20,Selling at a loss for tax purposes,https://www.reddit.com/r/investing/comments/17z605x/selling_at_a_loss_for_tax_purposes/,[masked],yes,r/investing,Financial & investment
2023-08-27,Credit Card interest rates for those with excellent credit,https://www.reddit.com/r/personalfinance/comments/162q6ea/credit_card_interest_rates_for_those_with/,[masked],yes,r/personalfinance,Financial & investment
2024-08-21,What’s a good financial planning service for someone with little money and under $10k debt?,https://www.reddit.com/r/personalfinance/comments/1excmoz/whats_a_good_financial_planning_service_for/,[masked],yes,r/personalfinance,Financial & investment
2023-04-26,Best passive income with 60k,https://www.reddit.com/r/investing/comments/12z9fag/best_passive_income_with_60k/,[masked],yes,r/investing,Financial & investment
2021-12-12,Accident or scam? Stranger sent me money on Zelle,https://www.reddit.com/r/personalfinance/comments/reey20/accident_or_scam_stranger_sent_me_money_on_zelle/,[masked],yes,r/personalfinance,Financial & investment
2023-04-23,Do you think I should let go when someone hasn’t paid me back or I blaming myself for “losing money”?,https://www.reddit.com/r/Frugal/comments/12vmr5z/do_you_think_i_should_let_go_when_someone_hasnt/,[masked],yes,r/Frugal,Financial & investment
2024-01-18,Apartment hunting: In-unit laundry or shared facility?,https://www.reddit.com/r/Frugal/comments/199itws/apartment_hunting_inunit_laundry_or_shared/,[masked],yes,r/Frugal,Financial & investment
2024-10-01,Question about refinancing an auto loan,https://www.reddit.com/r/personalfinance/comments/1ft0dxs/question_about_refinancing_an_auto_loan/,[masked],yes,r/personalfinance,Financial & investment
2021-01-21,Is this low mileage '03 Pontiac Grand Am a good deal?,https://www.reddit.com/r/personalfinance/comments/l1mj0o/is_this_low_mileage_03_pontiac_grand_am_a_good/,[masked],yes,r/personalfinance,Financial & investment
2022-02-04,Liquify or just paranoia?,https://www.reddit.com/r/investing/comments/sjrd0j/liquify_or_just_paranoia/,[masked],yes,r/investing,Financial & investment
2022-08-24,Pension vs. 401k Option,https://www.reddit.com/r/personalfinance/comments/ww57bf/pension_vs_401k_option/,[masked],yes,r/personalfinance,Financial & investment
2022-09-18,"First car accident, should I file a claim or pay out of pocket?",https://www.reddit.com/r/personalfinance/comments/xh0vym/first_car_accident_should_i_file_a_claim_or_pay/,[masked],yes,r/personalfinance,Financial & investment
2023-06-28,"Disagree with payment ""past due"" characterization?",https://www.reddit.com/r/personalfinance/comments/14l2d8t/disagree_with_payment_past_due_characterization/,[masked],yes,r/personalfinance,Financial & investment
2024-04-06,Insurance Agent reached out to me 1 year after accident.,https://www.reddit.com/r/personalfinance/comments/1bwt31z/insurance_agent_reached_out_to_me_1_year_after/,[masked],yes,r/personalfinance,Financial & investment
2021-11-26,Shared ownership of a property,https://www.reddit.com/r/personalfinance/comments/r29os4/shared_ownership_of_a_property/,[masked],yes,r/personalfinance,Financial & investment
2021-04-17,What are some ways to save money when working from home?,https://www.reddit.com/r/Frugal/comments/mscall/what_are_some_ways_to_save_money_when_working/,[masked],yes,r/Frugal,Financial & investment
2024-07-18,"what is the best thing to do if your salary increases, start saving in stocks or pay of big student loan debts?",https://www.reddit.com/r/personalfinance/comments/1e5tfo9/what_is_the_best_thing_to_do_if_your_salary/,[masked],yes,r/personalfinance,Financial & investment
2024-01-15,What is a fair amount to pay back a loan from my parents?,https://www.reddit.com/r/personalfinance/comments/196qa4i/what_is_a_fair_amount_to_pay_back_a_loan_from_my/,[masked],yes,r/personalfinance,Financial & investment
2024-06-09,100k lump sum into FXAIX or VOO?,https://www.reddit.com/r/investing/comments/1dbbgr3/100k_lump_sum_into_fxaix_or_voo/,[masked],yes,r/investing,Financial & investment
2024-11-14,Does step 3 include paying off a mortgage? ,https://www.reddit.com/r/personalfinance/comments/1gquph7/does_step_3_include_paying_off_a_mortgage/,[masked],yes,r/personalfinance,Financial & investment
2022-08-02,Potential Investment Idea,https://www.reddit.com/r/personalfinance/comments/wds8ur/potential_investment_idea/,[masked],yes,r/personalfinance,Financial & investment
2022-12-29,Holding the Financial Industry Accountable: A Call for Greater Transparency and Integrity,https://www.reddit.com/r/investing/comments/zxu88l/holding_the_financial_industry_accountable_a_call/,[masked],yes,r/investing,Financial & investment
2022-07-23,Frugal gaming - A few tips and tricks and welcomeing new gamers,https://www.reddit.com/r/Frugal/comments/w669ee/frugal_gaming_a_few_tips_and_tricks_and/,[masked],yes,r/Frugal,Financial & investment
2023-09-06,How am I supposed to afford being relocated from my apartment?,https://www.reddit.com/r/personalfinance/comments/16bb3px/how_am_i_supposed_to_afford_being_relocated_from/,[masked],yes,r/personalfinance,Financial & investment
2022-10-28,When is the best time to replace furnace and condenser?,https://www.reddit.com/r/Frugal/comments/yez16u/when_is_the_best_time_to_replace_furnace_and/,[masked],yes,r/Frugal,Financial & investment
2024-08-05,"Im quitting my job and moving countries, but confused on what to do for 401k in terms of paying account fees vs roth conversion ",https://www.reddit.com/r/investing/comments/1ekol0j/im_quitting_my_job_and_moving_countries_but/,[masked],yes,r/investing,Financial & investment
2023-10-01,Anti-consumer users on company subreddits,https://www.reddit.com/r/Frugal/comments/16wr0z6/anticonsumer_users_on_company_subreddits/,[masked],yes,r/Frugal,Financial & investment
2024-06-08,19 y/o - Start investing with VOO?,https://www.reddit.com/r/investing/comments/1db1ypw/19_yo_start_investing_with_voo/,[masked],yes,r/investing,Financial & investment
2023-02-13,I want a HYSA with a bank who also has checking account option along with a good credit card. Who’s the one?,https://www.reddit.com/r/personalfinance/comments/111cf3y/i_want_a_hysa_with_a_bank_who_also_has_checking/,[masked],yes,r/personalfinance,Financial & investment
2024-08-08,How Do You Resist The Urge To Check On Your Positions Constantly When Investing Long Term?,https://www.reddit.com/r/investing/comments/1emhv76/how_do_you_resist_the_urge_to_check_on_your/,[masked],yes,r/investing,Financial & investment
2022-01-20,What is the Smartest Way to Take Out my 401k?,https://www.reddit.com/r/personalfinance/comments/s8k7ub/what_is_the_smartest_way_to_take_out_my_401k/,[masked],yes,r/personalfinance,Financial & investment
2023-09-12,How do I get over losing money?,https://www.reddit.com/r/investing/comments/16gu2pv/how_do_i_get_over_losing_money/,[masked],yes,r/investing,Financial & investment
2023-06-23,Best way to invest 15k cash,https://www.reddit.com/r/investing/comments/14gbjsd/best_way_to_invest_15k_cash/,[masked],yes,r/investing,Financial & investment
2023-03-02,Any tips on where to find decent but used furniture?,https://www.reddit.com/r/Frugal/comments/11fmwuu/any_tips_on_where_to_find_decent_but_used/,[masked],yes,r/Frugal,Financial & investment
2024-11-11,Protect 401k from Economic Downturn ,https://www.reddit.com/r/investing/comments/1goflsl/protect_401k_from_economic_downturn/,[masked],yes,r/investing,Financial & investment
2022-11-20,"Sell index funds, bonds that have made a small profit or sell the ones that are currently in loss",https://www.reddit.com/r/personalfinance/comments/yzskm2/sell_index_funds_bonds_that_have_made_a_small/,[masked],yes,r/personalfinance,Financial & investment
2020-11-27,"I’m 19 and about to open a chase credit card for students, what do I need to know?",https://www.reddit.com/r/personalfinance/comments/k1nvve/im_19_and_about_to_open_a_chase_credit_card_for/,[masked],yes,r/personalfinance,Financial & investment
2021-10-20,WellsFargo mortgage has been in forbearance for 18 months. They are now offering me Advance Loan Modification but will not specify if it is my only option. Thoughts?,https://www.reddit.com/r/personalfinance/comments/qbkhp2/wellsfargo_mortgage_has_been_in_forbearance_for/,[masked],yes,r/personalfinance,Financial & investment
2023-08-31,Would spending $2 daily on energy drinks for my mental health be considered justifiable ?,https://www.reddit.com/r/Frugal/comments/1662eh2/would_spending_2_daily_on_energy_drinks_for_my/,[masked],yes,r/Frugal,Financial & investment
2021-05-10,Switching back to contractor from full-time? Any suggestions?,https://www.reddit.com/r/personalfinance/comments/n8whga/switching_back_to_contractor_from_fulltime_any/,[masked],yes,r/personalfinance,Financial & investment
2022-01-10,"1 car couple - partner purchased car, should I help with car payments?",https://www.reddit.com/r/Frugal/comments/s0bnr8/1_car_couple_partner_purchased_car_should_i_help/,[masked],yes,r/Frugal,Financial & investment
2022-03-04,Call from debt collector for my dead grandma,https://www.reddit.com/r/personalfinance/comments/t5zerz/call_from_debt_collector_for_my_dead_grandma/,[masked],yes,r/personalfinance,Financial & investment
2020-08-31,Chase Bank just sent me an email for a credit card they are about to close due to inactivity. What is the best course of action?,https://www.reddit.com/r/personalfinance/comments/ijzhgt/chase_bank_just_sent_me_an_email_for_a_credit/,[masked],yes,r/personalfinance,Financial & investment
2023-07-20,Potentially receiving home free with a small caveat,https://www.reddit.com/r/personalfinance/comments/154fjnt/potentially_receiving_home_free_with_a_small/,[masked],yes,r/personalfinance,Financial & investment
2020-03-02,"Thoughts on powdered foods? (Huel, jimmy joy...)",https://www.reddit.com/r/Frugal/comments/fc6iic/thoughts_on_powdered_foods_huel_jimmy_joy/,[masked],yes,r/Frugal,Financial & investment
2023-01-12,Should I finance a new vehicle or purchase one in cash?,https://www.reddit.com/r/personalfinance/comments/109iyn2/should_i_finance_a_new_vehicle_or_purchase_one_in/,[masked],yes,r/personalfinance,Financial & investment
2020-10-07,"If anyone lives with an SO that is very wasteful with money, how do you deal with it?",https://www.reddit.com/r/Frugal/comments/j6ibu6/if_anyone_lives_with_an_so_that_is_very_wasteful/,[masked],yes,r/Frugal,Financial & investment
2021-05-04,What are frugal ways to get very cheap plane tickets?,https://www.reddit.com/r/Frugal/comments/n44ii5/what_are_frugal_ways_to_get_very_cheap_plane/,[masked],yes,r/Frugal,Financial & investment
2024-12-17,Need advice on if I should keep money in stocks. ,https://www.reddit.com/r/investing/comments/1hg6f2a/need_advice_on_if_i_should_keep_money_in_stocks/,[masked],yes,r/investing,Financial & investment
2021-02-02,Take debt settlement without having been sent to collections?,https://www.reddit.com/r/personalfinance/comments/lahi05/take_debt_settlement_without_having_been_sent_to/,[masked],yes,r/personalfinance,Financial & investment
2020-02-02,"Need to leave San Francisco ASAP, but about $3000 in debt.",https://www.reddit.com/r/personalfinance/comments/exinwy/need_to_leave_san_francisco_asap_but_about_3000/,[masked],yes,r/personalfinance,Financial & investment
2023-08-10,Payoff 401(k) Loan or Contribute to Backdoor Roth IRA,https://www.reddit.com/r/personalfinance/comments/15mpm95/payoff_401k_loan_or_contribute_to_backdoor_roth/,[masked],yes,r/personalfinance,Financial & investment
2020-10-13,So... what about christmas?,https://www.reddit.com/r/Frugal/comments/jaf6sc/so_what_about_christmas/,[masked],yes,r/Frugal,Financial & investment
2024-01-10,advice regarding first time vehicle financing?,https://www.reddit.com/r/personalfinance/comments/192pcvp/advice_regarding_first_time_vehicle_financing/,[masked],yes,r/personalfinance,Financial & investment
2024-03-26,Buying vs renting post grad in Boston… ,https://www.reddit.com/r/personalfinance/comments/1bnyo5s/buying_vs_renting_post_grad_in_boston/,[masked],yes,r/personalfinance,Financial & investment
2022-07-21,What are your go-to meals when it's too hot to cook?,https://www.reddit.com/r/Frugal/comments/w3zn4m/what_are_your_goto_meals_when_its_too_hot_to_cook/,[masked],yes,r/Frugal,Financial & investment
2024-12-06,meetup price and renewal issues,https://www.reddit.com/r/Frugal/comments/1h7fkyy/meetup_price_and_renewal_issues/,[masked],yes,r/Frugal,Financial & investment
2023-09-30,Husband wants to go from Vanguard to Edward Jones - good idea?,https://www.reddit.com/r/investing/comments/16vhb4d/husband_wants_to_go_from_vanguard_to_edward_jones/,[masked],yes,r/investing,Financial & investment
2021-04-26,"Never flown, want to take my son to Japan Super Mario Land, on a budget.",https://www.reddit.com/r/Frugal/comments/myj4rq/never_flown_want_to_take_my_son_to_japan_super/,[masked],yes,r/Frugal,Financial & investment
2023-02-25,"I have adhd, I’m in debt, and I need help",https://www.reddit.com/r/personalfinance/comments/11auyxn/i_have_adhd_im_in_debt_and_i_need_help/,[masked],yes,r/personalfinance,Financial & investment
2023-09-28,"Just moved to the US, don’t know what financial steps to take",https://www.reddit.com/r/personalfinance/comments/16u6osc/just_moved_to_the_us_dont_know_what_financial/,[masked],yes,r/personalfinance,Financial & investment
2022-03-31,"On medical leave, broke and in debt.. Help!",https://www.reddit.com/r/personalfinance/comments/tsr06w/on_medical_leave_broke_and_in_debt_help/,[masked],yes,r/personalfinance,Financial & investment
2024-12-19,How to feed my family for less than $700,https://www.reddit.com/r/Frugal/comments/1hh9vb4/how_to_feed_my_family_for_less_than_700/,[masked],yes,r/Frugal,Financial & investment
2023-05-22,I need help asking for a discount,https://www.reddit.com/r/Frugal/comments/13oiclt/i_need_help_asking_for_a_discount/,[masked],yes,r/Frugal,Financial & investment
2023-06-27,"Is ""Snowball"" a good book to read?",https://www.reddit.com/r/investing/comments/14kcenz/is_snowball_a_good_book_to_read/,[masked],yes,r/investing,Financial & investment
2024-02-18,Why is basic economy shunned when it could save so much money?,https://www.reddit.com/r/Frugal/comments/1at9tok/why_is_basic_economy_shunned_when_it_could_save/,[masked],yes,r/Frugal,Financial & investment
2022-12-13,What’s been your experience with peer-to-peer lending?,https://www.reddit.com/r/investing/comments/zkais0/whats_been_your_experience_with_peertopeer_lending/,[masked],yes,r/investing,Financial & investment
2024-01-10,Pay off low interest rate car or continue to save,https://www.reddit.com/r/personalfinance/comments/192minj/pay_off_low_interest_rate_car_or_continue_to_save/,[masked],yes,r/personalfinance,Financial & investment
2023-09-30,New York Life Roth IRA: flexible premium variable annuity iii,https://www.reddit.com/r/investing/comments/16vpl95/new_york_life_roth_ira_flexible_premium_variable/,[masked],yes,r/investing,Financial & investment
2020-05-16,My path to repairing my credit!,https://www.reddit.com/r/personalfinance/comments/gkjc8n/my_path_to_repairing_my_credit/,[masked],yes,r/personalfinance,Financial & investment
2020-07-18,Mom wants me to open a bank account so that she can store her money,https://www.reddit.com/r/personalfinance/comments/ht15jd/mom_wants_me_to_open_a_bank_account_so_that_she/,[masked],yes,r/personalfinance,Financial & investment
2020-07-01,Job change and medical insurance,https://www.reddit.com/r/personalfinance/comments/hix6mn/job_change_and_medical_insurance/,[masked],yes,r/personalfinance,Financial & investment
2021-03-05,"""Luxury"" EVs to consider and their pros / cons",https://www.reddit.com/r/Frugal/comments/lyc6z4/luxury_evs_to_consider_and_their_pros_cons/,[masked],yes,r/Frugal,Financial & investment
2024-04-17,How much of my savings should I invest? ,https://www.reddit.com/r/investing/comments/1c5sjew/how_much_of_my_savings_should_i_invest/,[masked],yes,r/investing,Financial & investment
2024-07-09,Washing Clothes,https://www.reddit.com/r/Frugal/comments/1dymrb2/washing_clothes/,[masked],yes,r/Frugal,Financial & investment
2023-11-21,Trying to figure out how to allocate and invest my money,https://www.reddit.com/r/investing/comments/180betg/trying_to_figure_out_how_to_allocate_and_invest/,[masked],yes,r/investing,Financial & investment
2021-12-06,Best way to improve awful credit?,https://www.reddit.com/r/personalfinance/comments/ra0j2c/best_way_to_improve_awful_credit/,[masked],yes,r/personalfinance,Financial & investment
2023-02-23,Home purchase question,https://www.reddit.com/r/personalfinance/comments/119oesp/home_purchase_question/,[masked],yes,r/personalfinance,Financial & investment
2021-10-24,Parents are mid-50s and want to start a solo 401k starting now. Advice please.,https://www.reddit.com/r/personalfinance/comments/qe834n/parents_are_mid50s_and_want_to_start_a_solo_401k/,[masked],yes,r/personalfinance,Financial & investment
2020-01-11,Over insured Car Insurance? Advice/Opinion.,https://www.reddit.com/r/personalfinance/comments/emzj24/over_insured_car_insurance_adviceopinion/,[masked],yes,r/personalfinance,Financial & investment
2020-09-12,Nutrient Dense non-perishable food?,https://www.reddit.com/r/Frugal/comments/ir5glp/nutrient_dense_nonperishable_food/,[masked],yes,r/Frugal,Financial & investment
2021-02-16,"I don't go out or have fun ever after graduation. I grew up dirt poor. So after college, all I do and care is work and save money and wait for the right time to move out. Is it normal for a 25 yo person? I don't have a group of friends either. Because work sucks all my energy away.",https://www.reddit.com/r/Frugal/comments/ll1fpr/i_dont_go_out_or_have_fun_ever_after_graduation_i/,[masked],yes,r/Frugal,Financial & investment
2023-06-16,Request: Tips to transition to being a frugal parent,https://www.reddit.com/r/Frugal/comments/14aoepq/request_tips_to_transition_to_being_a_frugal/,[masked],yes,r/Frugal,Financial & investment
2023-01-07,Should I use my bonus to max out my Roth IRA or put it into savings,https://www.reddit.com/r/personalfinance/comments/105dzwe/should_i_use_my_bonus_to_max_out_my_roth_ira_or/,[masked],yes,r/personalfinance,Financial & investment
2021-12-09,Employer offering 401k help.,https://www.reddit.com/r/personalfinance/comments/rc8077/employer_offering_401k_help/,[masked],yes,r/personalfinance,Financial & investment
2022-01-07,Secondhand shopping for children,https://www.reddit.com/r/Frugal/comments/rxpcf5/secondhand_shopping_for_children/,[masked],yes,r/Frugal,Financial & investment
2021-02-10,I Want to become frugal. Please help me.,https://www.reddit.com/r/Frugal/comments/lgbc6p/i_want_to_become_frugal_please_help_me/,[masked],yes,r/Frugal,Financial & investment
2022-12-01,I applied to an internal role and was told my starting salary will be lower than the publicly posted minimum,https://www.reddit.com/r/personalfinance/comments/z91zgs/i_applied_to_an_internal_role_and_was_told_my/,[masked],yes,r/personalfinance,Financial & investment
2022-12-15,How much should you spend on a first home?,https://www.reddit.com/r/investing/comments/zma1k5/how_much_should_you_spend_on_a_first_home/,[masked],yes,r/investing,Financial & investment
2024-12-23,"I'm being encouraged to take on my first salary position, what should I know before going into official talks and meetings?",https://www.reddit.com/r/personalfinance/comments/1hkbwi2/im_being_encouraged_to_take_on_my_first_salary/,[masked],yes,r/personalfinance,Financial & investment
2020-12-14,Is it insane to park money we're saving to buy a home in an S&amp;P 500 index fund?,https://www.reddit.com/r/personalfinance/comments/kcipmg/is_it_insane_to_park_money_were_saving_to_buy_a/,[masked],yes,r/personalfinance,Financial & investment
2023-04-03,Advice on how to smartly invest for child’s future,https://www.reddit.com/r/investing/comments/129tawn/advice_on_how_to_smartly_invest_for_childs_future/,[masked],yes,r/investing,Financial & investment
2023-11-28,Incentivizing a teen’s retirement savings,https://www.reddit.com/r/personalfinance/comments/185nwdo/incentivizing_a_teens_retirement_savings/,[masked],yes,r/personalfinance,Financial & investment
2021-06-09,How can you resist the urge to buy things you want?,https://www.reddit.com/r/Frugal/comments/nvb85c/how_can_you_resist_the_urge_to_buy_things_you_want/,[masked],yes,r/Frugal,Financial & investment
2022-12-16,Doctor’s Office Overestimating Bill and Demanding I Pay Upfront,https://www.reddit.com/r/personalfinance/comments/zmzlbk/doctors_office_overestimating_bill_and_demanding/,[masked],yes,r/personalfinance,Financial & investment
2021-06-30,New investor looking for advice and some discipline techniques,https://www.reddit.com/r/investing/comments/ob052l/new_investor_looking_for_advice_and_some/,[masked],yes,r/investing,Financial & investment
2023-10-10,Can Anyone live off 125$ a month for Food?,https://www.reddit.com/r/Frugal/comments/1741s8s/can_anyone_live_off_125_a_month_for_food/,[masked],yes,r/Frugal,Financial & investment
2020-01-25,Grocery budget help,https://www.reddit.com/r/Frugal/comments/etd9w0/grocery_budget_help/,[masked],yes,r/Frugal,Financial & investment
2024-08-01,Ways to make money with a bike?,https://www.reddit.com/r/Frugal/comments/1egwlnq/ways_to_make_money_with_a_bike/,[masked],yes,r/Frugal,Financial & investment
2024-07-11,Keep 100k in HYSA or move to VOO or half & half for max (safest) profit over 15 years?,https://www.reddit.com/r/investing/comments/1e0fwel/keep_100k_in_hysa_or_move_to_voo_or_half_half_for/,[masked],yes,r/investing,Financial & investment
2022-02-11,"Just need some opinions on these etfs, totally reposition my porfolio from growth to dividends.",https://www.reddit.com/r/investing/comments/spqj7u/just_need_some_opinions_on_these_etfs_totally/,[masked],yes,r/investing,Financial & investment
2021-04-28,Dont know what to do with my money,https://www.reddit.com/r/personalfinance/comments/n00eap/dont_know_what_to_do_with_my_money/,[masked],yes,r/personalfinance,Financial & investment
2023-08-28,Looking for ways to diversify/invest more of my money,https://www.reddit.com/r/investing/comments/16391vm/looking_for_ways_to_diversifyinvest_more_of_my/,[masked],yes,r/investing,Financial & investment
2021-01-20,Financial road to condo mortgage in SF without paying 6k/month,https://www.reddit.com/r/personalfinance/comments/l0rfjo/financial_road_to_condo_mortgage_in_sf_without/,[masked],yes,r/personalfinance,Financial & investment
2022-01-20,Ways to reward yourself that don't involve money or food?,https://www.reddit.com/r/Frugal/comments/s7tkb3/ways_to_reward_yourself_that_dont_involve_money/,[masked],yes,r/Frugal,Financial & investment
2020-10-16,Internet Sale - Seller Protection Questions,https://www.reddit.com/r/personalfinance/comments/jbswm1/internet_sale_seller_protection_questions/,[masked],yes,r/personalfinance,Financial & investment
2023-10-28,"Non-driver here, weighing expense of driving a car vs relying on Uber/Lyft in NYC?",https://www.reddit.com/r/personalfinance/comments/17iehty/nondriver_here_weighing_expense_of_driving_a_car/,[masked],yes,r/personalfinance,Financial & investment
2023-11-30,"401k Insights and Advice - Changing companies, what happens to my current 401k plan if new employer does not offer 401k currently?",https://www.reddit.com/r/investing/comments/186tfra/401k_insights_and_advice_changing_companies_what/,[masked],yes,r/investing,Financial & investment
2020-09-27,How do I get started being frugal? I find myself constantly overspending when I don’t really need the items?,https://www.reddit.com/r/Frugal/comments/j0rujt/how_do_i_get_started_being_frugal_i_find_myself/,[masked],yes,r/Frugal,Financial & investment
2021-03-02,Buy House or Pay Off Student Debt First?,https://www.reddit.com/r/personalfinance/comments/lw1obl/buy_house_or_pay_off_student_debt_first/,[masked],yes,r/personalfinance,Financial & investment
2021-09-30,Rental Assistance Advice?,https://www.reddit.com/r/personalfinance/comments/pydg9i/rental_assistance_advice/,[masked],yes,r/personalfinance,Financial & investment
2022-01-28,Is there a topic/industry/trend you wish you knew more about?,https://www.reddit.com/r/investing/comments/sepc92/is_there_a_topicindustrytrend_you_wish_you_knew/,[masked],yes,r/investing,Financial & investment
2024-09-20,Is Health Insurance Worth it?,https://www.reddit.com/r/Frugal/comments/1fksx81/is_health_insurance_worth_it/,[masked],yes,r/Frugal,Financial & investment
2020-09-22,Looking for recommendations on the future,https://www.reddit.com/r/personalfinance/comments/ix3kt5/looking_for_recommendations_on_the_future/,[masked],yes,r/personalfinance,Financial & investment
2022-12-04,Wants to payoff $25k in CC debts thru personal loan - is it a wise decision?,https://www.reddit.com/r/personalfinance/comments/zc3sv7/wants_to_payoff_25k_in_cc_debts_thru_personal/,[masked],yes,r/personalfinance,Financial & investment
2021-05-23,DIY pillow insert/cushion?,https://www.reddit.com/r/Frugal/comments/nivpc0/diy_pillow_insertcushion/,[masked],yes,r/Frugal,Financial & investment
2024-04-05,Can negotiating be possible with renting an apartment? ,https://www.reddit.com/r/Frugal/comments/1bw6no4/can_negotiating_be_possible_with_renting_an/,[masked],yes,r/Frugal,Financial & investment
2022-12-13,Being frugal with food bank gift: the struggle is real,https://www.reddit.com/r/Frugal/comments/zkfw0r/being_frugal_with_food_bank_gift_the_struggle_is/,[masked],yes,r/Frugal,Financial & investment
2020-07-13,Financial Advice Needed - Savings or Mortgage,https://www.reddit.com/r/personalfinance/comments/hq436o/financial_advice_needed_savings_or_mortgage/,[masked],yes,r/personalfinance,Financial & investment
2024-05-26,Sell and buy a trailer?,https://www.reddit.com/r/Frugal/comments/1d0ji9f/sell_and_buy_a_trailer/,[masked],yes,r/Frugal,Financial & investment
2022-04-17,Should I sell my car?,https://www.reddit.com/r/personalfinance/comments/u530ew/should_i_sell_my_car/,[masked],yes,r/personalfinance,Financial & investment
2024-04-27,"Personal Portfolio Outperforming, Wife Mad",https://www.reddit.com/r/investing/comments/1ce34l1/personal_portfolio_outperforming_wife_mad/,[masked],yes,r/investing,Financial & investment
2023-03-19,Need help with onions.,https://www.reddit.com/r/Frugal/comments/11v3sxn/need_help_with_onions/,[masked],yes,r/Frugal,Financial & investment
2020-03-11,Accountancy firm charging 3 times as much to close company than before,https://www.reddit.com/r/personalfinance/comments/fggte1/accountancy_firm_charging_3_times_as_much_to/,[masked],yes,r/personalfinance,Financial & investment
2024-10-15,10% cash or a set round number? ,https://www.reddit.com/r/investing/comments/1g3ojka/10_cash_or_a_set_round_number/,[masked],yes,r/investing,Financial & investment
2024-01-12,HELP! 19F How do I start investing in stocks? :),https://www.reddit.com/r/investing/comments/194vvq5/help_19f_how_do_i_start_investing_in_stocks/,[masked],yes,r/investing,Financial & investment
2020-04-29,How to invest 10k,https://www.reddit.com/r/personalfinance/comments/gaa9bt/how_to_invest_10k/,[masked],yes,r/personalfinance,Financial & investment
2024-02-11,Real estate strategy: which one is better?,https://www.reddit.com/r/investing/comments/1anugke/real_estate_strategy_which_one_is_better/,[masked],yes,r/investing,Financial & investment
2023-11-26,Retirement investments at 45 years old,https://www.reddit.com/r/investing/comments/183t2es/retirement_investments_at_45_years_old/,[masked],yes,r/investing,Financial & investment
2023-10-18,Can someone please help me figure this mess out?,https://www.reddit.com/r/personalfinance/comments/17a40ia/can_someone_please_help_me_figure_this_mess_out/,[masked],yes,r/personalfinance,Financial & investment
2023-11-22,Financial check in - about to pay off cars. What's next?,https://www.reddit.com/r/personalfinance/comments/180m8gg/financial_check_in_about_to_pay_off_cars_whats/,[masked],yes,r/personalfinance,Financial & investment
2024-12-29,Is this subreddit prejudiced against younger investors?,https://www.reddit.com/r/investing/comments/1hoqhyd/is_this_subreddit_prejudiced_against_younger/,[masked],yes,r/investing,Financial & investment
2023-09-18,Investing cash received for student loan,https://www.reddit.com/r/personalfinance/comments/16l5pnl/investing_cash_received_for_student_loan/,[masked],yes,r/personalfinance,Financial & investment
2021-02-20,Are expensive irons worth it?,https://www.reddit.com/r/Frugal/comments/lo79kd/are_expensive_irons_worth_it/,[masked],yes,r/Frugal,Financial & investment
2024-02-07,Hours about to be cut,https://www.reddit.com/r/Frugal/comments/1akhr1e/hours_about_to_be_cut/,[masked],yes,r/Frugal,Financial & investment
2020-07-22,Help! Collections agency is requiring notarized personal information/permissions before responding to debt validation letter.,https://www.reddit.com/r/personalfinance/comments/hvef5y/help_collections_agency_is_requiring_notarized/,[masked],yes,r/personalfinance,Financial & investment
2021-07-23,Spending more than I have..,https://www.reddit.com/r/Frugal/comments/opuf60/spending_more_than_i_have/,[masked],yes,r/Frugal,Financial & investment
2024-10-02,Want vs. Need ,https://www.reddit.com/r/Frugal/comments/1fu08d4/want_vs_need/,[masked],yes,r/Frugal,Financial & investment
2024-02-18,Loan against house. Home equity loan or ??,https://www.reddit.com/r/personalfinance/comments/1atdapj/loan_against_house_home_equity_loan_or/,[masked],yes,r/personalfinance,Financial & investment
2022-06-02,Can I afford to buy my mother's house?,https://www.reddit.com/r/personalfinance/comments/v37h11/can_i_afford_to_buy_my_mothers_house/,[masked],yes,r/personalfinance,Financial & investment
2020-09-01,Is security analysis worth reading in todays day and age?,https://www.reddit.com/r/investing/comments/iki40k/is_security_analysis_worth_reading_in_todays_day/,[masked],yes,r/investing,Financial & investment
2022-10-03,I have a dilemma on how I should plan my life?,https://www.reddit.com/r/personalfinance/comments/xty78t/i_have_a_dilemma_on_how_i_should_plan_my_life/,[masked],yes,r/personalfinance,Financial & investment
2021-01-13,Perpetually Poor,https://www.reddit.com/r/Frugal/comments/kw9kjf/perpetually_poor/,[masked],yes,r/Frugal,Financial & investment
2021-08-06,First Child and Investments,https://www.reddit.com/r/personalfinance/comments/oytdl4/first_child_and_investments/,[masked],yes,r/personalfinance,Financial & investment
2020-03-10,How to give away some savings in a hurry with least negative impact on recipients?,https://www.reddit.com/r/personalfinance/comments/fg1pq1/how_to_give_away_some_savings_in_a_hurry_with/,[masked],yes,r/personalfinance,Financial & investment
2021-04-22,Reconciling the Intelligent Investor with Current Bond yields.,https://www.reddit.com/r/investing/comments/mvwh0z/reconciling_the_intelligent_investor_with_current/,[masked],yes,r/investing,Financial & investment
2023-05-14,"Budget for a safe, reliable car for young drivers?",https://www.reddit.com/r/Frugal/comments/13gruvg/budget_for_a_safe_reliable_car_for_young_drivers/,[masked],yes,r/Frugal,Financial & investment
2021-12-04,How have you leveraged tiny costs to yield large advantages?,https://www.reddit.com/r/Frugal/comments/r8fqsi/how_have_you_leveraged_tiny_costs_to_yield_large/,[masked],yes,r/Frugal,Financial & investment
2024-01-13,No-Spend January (A WIN so far -- need some advice!),https://www.reddit.com/r/Frugal/comments/195a3nf/nospend_january_a_win_so_far_need_some_advice/,[masked],yes,r/Frugal,Financial & investment
2022-02-19,Energy efficient way to heat an all electric home?,https://www.reddit.com/r/Frugal/comments/svqcsh/energy_efficient_way_to_heat_an_all_electric_home/,[masked],yes,r/Frugal,Financial & investment
2022-02-13,Keeping a room safe from smells,https://www.reddit.com/r/Frugal/comments/sr2n79/keeping_a_room_safe_from_smells/,[masked],yes,r/Frugal,Financial & investment
2023-11-03,Im 24 and bought a house. Need budgeting advice,https://www.reddit.com/r/personalfinance/comments/17mv7xr/im_24_and_bought_a_house_need_budgeting_advice/,[masked],yes,r/personalfinance,Financial & investment
2021-03-25,Making the most of student loan deferral?,https://www.reddit.com/r/personalfinance/comments/mc9y27/making_the_most_of_student_loan_deferral/,[masked],yes,r/personalfinance,Financial & investment
2023-03-05,Dad telling me it's not worth it to get car repaired?,https://www.reddit.com/r/Frugal/comments/11iemt9/dad_telling_me_its_not_worth_it_to_get_car/,[masked],yes,r/Frugal,Financial & investment
2023-11-15,20k of debt.. what would you do?,https://www.reddit.com/r/personalfinance/comments/17vazfe/20k_of_debt_what_would_you_do/,[masked],yes,r/personalfinance,Financial & investment
2024-06-17,"Can my wife and I afford this mortgage, or will we be too house poor?",https://www.reddit.com/r/personalfinance/comments/1dhh9ms/can_my_wife_and_i_afford_this_mortgage_or_will_we/,[masked],yes,r/personalfinance,Financial & investment
2024-04-30,How to overcome the desire to make a large purchase? ,https://www.reddit.com/r/Frugal/comments/1cg3nyj/how_to_overcome_the_desire_to_make_a_large/,[masked],yes,r/Frugal,Financial & investment
2022-02-18,Expedite payoff of low interest student loan or invest?,https://www.reddit.com/r/personalfinance/comments/sv5291/expedite_payoff_of_low_interest_student_loan_or/,[masked],yes,r/personalfinance,Financial & investment
2023-02-25,What’s the better investment play: real estate or stock market,https://www.reddit.com/r/investing/comments/11b3z28/whats_the_better_investment_play_real_estate_or/,[masked],yes,r/investing,Financial & investment
2021-04-09,"I have $10,000 that I want to help grow for my parents retirement. What are my best options?",https://www.reddit.com/r/personalfinance/comments/mmwxfl/i_have_10000_that_i_want_to_help_grow_for_my/,[masked],yes,r/personalfinance,Financial & investment
2021-04-06,am I being cheap?,https://www.reddit.com/r/Frugal/comments/ml1cmj/am_i_being_cheap/,[masked],yes,r/Frugal,Financial & investment
2023-08-25,Stressed out about financing a car for the first time. Please tell me if I am missing anything,https://www.reddit.com/r/personalfinance/comments/1609ng4/stressed_out_about_financing_a_car_for_the_first/,[masked],yes,r/personalfinance,Financial & investment
2024-10-11,Financial gift for 14 year old family member,https://www.reddit.com/r/personalfinance/comments/1g1ajje/financial_gift_for_14_year_old_family_member/,[masked],yes,r/personalfinance,Financial & investment
2024-09-28,advice for tackling backlog of bills,https://www.reddit.com/r/personalfinance/comments/1frfk55/advice_for_tackling_backlog_of_bills/,[masked],yes,r/personalfinance,Financial & investment
2023-05-25,Need help weighing options to sell house or to rent it,https://www.reddit.com/r/personalfinance/comments/13r7wl8/need_help_weighing_options_to_sell_house_or_to/,[masked],yes,r/personalfinance,Financial & investment
2022-02-15,Father in law has a mortgage on his house and has not had home insurance for 7 years...,https://www.reddit.com/r/personalfinance/comments/st616i/father_in_law_has_a_mortgage_on_his_house_and_has/,[masked],yes,r/personalfinance,Financial & investment
2024-09-10,Can I issue a chargeback for a Service Provider who is offering a credit for next year?,https://www.reddit.com/r/personalfinance/comments/1fczv1z/can_i_issue_a_chargeback_for_a_service_provider/,[masked],yes,r/personalfinance,Financial & investment
2021-06-05,Anyone here grow up poor and now have issues spending money you have?,https://www.reddit.com/r/Frugal/comments/nsmf7c/anyone_here_grow_up_poor_and_now_have_issues/,[masked],yes,r/Frugal,Financial & investment
2021-12-08,Looking for investment ideas on loan and savings,https://www.reddit.com/r/personalfinance/comments/rbfbo3/looking_for_investment_ideas_on_loan_and_savings/,[masked],yes,r/personalfinance,Financial & investment
2023-10-31,Dual-Stream Budgeting,https://www.reddit.com/r/Frugal/comments/17k1qty/dualstream_budgeting/,[masked],yes,r/Frugal,Financial & investment
2020-04-10,Home purchase. Street sign misspelling?,https://www.reddit.com/r/personalfinance/comments/fy440e/home_purchase_street_sign_misspelling/,[masked],yes,r/personalfinance,Financial & investment
2024-06-09,Reupholster worth it?,https://www.reddit.com/r/Frugal/comments/1dbgqz3/reupholster_worth_it/,[masked],yes,r/Frugal,Financial & investment
2024-07-12,Buying a car or keeping the old,https://www.reddit.com/r/Frugal/comments/1e150ga/buying_a_car_or_keeping_the_old/,[masked],yes,r/Frugal,Financial & investment
2022-01-21,"Traveling a lot for work soon, how do I make the most of this?",https://www.reddit.com/r/Frugal/comments/s8nyzp/traveling_a_lot_for_work_soon_how_do_i_make_the/,[masked],yes,r/Frugal,Financial & investment
2023-03-01,Healthy for two on a tighter budget,https://www.reddit.com/r/Frugal/comments/11ewsz7/healthy_for_two_on_a_tighter_budget/,[masked],yes,r/Frugal,Financial & investment
2022-07-29,Ways to best prepare for most likely living very frugally post-grad?,https://www.reddit.com/r/Frugal/comments/wauiu2/ways_to_best_prepare_for_most_likely_living_very/,[masked],yes,r/Frugal,Financial & investment
2024-08-23,My parent has failed to remortgage our house. Can any one provide any suggestions?,https://www.reddit.com/r/personalfinance/comments/1eyp9ve/my_parent_has_failed_to_remortgage_our_house_can/,[masked],yes,r/personalfinance,Financial & investment
2024-07-04,How to improve finances in 1year?? ,https://www.reddit.com/r/personalfinance/comments/1dv7gjv/how_to_improve_finances_in_1year/,[masked],yes,r/personalfinance,Financial & investment
2021-10-06,American Express declined reinstatement,https://www.reddit.com/r/personalfinance/comments/q23bdj/american_express_declined_reinstatement/,[masked],yes,r/personalfinance,Financial & investment
2023-11-02,What makes one investment banker better than another? How is it possible that one is better than another?,https://www.reddit.com/r/investing/comments/17liz1n/what_makes_one_investment_banker_better_than/,[masked],yes,r/investing,Financial & investment
2020-07-18,A few questions about air conditioners and dehumidifiers.,https://www.reddit.com/r/Frugal/comments/ht8od3/a_few_questions_about_air_conditioners_and/,[masked],yes,r/Frugal,Financial & investment
2022-10-11,"[NY] I hired a CPA in Jan. to help me with 2020 and 2021 taxes. They've been unprofessional, unhelpful, and sent me copies of both returns but only charged for 1. Can I file the other?",https://www.reddit.com/r/personalfinance/comments/y1agys/ny_i_hired_a_cpa_in_jan_to_help_me_with_2020_and/,[masked],yes,r/personalfinance,Financial & investment
2022-12-15,Time and Money,https://www.reddit.com/r/Frugal/comments/zlwt2y/time_and_money/,[masked],yes,r/Frugal,Financial & investment
2021-09-03,Need help how to make the most out of purchasing a car.,https://www.reddit.com/r/Frugal/comments/pgm5t9/need_help_how_to_make_the_most_out_of_purchasing/,[masked],yes,r/Frugal,Financial & investment
2023-07-15,Why are a lot of places changing credit card payment policies?,https://www.reddit.com/r/personalfinance/comments/14znj6n/why_are_a_lot_of_places_changing_credit_card/,[masked],yes,r/personalfinance,Financial & investment
2024-05-22,How to survive without A.C in the summer ?,https://www.reddit.com/r/Frugal/comments/1cy12wt/how_to_survive_without_ac_in_the_summer/,[masked],yes,r/Frugal,Financial & investment
2021-10-29,First Budget out of college looking for a critique.,https://www.reddit.com/r/personalfinance/comments/qidxro/first_budget_out_of_college_looking_for_a_critique/,[masked],yes,r/personalfinance,Financial & investment
2022-12-15,Should I NOT invest in my company's ESPP to build up my emergency savings?,https://www.reddit.com/r/personalfinance/comments/zlxfjm/should_i_not_invest_in_my_companys_espp_to_build/,[masked],yes,r/personalfinance,Financial & investment
2022-08-24,What is the process of buying my parents house?,https://www.reddit.com/r/personalfinance/comments/wvywnl/what_is_the_process_of_buying_my_parents_house/,[masked],yes,r/personalfinance,Financial & investment
2022-07-07,How to make the most of a $500 amazon giftcard?,https://www.reddit.com/r/Frugal/comments/vt9g3l/how_to_make_the_most_of_a_500_amazon_giftcard/,[masked],yes,r/Frugal,Financial & investment
2024-12-13,Anything better than a 529?,https://www.reddit.com/r/investing/comments/1hd0ak4/anything_better_than_a_529/,[masked],yes,r/investing,Financial & investment
2022-07-20,Budget for Household Essentials,https://www.reddit.com/r/Frugal/comments/w34ei5/budget_for_household_essentials/,[masked],yes,r/Frugal,Financial & investment
2022-10-15,Young newly married couple without frugal role models. Where do we start?,https://www.reddit.com/r/Frugal/comments/y43f2l/young_newly_married_couple_without_frugal_role/,[masked],yes,r/Frugal,Financial & investment
2023-02-09,Recommendations on tax preparers from those with experience.,https://www.reddit.com/r/personalfinance/comments/10xvzr5/recommendations_on_tax_preparers_from_those_with/,[masked],yes,r/personalfinance,Financial & investment
2022-04-15,What should I do with my old AT&amp;T Retirement Savings Plan now that they've merged with Warner Media Discovery?,https://www.reddit.com/r/personalfinance/comments/u3nz6q/what_should_i_do_with_my_old_att_retirement/,[masked],yes,r/personalfinance,Financial & investment
2022-05-15,Collections for medical bill,https://www.reddit.com/r/personalfinance/comments/upraiv/collections_for_medical_bill/,[masked],yes,r/personalfinance,Financial & investment
2024-09-07,Should I buy a new laptop or save/invest the money instead?,https://www.reddit.com/r/Frugal/comments/1fb1vd0/should_i_buy_a_new_laptop_or_saveinvest_the_money/,[masked],yes,r/Frugal,Financial & investment
2021-09-04,Making hearty meal for 8$ a day?,https://www.reddit.com/r/Frugal/comments/phl3y2/making_hearty_meal_for_8_a_day/,[masked],yes,r/Frugal,Financial & investment
2024-04-26,What's the best route for a closed credit card due to late payments?,https://www.reddit.com/r/personalfinance/comments/1ccw7tk/whats_the_best_route_for_a_closed_credit_card_due/,[masked],yes,r/personalfinance,Financial & investment
2020-12-21,Taking Advantage of No 401k Withdrawal Penalty,https://www.reddit.com/r/personalfinance/comments/kh318u/taking_advantage_of_no_401k_withdrawal_penalty/,[masked],yes,r/personalfinance,Financial & investment
2024-08-28,Receiving offers on Pre-IPO shares,https://www.reddit.com/r/investing/comments/1f397ks/receiving_offers_on_preipo_shares/,[masked],yes,r/investing,Financial & investment
2024-10-16,I’m an independent contractor looking to rent for the 1st time. I’m stuck on “Employer Number” & “employer email” (not sure how to move forward),https://www.reddit.com/r/personalfinance/comments/1g4mw6e/im_an_independent_contractor_looking_to_rent_for/,[masked],yes,r/personalfinance,Financial & investment
2023-02-25,Electric Utility Bill,https://www.reddit.com/r/Frugal/comments/11bgn2a/electric_utility_bill/,[masked],yes,r/Frugal,Financial & investment
2024-11-09,What food can I cook that stays good for up to a month?,https://www.reddit.com/r/Frugal/comments/1gmnrap/what_food_can_i_cook_that_stays_good_for_up_to_a/,[masked],yes,r/Frugal,Financial & investment
2021-04-03,Help,https://www.reddit.com/r/Frugal/comments/mix97o/help/,[masked],yes,r/Frugal,Financial & investment
2023-03-10,Looking for affordable office clothes ASAP,https://www.reddit.com/r/Frugal/comments/11n3yls/looking_for_affordable_office_clothes_asap/,[masked],yes,r/Frugal,Financial & investment
2022-05-05,Pay now or pay over time?,https://www.reddit.com/r/personalfinance/comments/uib4cy/pay_now_or_pay_over_time/,[masked],yes,r/personalfinance,Financial & investment
2023-10-03,"I have $10,000 to invest...what should I do?",https://www.reddit.com/r/investing/comments/16y74gy/i_have_10000_to_investwhat_should_i_do/,[masked],yes,r/investing,Financial & investment
2023-09-27,What jobs are available for someone with no degree and no desire for college or trade school or anything that involves school at all?,https://www.reddit.com/r/personalfinance/comments/16tnsvc/what_jobs_are_available_for_someone_with_no/,[masked],yes,r/personalfinance,Financial & investment
2024-11-14,"Got some cash, but $30k in CC debt",https://www.reddit.com/r/personalfinance/comments/1gqjbzt/got_some_cash_but_30k_in_cc_debt/,[masked],yes,r/personalfinance,Financial & investment
2024-06-27,Need Advice on Moving Across the Country with My Partner and Helping My Mom,https://www.reddit.com/r/personalfinance/comments/1dp2pbj/need_advice_on_moving_across_the_country_with_my/,[masked],yes,r/personalfinance,Financial & investment
2022-09-15,I can't claim my insurance coz I was too far away from home when I got sick.,https://www.reddit.com/r/personalfinance/comments/xeet3n/i_cant_claim_my_insurance_coz_i_was_too_far_away/,[masked],yes,r/personalfinance,Financial & investment
2021-02-03,My main takeaway from this chaotic past week as a new investor: sometimes the juice ain't worth the squeeze,https://www.reddit.com/r/investing/comments/lbp1q3/my_main_takeaway_from_this_chaotic_past_week_as_a/,[masked],yes,r/investing,Financial & investment
2024-04-23,Regarding Home forbearance,https://www.reddit.com/r/personalfinance/comments/1cat502/regarding_home_forbearance/,[masked],yes,r/personalfinance,Financial & investment
2022-11-24,What kind of savings account do I need?,https://www.reddit.com/r/personalfinance/comments/z3mdpr/what_kind_of_savings_account_do_i_need/,[masked],yes,r/personalfinance,Financial & investment
2020-07-17,Is it better to buy a new Toyota Camry or buy like 6 thousand Toyota Camry and get it fixed it as needed?,https://www.reddit.com/r/Frugal/comments/hshovd/is_it_better_to_buy_a_new_toyota_camry_or_buy/,[masked],yes,r/Frugal,Financial & investment
2020-12-27,Does ESG focussed investing ACTUALLY perform?,https://www.reddit.com/r/investing/comments/kkntoz/does_esg_focussed_investing_actually_perform/,[masked],yes,r/investing,Financial & investment
2024-03-07,Inherited IRA Diversity,https://www.reddit.com/r/personalfinance/comments/1b88i42/inherited_ira_diversity/,[masked],yes,r/personalfinance,Financial & investment
2021-03-17,"What would prove better, financially, on a month to month payment: paying off my wife's debt or bringing my down to 10k?",https://www.reddit.com/r/personalfinance/comments/m719ev/what_would_prove_better_financially_on_a_month_to/,[masked],yes,r/personalfinance,Financial & investment
2023-10-15,Finance Car Problem/,https://www.reddit.com/r/personalfinance/comments/1780nb0/finance_car_problem/,[masked],yes,r/personalfinance,Financial & investment
2020-04-18,"What do investors want/need (documents, analytics, and stuff) from an app idea/start-up?",https://www.reddit.com/r/investing/comments/g376y7/what_do_investors_wantneed_documents_analytics/,[masked],yes,r/investing,Financial & investment
2023-12-25,International retail arbitrage?,https://www.reddit.com/r/Frugal/comments/18q1eb7/international_retail_arbitrage/,[masked],yes,r/Frugal,Financial & investment
2020-10-02,Is moving out a realistic option for me?,https://www.reddit.com/r/Frugal/comments/j3qua1/is_moving_out_a_realistic_option_for_me/,[masked],yes,r/Frugal,Financial & investment
2023-11-14,Mint had me believing we were doing a lot better than we are,https://www.reddit.com/r/personalfinance/comments/17uvdpk/mint_had_me_believing_we_were_doing_a_lot_better/,[masked],yes,r/personalfinance,Financial & investment
2024-08-29,What will be the best way to invest 150k-200k for future growth,https://www.reddit.com/r/investing/comments/1f3geqv/what_will_be_the_best_way_to_invest_150k200k_for/,[masked],yes,r/investing,Financial & investment
2023-06-10,College Student Wanting to Furnish Living Room and Dining Room on Budget,https://www.reddit.com/r/Frugal/comments/145up0x/college_student_wanting_to_furnish_living_room/,[masked],yes,r/Frugal,Financial & investment
2023-03-18,Where to save money for future goals and general budget advice,https://www.reddit.com/r/personalfinance/comments/11tyg59/where_to_save_money_for_future_goals_and_general/,[masked],yes,r/personalfinance,Financial & investment
2021-12-21,How to Handle Brothers Death,https://www.reddit.com/r/personalfinance/comments/rlgncu/how_to_handle_brothers_death/,[masked],yes,r/personalfinance,Financial & investment
2021-09-29,"About to leave job I’ve work at for over 20 years ,trying to understand what to do with pension if other job offers one also",https://www.reddit.com/r/personalfinance/comments/pxae39/about_to_leave_job_ive_work_at_for_over_20_years/,[masked],yes,r/personalfinance,Financial & investment
2023-07-08,How Much Should My Score Go Up?,https://www.reddit.com/r/personalfinance/comments/14tv8c5/how_much_should_my_score_go_up/,[masked],yes,r/personalfinance,Financial & investment
2021-01-08,What are your thoughts on SPCE?,https://www.reddit.com/r/investing/comments/ksk3z9/what_are_your_thoughts_on_spce/,[masked],yes,r/investing,Financial & investment
2024-05-29,Driving Vs. Uber,https://www.reddit.com/r/Frugal/comments/1d2zcp6/driving_vs_uber/,[masked],yes,r/Frugal,Financial & investment
2024-01-23,Early 20’s - How to Level Up Financially,https://www.reddit.com/r/personalfinance/comments/19d28bk/early_20s_how_to_level_up_financially/,[masked],yes,r/personalfinance,Financial & investment
2022-07-10,Not sure what to do with my IRA,https://www.reddit.com/r/personalfinance/comments/vvtcm0/not_sure_what_to_do_with_my_ira/,[masked],yes,r/personalfinance,Financial & investment
2022-01-07,Asking for genuine advice.,https://www.reddit.com/r/personalfinance/comments/ry8veq/asking_for_genuine_advice/,[masked],yes,r/personalfinance,Financial & investment
2024-11-29,Why is having a good FICO score important if it means you need to have a lot of open installment loans and revolving lines of credit?,https://www.reddit.com/r/personalfinance/comments/1h2oaxp/why_is_having_a_good_fico_score_important_if_it/,[masked],yes,r/personalfinance,Financial & investment
2022-04-05,My business is thriving and I need to start investing. How should I diversify?,https://www.reddit.com/r/investing/comments/twl525/my_business_is_thriving_and_i_need_to_start/,[masked],yes,r/investing,Financial & investment
2024-11-09,"I need to get two Wisdom Teeth removed, but I'm about to age out of my parents insurance and I'm broke",https://www.reddit.com/r/Frugal/comments/1gmqtno/i_need_to_get_two_wisdom_teeth_removed_but_im/,[masked],yes,r/Frugal,Financial & investment
2022-10-22,Roll Credit Card Debt into Mortgage?,https://www.reddit.com/r/personalfinance/comments/ya8x21/roll_credit_card_debt_into_mortgage/,[masked],yes,r/personalfinance,Financial & investment
2020-02-16,What gift would help my frugal lifestyle?,https://www.reddit.com/r/Frugal/comments/f4jwk8/what_gift_would_help_my_frugal_lifestyle/,[masked],yes,r/Frugal,Financial & investment
2022-07-19,What should I do with my side hustle money,https://www.reddit.com/r/personalfinance/comments/w24fsi/what_should_i_do_with_my_side_hustle_money/,[masked],yes,r/personalfinance,Financial & investment
2023-10-09,Is buying an investment property silly in today's market conditions?,https://www.reddit.com/r/investing/comments/173aknc/is_buying_an_investment_property_silly_in_todays/,[masked],yes,r/investing,Financial & investment
2020-06-03,Sharing how I plan and organize spending into three categories!,https://www.reddit.com/r/Frugal/comments/gvg5g3/sharing_how_i_plan_and_organize_spending_into/,[masked],yes,r/Frugal,Financial & investment
2022-09-24,Nuggets from chicken carcass?,https://www.reddit.com/r/Frugal/comments/xmonqm/nuggets_from_chicken_carcass/,[masked],yes,r/Frugal,Financial & investment
2020-11-03,"Tax issue at work: informal ""loan"" issued and now being canceled = tax event",https://www.reddit.com/r/personalfinance/comments/jmwrh2/tax_issue_at_work_informal_loan_issued_and_now/,[masked],yes,r/personalfinance,Financial & investment
2021-01-15,Can’t figure out why electric bill is so high!,https://www.reddit.com/r/Frugal/comments/kxl8gl/cant_figure_out_why_electric_bill_is_so_high/,[masked],yes,r/Frugal,Financial & investment
2020-02-18,"Buying a car, decision advice?",https://www.reddit.com/r/personalfinance/comments/f5kykm/buying_a_car_decision_advice/,[masked],yes,r/personalfinance,Financial & investment
2020-10-14,Should I Buy the Floor Model of a Bedframe?,https://www.reddit.com/r/Frugal/comments/jatvkc/should_i_buy_the_floor_model_of_a_bedframe/,[masked],yes,r/Frugal,Financial & investment
2023-10-12,Splitting rent in my 4bd rental as a couple,https://www.reddit.com/r/personalfinance/comments/1762xlu/splitting_rent_in_my_4bd_rental_as_a_couple/,[masked],yes,r/personalfinance,Financial & investment
2022-07-20,"If I go upside down on my car payment, what could I do?",https://www.reddit.com/r/personalfinance/comments/w3a11f/if_i_go_upside_down_on_my_car_payment_what_could/,[masked],yes,r/personalfinance,Financial & investment
2024-07-23,How to payoff CC debt by liquidating brokerage account?,https://www.reddit.com/r/personalfinance/comments/1e9q6t0/how_to_payoff_cc_debt_by_liquidating_brokerage/,[masked],yes,r/personalfinance,Financial & investment
2022-01-03,Late 30s in need of financial advice.,https://www.reddit.com/r/personalfinance/comments/rui7e9/late_30s_in_need_of_financial_advice/,[masked],yes,r/personalfinance,Financial & investment
2024-01-22,"Current Situation, feel like I’m not doing something right",https://www.reddit.com/r/personalfinance/comments/19cfrrf/current_situation_feel_like_im_not_doing/,[masked],yes,r/personalfinance,Financial & investment
2024-03-30,Keep rental or sell application ,https://www.reddit.com/r/personalfinance/comments/1br0bi6/keep_rental_or_sell_application/,[masked],yes,r/personalfinance,Financial & investment
2021-06-03,Need shipped thank you gift ideas,https://www.reddit.com/r/Frugal/comments/nqucsh/need_shipped_thank_you_gift_ideas/,[masked],yes,r/Frugal,Financial & investment
2022-07-11,I need to renovate my only bathroom.,https://www.reddit.com/r/Frugal/comments/vw2tjx/i_need_to_renovate_my_only_bathroom/,[masked],yes,r/Frugal,Financial & investment
2020-04-23,Help! Employer asking me to come into work one day a week to get me off Unemployment Benefits (NY),https://www.reddit.com/r/personalfinance/comments/g6hx0m/help_employer_asking_me_to_come_into_work_one_day/,[masked],yes,r/personalfinance,Financial & investment
2024-04-05,anxious to spend money after making a finance tracker,https://www.reddit.com/r/Frugal/comments/1bvyssb/anxious_to_spend_money_after_making_a_finance/,[masked],yes,r/Frugal,Financial & investment
2023-04-30,Is refinancing a lease a good idea?,https://www.reddit.com/r/personalfinance/comments/1330w69/is_refinancing_a_lease_a_good_idea/,[masked],yes,r/personalfinance,Financial & investment
2024-05-03,Nespresso pods vs Coffee grounds,https://www.reddit.com/r/Frugal/comments/1cja8cz/nespresso_pods_vs_coffee_grounds/,[masked],yes,r/Frugal,Financial & investment
2023-04-13,Utility Bill Question,https://www.reddit.com/r/Frugal/comments/12ju0wf/utility_bill_question/,[masked],yes,r/Frugal,Financial & investment
2024-06-06,Want to buy a house in future : need advice and tips!,https://www.reddit.com/r/personalfinance/comments/1d9fdpt/want_to_buy_a_house_in_future_need_advice_and_tips/,[masked],yes,r/personalfinance,Financial & investment
2021-10-23,"Fiance is buying my dad out of the house, best course of action for a mortgage?",https://www.reddit.com/r/personalfinance/comments/qdlggo/fiance_is_buying_my_dad_out_of_the_house_best/,[masked],yes,r/personalfinance,Financial & investment
2020-10-31,How often do you get a new cell phone?,https://www.reddit.com/r/Frugal/comments/jlahj3/how_often_do_you_get_a_new_cell_phone/,[masked],yes,r/Frugal,Financial & investment
2024-09-06,Mortgage Dilemma: 7Y APR vs 30Y Fixed,https://www.reddit.com/r/personalfinance/comments/1fa5nsw/mortgage_dilemma_7y_apr_vs_30y_fixed/,[masked],yes,r/personalfinance,Financial & investment
2023-09-19,how much should i put down on a used car?,https://www.reddit.com/r/personalfinance/comments/16mqpm0/how_much_should_i_put_down_on_a_used_car/,[masked],yes,r/personalfinance,Financial & investment
2024-01-15,37y/o Low income. I've done everything a weird way and I need help to sort myself out.,https://www.reddit.com/r/personalfinance/comments/1975wgm/37yo_low_income_ive_done_everything_a_weird_way/,[masked],yes,r/personalfinance,Financial & investment
2020-07-20,Small to mid cap growth stocks vs Large cap dividend stocks?,https://www.reddit.com/r/investing/comments/hu8hzf/small_to_mid_cap_growth_stocks_vs_large_cap/,[masked],yes,r/investing,Financial & investment
2020-01-30,Cheaper food for an hypoglycemic,https://www.reddit.com/r/Frugal/comments/evsidk/cheaper_food_for_an_hypoglycemic/,[masked],yes,r/Frugal,Financial & investment
2022-02-17,What uses less water: the dishwasher or filling a sink?,https://www.reddit.com/r/Frugal/comments/suear4/what_uses_less_water_the_dishwasher_or_filling_a/,[masked],yes,r/Frugal,Financial & investment
2021-01-07,What do you guys do with extra money after matching 401k and maxing out ROTH IRA?,https://www.reddit.com/r/personalfinance/comments/krxpsb/what_do_you_guys_do_with_extra_money_after/,[masked],yes,r/personalfinance,Financial & investment
2024-11-27,Tips for maximizing Black Friday savings?,https://www.reddit.com/r/Frugal/comments/1h0t1ki/tips_for_maximizing_black_friday_savings/,[masked],yes,r/Frugal,Financial & investment
2024-07-27,Sometimes trying to be frugal backfires.,https://www.reddit.com/r/Frugal/comments/1ed7yva/sometimes_trying_to_be_frugal_backfires/,[masked],yes,r/Frugal,Financial & investment
2023-03-02,Where to park $50k or so in Merrill Edge?,https://www.reddit.com/r/personalfinance/comments/11f9pac/where_to_park_50k_or_so_in_merrill_edge/,[masked],yes,r/personalfinance,Financial & investment
2023-12-19,Paying off mortgage vs investing,https://www.reddit.com/r/investing/comments/18lgufp/paying_off_mortgage_vs_investing/,[masked],yes,r/investing,Financial & investment
2021-11-18,How do I transition from an over-saver to a responsible spender?,https://www.reddit.com/r/personalfinance/comments/qweikl/how_do_i_transition_from_an_oversaver_to_a/,[masked],yes,r/personalfinance,Financial & investment
2024-12-07,"24 and skipping meals and meds, family has no idea",https://www.reddit.com/r/personalfinance/comments/1h8ahvg/24_and_skipping_meals_and_meds_family_has_no_idea/,[masked],yes,r/personalfinance,Financial & investment
2021-03-17,I’m planning in leaving the country,https://www.reddit.com/r/Frugal/comments/m6hjj1/im_planning_in_leaving_the_country/,[masked],yes,r/Frugal,Financial & investment
2022-12-22,Looking for advice on how to best utilize cash for debt / investment,https://www.reddit.com/r/personalfinance/comments/zru021/looking_for_advice_on_how_to_best_utilize_cash/,[masked],yes,r/personalfinance,Financial & investment
2020-11-13,Student looking for first-time credit card - need advice :'~),https://www.reddit.com/r/personalfinance/comments/jt7tre/student_looking_for_firsttime_credit_card_need/,[masked],yes,r/personalfinance,Financial & investment
2022-05-14,Has anyone found a good solution for tracking what they are spending with their partner?,https://www.reddit.com/r/Frugal/comments/upj19h/has_anyone_found_a_good_solution_for_tracking/,[masked],yes,r/Frugal,Financial & investment
2020-02-04,Question about 0% down mortgage through a local bank...,https://www.reddit.com/r/personalfinance/comments/eygql7/question_about_0_down_mortgage_through_a_local/,[masked],yes,r/personalfinance,Financial & investment
2020-09-22,Financial agreement ?,https://www.reddit.com/r/personalfinance/comments/ixiyhl/financial_agreement/,[masked],yes,r/personalfinance,Financial & investment
2024-08-21,What should be my next step to increase my income?,https://www.reddit.com/r/personalfinance/comments/1ex5w5r/what_should_be_my_next_step_to_increase_my_income/,[masked],yes,r/personalfinance,Financial & investment
2021-02-12,How to alter clothes?,https://www.reddit.com/r/Frugal/comments/li34bp/how_to_alter_clothes/,[masked],yes,r/Frugal,Financial & investment
2021-09-02,Is having a car worth it ?,https://www.reddit.com/r/Frugal/comments/pfy1dr/is_having_a_car_worth_it/,[masked],yes,r/Frugal,Financial & investment
2022-01-31,Buy a gaming PC or not?,https://www.reddit.com/r/personalfinance/comments/sgkib8/buy_a_gaming_pc_or_not/,[masked],yes,r/personalfinance,Financial & investment
2024-09-07,Advice Needed: Car Lots with No credit Check for Used Trucks,https://www.reddit.com/r/personalfinance/comments/1fajyi3/advice_needed_car_lots_with_no_credit_check_for/,[masked],yes,r/personalfinance,Financial & investment
2021-10-04,"Fun, cheap experiences (that aren’t hiking)?",https://www.reddit.com/r/Frugal/comments/q0pctp/fun_cheap_experiences_that_arent_hiking/,[masked],yes,r/Frugal,Financial & investment
2022-05-24,Where to Rent while Saving to Buy?,https://www.reddit.com/r/personalfinance/comments/uw5zuo/where_to_rent_while_saving_to_buy/,[masked],yes,r/personalfinance,Financial & investment
2022-11-17,"Wanting a Personal Loan, My Bank Has Decent Rates But Won't Approve the Amount. Finance Somewhere Else Then Refi?",https://www.reddit.com/r/personalfinance/comments/yxee0v/wanting_a_personal_loan_my_bank_has_decent_rates/,[masked],yes,r/personalfinance,Financial & investment
2021-03-27,Student Loans VS Buying A House,https://www.reddit.com/r/personalfinance/comments/mefgr2/student_loans_vs_buying_a_house/,[masked],yes,r/personalfinance,Financial & investment
2024-07-03,Diversify once you hit a gain % threshold?,https://www.reddit.com/r/investing/comments/1dtwxpy/diversify_once_you_hit_a_gain_threshold/,[masked],yes,r/investing,Financial & investment
2022-08-23,How do I get my food spending under control?,https://www.reddit.com/r/Frugal/comments/wvfezb/how_do_i_get_my_food_spending_under_control/,[masked],yes,r/Frugal,Financial & investment
2024-02-02,Struggling with next steps after father had stroke and the finacial burden,https://www.reddit.com/r/personalfinance/comments/1agt3ad/struggling_with_next_steps_after_father_had/,[masked],yes,r/personalfinance,Financial & investment
2020-04-12,Current market used car buy,https://www.reddit.com/r/Frugal/comments/fzos3y/current_market_used_car_buy/,[masked],yes,r/Frugal,Financial & investment
2023-08-03,Seeking investing advice on my unique situation in the EU.,https://www.reddit.com/r/investing/comments/15h2b8d/seeking_investing_advice_on_my_unique_situation/,[masked],yes,r/investing,Financial & investment
2022-10-20,Time is capital,https://www.reddit.com/r/Frugal/comments/y8f07j/time_is_capital/,[masked],yes,r/Frugal,Financial & investment
2023-05-15,Max 401k or open a Roth?,https://www.reddit.com/r/personalfinance/comments/13hvukc/max_401k_or_open_a_roth/,[masked],yes,r/personalfinance,Financial & investment
2020-02-06,College student looking to get on right track,https://www.reddit.com/r/personalfinance/comments/ezjqup/college_student_looking_to_get_on_right_track/,[masked],yes,r/personalfinance,Financial & investment
2023-08-02,Food budget for 1 adult & 1 toddler,https://www.reddit.com/r/Frugal/comments/15fwea1/food_budget_for_1_adult_1_toddler/,[masked],yes,r/Frugal,Financial & investment
2021-07-16,Its taking for ever to get the insurance check,https://www.reddit.com/r/personalfinance/comments/olhi6t/its_taking_for_ever_to_get_the_insurance_check/,[masked],yes,r/personalfinance,Financial & investment
2023-02-08,Does inflation affect a savings account?,https://www.reddit.com/r/personalfinance/comments/10wdidk/does_inflation_affect_a_savings_account/,[masked],yes,r/personalfinance,Financial & investment
2021-11-21,Is it crazy to wait until you're 35-plus until buying a home?,https://www.reddit.com/r/personalfinance/comments/qybizc/is_it_crazy_to_wait_until_youre_35plus_until/,[masked],yes,r/personalfinance,Financial & investment
2020-02-22,Should we (husband and wife) take car back from college student daughter or make do with one car?,https://www.reddit.com/r/personalfinance/comments/f7dwnx/should_we_husband_and_wife_take_car_back_from/,[masked],yes,r/personalfinance,Financial & investment
2024-05-27,Are we frugal or cheap ,https://www.reddit.com/r/Frugal/comments/1d16eai/are_we_frugal_or_cheap/,[masked],yes,r/Frugal,Financial & investment
2021-03-10,"Having a hard time being okay with using my savings, what do I do? Too frugal?",https://www.reddit.com/r/Frugal/comments/m1zsee/having_a_hard_time_being_okay_with_using_my/,[masked],yes,r/Frugal,Financial & investment
2021-12-23,"Given inflation, what do you think about investing heavily in the commodities index - S&amp;P GSCI?",https://www.reddit.com/r/investing/comments/rmr7l5/given_inflation_what_do_you_think_about_investing/,[masked],yes,r/investing,Financial & investment
2024-07-16,Cooling sheets for people who sleep hot,https://www.reddit.com/r/Frugal/comments/1e4ed3b/cooling_sheets_for_people_who_sleep_hot/,[masked],yes,r/Frugal,Financial & investment
2023-05-21,Employer sold all my 401k funds for a Target Date Fund. Did I incur a loss?,https://www.reddit.com/r/personalfinance/comments/13ncz0e/employer_sold_all_my_401k_funds_for_a_target_date/,[masked],yes,r/personalfinance,Financial & investment
2024-09-03,Car note is drowning me,https://www.reddit.com/r/personalfinance/comments/1f7ay1f/car_note_is_drowning_me/,[masked],yes,r/personalfinance,Financial & investment
2024-12-25,It’s not that I’m ungrateful but I specifically told my brother NOT to get me an Apple Watch. ,https://www.reddit.com/r/Frugal/comments/1hm1ls8/its_not_that_im_ungrateful_but_i_specifically/,[masked],yes,r/Frugal,Financial & investment
2020-11-29,How can I sell a car I am financing (upside down on) to a private seller?,https://www.reddit.com/r/personalfinance/comments/k31562/how_can_i_sell_a_car_i_am_financing_upside_down/,[masked],yes,r/personalfinance,Financial & investment
2022-01-28,'Giving up control' of assets with Personal Capital Money Management,https://www.reddit.com/r/personalfinance/comments/se9j2x/giving_up_control_of_assets_with_personal_capital/,[masked],yes,r/personalfinance,Financial & investment
2021-10-12,New to ACA - how best to handle dental insurance,https://www.reddit.com/r/Frugal/comments/q64npo/new_to_aca_how_best_to_handle_dental_insurance/,[masked],yes,r/Frugal,Financial & investment
2024-01-05,URGENT Guildence Frineds Regarding my planning,https://www.reddit.com/r/personalfinance/comments/18z2y4a/urgent_guildence_frineds_regarding_my_planning/,[masked],yes,r/personalfinance,Financial & investment
2020-07-14,My father-in-law just lost his license but is trapped into a car lease. What can we do?,https://www.reddit.com/r/personalfinance/comments/hqsa2e/my_fatherinlaw_just_lost_his_license_but_is/,[masked],yes,r/personalfinance,Financial & investment
2023-09-16,Confusion about portfolio design,https://www.reddit.com/r/investing/comments/16jx40i/confusion_about_portfolio_design/,[masked],yes,r/investing,Financial & investment
2021-11-14,"All time highs across the board, what’s your plan for a recession?",https://www.reddit.com/r/investing/comments/qtdv2b/all_time_highs_across_the_board_whats_your_plan/,[masked],yes,r/investing,Financial & investment
2020-04-18,Preparing for a busy future during a slow present,https://www.reddit.com/r/Frugal/comments/g3knw0/preparing_for_a_busy_future_during_a_slow_present/,[masked],yes,r/Frugal,Financial & investment
2023-07-23,Good for an 18 year old?,https://www.reddit.com/r/personalfinance/comments/15771cx/good_for_an_18_year_old/,[masked],yes,r/personalfinance,Financial & investment
2020-05-19,M&amp;F ISO Comfy (cheap) Mattress,https://www.reddit.com/r/Frugal/comments/gmckyd/mf_iso_comfy_cheap_mattress/,[masked],yes,r/Frugal,Financial & investment
2024-08-02,Condo with assumable loan or a house with high interest rate?,https://www.reddit.com/r/investing/comments/1ehrkh7/condo_with_assumable_loan_or_a_house_with_high/,[masked],yes,r/investing,Financial & investment
2023-10-15,"Invest weekly, monthly, or quarterly?",https://www.reddit.com/r/investing/comments/177zd7h/invest_weekly_monthly_or_quarterly/,[masked],yes,r/investing,Financial & investment
2022-11-27,What is the quickest way to safe towards a goal? Bonds/CDs or stocks?,https://www.reddit.com/r/personalfinance/comments/z5dufd/what_is_the_quickest_way_to_safe_towards_a_goal/,[masked],yes,r/personalfinance,Financial & investment
2022-08-31,Specialised Vs Diversified REITs,https://www.reddit.com/r/investing/comments/x2829g/specialised_vs_diversified_reits/,[masked],yes,r/investing,Financial & investment
2024-05-28,My car is too expensive,https://www.reddit.com/r/personalfinance/comments/1d233mh/my_car_is_too_expensive/,[masked],yes,r/personalfinance,Financial & investment
2024-12-12,Are there any cons to adding myself and my husband onto the mortgage of my mom‘s next house?,https://www.reddit.com/r/personalfinance/comments/1hcd7la/are_there_any_cons_to_adding_myself_and_my/,[masked],yes,r/personalfinance,Financial & investment
2022-09-19,Where do you sell your clothes??,https://www.reddit.com/r/Frugal/comments/xhx26p/where_do_you_sell_your_clothes/,[masked],yes,r/Frugal,Financial & investment
2020-04-05,"Discover lowered my limit from $18,000 to $500",https://www.reddit.com/r/personalfinance/comments/fuyefw/discover_lowered_my_limit_from_18000_to_500/,[masked],yes,r/personalfinance,Financial & investment
2022-08-18,Beauty and Inflation,https://www.reddit.com/r/Frugal/comments/wrl8gk/beauty_and_inflation/,[masked],yes,r/Frugal,Financial & investment
2020-03-11,Thinking about buying a new truck,https://www.reddit.com/r/personalfinance/comments/fgkulz/thinking_about_buying_a_new_truck/,[masked],yes,r/personalfinance,Financial & investment
2023-09-26,Alternative to a car in North Carolina,https://www.reddit.com/r/Frugal/comments/16sq6y1/alternative_to_a_car_in_north_carolina/,[masked],yes,r/Frugal,Financial & investment
2022-10-15,Wedding gift idea,https://www.reddit.com/r/Frugal/comments/y4p9oc/wedding_gift_idea/,[masked],yes,r/Frugal,Financial & investment
2021-09-01,Job offer advice,https://www.reddit.com/r/personalfinance/comments/pfbdpu/job_offer_advice/,[masked],yes,r/personalfinance,Financial & investment
2020-02-19,when to leave a job you get harassed @ ?,https://www.reddit.com/r/Frugal/comments/f6brhl/when_to_leave_a_job_you_get_harassed/,[masked],yes,r/Frugal,Financial & investment
2024-05-09,Pay off student loan debt/save for a new car and then contribute to retirement? Or how can I do all 3 at the same time? ,https://www.reddit.com/r/personalfinance/comments/1cnl1bn/pay_off_student_loan_debtsave_for_a_new_car_and/,[masked],yes,r/personalfinance,Financial & investment
2024-08-23,Help me write a letter to my dad about his troubling investing ,https://www.reddit.com/r/investing/comments/1eyyw2v/help_me_write_a_letter_to_my_dad_about_his/,[masked],yes,r/investing,Financial & investment
2024-07-29,"24 years old, not a whole lot of living expenses. How do I plan for the future?",https://www.reddit.com/r/personalfinance/comments/1eeysxe/24_years_old_not_a_whole_lot_of_living_expenses/,[masked],yes,r/personalfinance,Financial & investment
2022-11-17,Best way to invest 15k for my daughter,https://www.reddit.com/r/investing/comments/yxasgm/best_way_to_invest_15k_for_my_daughter/,[masked],yes,r/investing,Financial & investment
2022-01-13,Paying off debt and budgeting,https://www.reddit.com/r/personalfinance/comments/s2lqie/paying_off_debt_and_budgeting/,[masked],yes,r/personalfinance,Financial & investment
2022-05-25,"30-day late (mortgage company) on credit report, not able to move from my home",https://www.reddit.com/r/personalfinance/comments/ux0vh1/30day_late_mortgage_company_on_credit_report_not/,[masked],yes,r/personalfinance,Financial & investment
2023-07-28,My owned item list as a poor and minimalist person,https://www.reddit.com/r/Frugal/comments/15bs395/my_owned_item_list_as_a_poor_and_minimalist_person/,[masked],yes,r/Frugal,Financial & investment
2024-01-03,Two bucket budget method?,https://www.reddit.com/r/personalfinance/comments/18wynwl/two_bucket_budget_method/,[masked],yes,r/personalfinance,Financial & investment
2023-05-12,Is it time for my wife and I to hire a few only planner?,https://www.reddit.com/r/personalfinance/comments/13euee7/is_it_time_for_my_wife_and_i_to_hire_a_few_only/,[masked],yes,r/personalfinance,Financial & investment
2021-02-20,Being asked to relocate from California to North Carolina (Raleigh area),https://www.reddit.com/r/personalfinance/comments/lnt1dm/being_asked_to_relocate_from_california_to_north/,[masked],yes,r/personalfinance,Financial & investment
2022-07-28,Anyone have tips for thrifting smart?,https://www.reddit.com/r/Frugal/comments/wa1hek/anyone_have_tips_for_thrifting_smart/,[masked],yes,r/Frugal,Financial & investment
2020-03-09,Should I sell my energy investments?,https://www.reddit.com/r/investing/comments/ffi6cr/should_i_sell_my_energy_investments/,[masked],yes,r/investing,Financial & investment
2023-10-02,Hotel living for several weeks,https://www.reddit.com/r/Frugal/comments/16x6z7g/hotel_living_for_several_weeks/,[masked],yes,r/Frugal,Financial & investment
2023-08-28,How do I become frugal?,https://www.reddit.com/r/Frugal/comments/16347dr/how_do_i_become_frugal/,[masked],yes,r/Frugal,Financial & investment
2024-07-20,How do it convince myself to spend money on nice things,https://www.reddit.com/r/Frugal/comments/1e7v58j/how_do_it_convince_myself_to_spend_money_on_nice/,[masked],yes,r/Frugal,Financial & investment
2024-02-21,Additional Income. Spend or save?,https://www.reddit.com/r/personalfinance/comments/1avvf1d/additional_income_spend_or_save/,[masked],yes,r/personalfinance,Financial & investment
2023-07-29,Sanity Check on Housing Purchase,https://www.reddit.com/r/personalfinance/comments/15chvnr/sanity_check_on_housing_purchase/,[masked],yes,r/personalfinance,Financial & investment
2022-01-08,"Suggestions please - top quick, cheap and easy meals / ways of eating - with protein",https://www.reddit.com/r/Frugal/comments/ryvya7/suggestions_please_top_quick_cheap_and_easy_meals/,[masked],yes,r/Frugal,Financial & investment
2023-03-29,Keep pet insurance or get rid of it?,https://www.reddit.com/r/Frugal/comments/1250pd5/keep_pet_insurance_or_get_rid_of_it/,[masked],yes,r/Frugal,Financial & investment
2024-05-22,Tips for negotiating Internet bills?,https://www.reddit.com/r/Frugal/comments/1cxluui/tips_for_negotiating_internet_bills/,[masked],yes,r/Frugal,Financial & investment
2024-03-04,what should a younger person invest in? ,https://www.reddit.com/r/investing/comments/1b5qa4c/what_should_a_younger_person_invest_in/,[masked],yes,r/investing,Financial & investment
2022-01-06,Cheap Family Function Ideas,https://www.reddit.com/r/Frugal/comments/rwucqj/cheap_family_function_ideas/,[masked],yes,r/Frugal,Financial & investment
2024-10-17,0% interest on large purchase. What do you do?,https://www.reddit.com/r/Frugal/comments/1g58riz/0_interest_on_large_purchase_what_do_you_do/,[masked],yes,r/Frugal,Financial & investment
2021-10-22,Would it be worth it to hook my house's water system up to a well?,https://www.reddit.com/r/Frugal/comments/qd9q5o/would_it_be_worth_it_to_hook_my_houses_water/,[masked],yes,r/Frugal,Financial & investment
2020-12-21,Am I being too cheap asking friends for learning to drive from them? / Advice on driving lessons,https://www.reddit.com/r/Frugal/comments/khk3g5/am_i_being_too_cheap_asking_friends_for_learning/,[masked],yes,r/Frugal,Financial & investment
2023-01-06,Where should my money go?,https://www.reddit.com/r/personalfinance/comments/104hy6k/where_should_my_money_go/,[masked],yes,r/personalfinance,Financial & investment
2021-05-09,Verizon fios,https://www.reddit.com/r/Frugal/comments/n8efqo/verizon_fios/,[masked],yes,r/Frugal,Financial & investment
2020-09-17,Any projects for plastic grocery bags?,https://www.reddit.com/r/Frugal/comments/iubahh/any_projects_for_plastic_grocery_bags/,[masked],yes,r/Frugal,Financial & investment
2020-01-10,"When things get expensive, how do you like to stay on-budget?",https://www.reddit.com/r/Frugal/comments/emcdar/when_things_get_expensive_how_do_you_like_to_stay/,[masked],yes,r/Frugal,Financial & investment
2021-06-17,1 Year Into First Job out of College. I just did the math...,https://www.reddit.com/r/personalfinance/comments/o1nte5/1_year_into_first_job_out_of_college_i_just_did/,[masked],yes,r/personalfinance,Financial & investment
2023-03-11,Higher income earner and don’t know what to do.,https://www.reddit.com/r/personalfinance/comments/11nt6bg/higher_income_earner_and_dont_know_what_to_do/,[masked],yes,r/personalfinance,Financial & investment
2022-09-21,What to do with old employers 401k’s?,https://www.reddit.com/r/personalfinance/comments/xjrty2/what_to_do_with_old_employers_401ks/,[masked],yes,r/personalfinance,Financial & investment
2021-11-04,Switching to Tesla?,https://www.reddit.com/r/Frugal/comments/qm2k5x/switching_to_tesla/,[masked],yes,r/Frugal,Financial & investment
2020-06-15,Stolen California EBT Card,https://www.reddit.com/r/personalfinance/comments/h95js3/stolen_california_ebt_card/,[masked],yes,r/personalfinance,Financial & investment
2020-03-05,How much should I invest?,https://www.reddit.com/r/investing/comments/fdj9hi/how_much_should_i_invest/,[masked],yes,r/investing,Financial & investment
2020-11-02,Are home workouts effective with kettle bells?,https://www.reddit.com/r/Frugal/comments/jmhg6b/are_home_workouts_effective_with_kettle_bells/,[masked],yes,r/Frugal,Financial & investment
2023-09-13,"Was frugal, now I'm the antithesis of frugal",https://www.reddit.com/r/Frugal/comments/16hf9d2/was_frugal_now_im_the_antithesis_of_frugal/,[masked],yes,r/Frugal,Financial & investment
2024-11-21,I suspect he's stringing me along,https://www.reddit.com/r/personalfinance/comments/1gw7q1y/i_suspect_hes_stringing_me_along/,[masked],yes,r/personalfinance,Financial & investment
2021-11-03,Am I screwed? (Botched Rollover by Fidelity),https://www.reddit.com/r/personalfinance/comments/qlhg5p/am_i_screwed_botched_rollover_by_fidelity/,[masked],yes,r/personalfinance,Financial & investment
2024-02-11,Does Anyone Have “Advice”?,https://www.reddit.com/r/personalfinance/comments/1anti6u/does_anyone_have_advice/,[masked],yes,r/personalfinance,Financial & investment
2022-06-20,About to become an auntie and need recommendations for investment accounts to set up for my niece.,https://www.reddit.com/r/personalfinance/comments/vg8drc/about_to_become_an_auntie_and_need/,[masked],yes,r/personalfinance,Financial & investment
2023-07-11,Bowers Wealth Management ....Thoughts?,https://www.reddit.com/r/investing/comments/14w5gr8/bowers_wealth_management_thoughts/,[masked],yes,r/investing,Financial & investment
2021-04-27,Just bought my first house. What are your best frugal tips for renovating and upgrading a starter home?,https://www.reddit.com/r/Frugal/comments/mzm1je/just_bought_my_first_house_what_are_your_best/,[masked],yes,r/Frugal,Financial & investment
2020-04-16,Quarantine Laptop,https://www.reddit.com/r/Frugal/comments/g2ety2/quarantine_laptop/,[masked],yes,r/Frugal,Financial & investment
2020-02-28,How to leave home?,https://www.reddit.com/r/Frugal/comments/famn98/how_to_leave_home/,[masked],yes,r/Frugal,Financial & investment
2022-08-22,Opinions on direct indexing vs ETFs?,https://www.reddit.com/r/investing/comments/wu52tz/opinions_on_direct_indexing_vs_etfs/,[masked],yes,r/investing,Financial & investment
2021-09-12,I’m done with learning cars,https://www.reddit.com/r/Frugal/comments/pmeku4/im_done_with_learning_cars/,[masked],yes,r/Frugal,Financial & investment
2020-08-04,Turning unfinished basement into studio,https://www.reddit.com/r/Frugal/comments/i3c3ef/turning_unfinished_basement_into_studio/,[masked],yes,r/Frugal,Financial & investment
2024-07-23,Scrapbooking,https://www.reddit.com/r/Frugal/comments/1ea8tag/scrapbooking/,[masked],yes,r/Frugal,Financial & investment
2022-03-27,"Should I buy another car, or wait it out?",https://www.reddit.com/r/personalfinance/comments/tp5syb/should_i_buy_another_car_or_wait_it_out/,[masked],yes,r/personalfinance,Financial & investment
2024-10-05,"Question about selling a home, buying a new one, and capital gains taxes",https://www.reddit.com/r/personalfinance/comments/1fw9o6x/question_about_selling_a_home_buying_a_new_one/,[masked],yes,r/personalfinance,Financial & investment
2021-08-01,What do the ultra rich do beforehand to prepare for a suspected upcoming recession and/or inflation to be able to profit when things go bad?,https://www.reddit.com/r/investing/comments/ovdc9m/what_do_the_ultra_rich_do_beforehand_to_prepare/,[masked],yes,r/investing,Financial & investment
2020-01-31,How much do operating costs affect what you buy?,https://www.reddit.com/r/Frugal/comments/ew9n4p/how_much_do_operating_costs_affect_what_you_buy/,[masked],yes,r/Frugal,Financial & investment
2024-02-23,The weird psychology of selling a portion of your stock,https://www.reddit.com/r/investing/comments/1ay2gua/the_weird_psychology_of_selling_a_portion_of_your/,[masked],yes,r/investing,Financial & investment
2023-01-14,How many of you keep a food garden?,https://www.reddit.com/r/Frugal/comments/10b0znf/how_many_of_you_keep_a_food_garden/,[masked],yes,r/Frugal,Financial & investment
2024-11-04,Help with buying used car from dealership (financing),https://www.reddit.com/r/personalfinance/comments/1gj362x/help_with_buying_used_car_from_dealership/,[masked],yes,r/personalfinance,Financial & investment
2020-09-08,I plan to purchase a rental property (age 35) as my first property.,https://www.reddit.com/r/personalfinance/comments/ioe5eq/i_plan_to_purchase_a_rental_property_age_35_as_my/,[masked],yes,r/personalfinance,Financial & investment
2020-12-23,Buying Less Meat,https://www.reddit.com/r/Frugal/comments/ki97ce/buying_less_meat/,[masked],yes,r/Frugal,Financial & investment
2024-06-28,"Investing for 20 years, I'm at a really nice place, but it could all be erased in a day",https://www.reddit.com/r/investing/comments/1dq4ijh/investing_for_20_years_im_at_a_really_nice_place/,[masked],yes,r/investing,Financial & investment
2020-04-17,Source cheap masks for entire family /country,https://www.reddit.com/r/Frugal/comments/g2s37i/source_cheap_masks_for_entire_family_country/,[masked],yes,r/Frugal,Financial & investment
2024-03-21,"Received an opportunity as an MD to leave my current job (residency) for a much higher paying position, but will potentially lose out on lifetime earnings. Advice?",https://www.reddit.com/r/personalfinance/comments/1bjsqp2/received_an_opportunity_as_an_md_to_leave_my/,[masked],yes,r/personalfinance,Financial & investment
2024-10-01,How to get over the regret of not buying something?,https://www.reddit.com/r/Frugal/comments/1ftepzt/how_to_get_over_the_regret_of_not_buying_something/,[masked],yes,r/Frugal,Financial & investment
2024-07-09,Food options when travelling ,https://www.reddit.com/r/Frugal/comments/1dypkde/food_options_when_travelling/,[masked],yes,r/Frugal,Financial & investment
2024-07-29,Making the Most of My Employer's Rocket Lawyer Benefit,https://www.reddit.com/r/personalfinance/comments/1eef4ap/making_the_most_of_my_employers_rocket_lawyer/,[masked],yes,r/personalfinance,Financial & investment
2023-03-21,Should I Buy a House?,https://www.reddit.com/r/personalfinance/comments/11ww4zt/should_i_buy_a_house/,[masked],yes,r/personalfinance,Financial & investment
2024-07-10,"How do you know which grocery store to buy the best or most affordable meat, or produce from?",https://www.reddit.com/r/Frugal/comments/1dzf3c6/how_do_you_know_which_grocery_store_to_buy_the/,[masked],yes,r/Frugal,Financial & investment
2020-07-12,Used toilet?,https://www.reddit.com/r/Frugal/comments/hpmlpx/used_toilet/,[masked],yes,r/Frugal,Financial & investment
2022-08-17,i'm a 20yr old senior in college and i need financial advice,https://www.reddit.com/r/personalfinance/comments/wq8tfv/im_a_20yr_old_senior_in_college_and_i_need/,[masked],yes,r/personalfinance,Financial & investment
2021-02-17,I need help with college tuition choices,https://www.reddit.com/r/personalfinance/comments/llmg5u/i_need_help_with_college_tuition_choices/,[masked],yes,r/personalfinance,Financial & investment
2022-06-21,is Target more affordable than Walmart now?,https://www.reddit.com/r/Frugal/comments/vh47e0/is_target_more_affordable_than_walmart_now/,[masked],yes,r/Frugal,Financial & investment
2023-05-16,When to hire a personal accountant?,https://www.reddit.com/r/personalfinance/comments/13iihx8/when_to_hire_a_personal_accountant/,[masked],yes,r/personalfinance,Financial & investment
2023-06-30,Looking for better car insurance rates (than Geico),https://www.reddit.com/r/personalfinance/comments/14mx7k0/looking_for_better_car_insurance_rates_than_geico/,[masked],yes,r/personalfinance,Financial & investment
2021-01-26,Best Places to Be Frugal in the US?,https://www.reddit.com/r/Frugal/comments/l5fibr/best_places_to_be_frugal_in_the_us/,[masked],yes,r/Frugal,Financial & investment
2020-09-21,I am being too frugal. What can I do to get out of this?,https://www.reddit.com/r/Frugal/comments/iwmc1b/i_am_being_too_frugal_what_can_i_do_to_get_out_of/,[masked],yes,r/Frugal,Financial & investment
2020-07-06,Investing outside of retirement in early career,https://www.reddit.com/r/personalfinance/comments/hlyqzw/investing_outside_of_retirement_in_early_career/,[masked],yes,r/personalfinance,Financial & investment
2023-11-21,"So I'm pretty broke, is $1500 having in VTI?",https://www.reddit.com/r/investing/comments/17zw1zj/so_im_pretty_broke_is_1500_having_in_vti/,[masked],yes,r/investing,Financial & investment
2023-05-28,"What are your ""Up and coming"" picks?",https://www.reddit.com/r/investing/comments/13tkdih/what_are_your_up_and_coming_picks/,[masked],yes,r/investing,Financial & investment
2021-02-14,Make My Soon to be Paid Off Car Feel New Again,https://www.reddit.com/r/Frugal/comments/ljg03i/make_my_soon_to_be_paid_off_car_feel_new_again/,[masked],yes,r/Frugal,Financial & investment
2022-10-27,CEO of former company sent over contract for equity listing a certain number of shares (not revealing publicly to protect identity). Am very unfamiliar with this topic and am hoping to find someone to help me understand &amp; figure out the right questions to ask.,https://www.reddit.com/r/investing/comments/yejngn/ceo_of_former_company_sent_over_contract_for/,[masked],yes,r/investing,Financial & investment
2020-02-18,Reassure me about plane tickets please,https://www.reddit.com/r/Frugal/comments/f5ednk/reassure_me_about_plane_tickets_please/,[masked],yes,r/Frugal,Financial & investment
2023-04-08,Is a HELOC a good fit for us?,https://www.reddit.com/r/personalfinance/comments/12ezxt3/is_a_heloc_a_good_fit_for_us/,[masked],yes,r/personalfinance,Financial & investment
2024-01-30,Recommendations for Credit Cards,https://www.reddit.com/r/personalfinance/comments/1aeo81m/recommendations_for_credit_cards/,[masked],yes,r/personalfinance,Financial & investment
2023-01-10,Can only choose one: Bloomberg vs FT subscriptiom,https://www.reddit.com/r/investing/comments/107zpfx/can_only_choose_one_bloomberg_vs_ft_subscriptiom/,[masked],yes,r/investing,Financial & investment
2021-10-15,What do with apartment savings?,https://www.reddit.com/r/personalfinance/comments/q86sus/what_do_with_apartment_savings/,[masked],yes,r/personalfinance,Financial & investment
2020-03-24,"How to prepare for potential death of parent, grandparent who refuse to even look at their finances? What steps should they take?",https://www.reddit.com/r/personalfinance/comments/fnrdbj/how_to_prepare_for_potential_death_of_parent/,[masked],yes,r/personalfinance,Financial & investment
2024-04-01,"Father is moving to foreign country, but wants me to sign my name on his house I won't be living in",https://www.reddit.com/r/personalfinance/comments/1bsgm0h/father_is_moving_to_foreign_country_but_wants_me/,[masked],yes,r/personalfinance,Financial & investment
2023-08-30,Consolidating Accounts Advice,https://www.reddit.com/r/investing/comments/165czpv/consolidating_accounts_advice/,[masked],yes,r/investing,Financial & investment
2023-11-22,Are rice cookers a waste of money?,https://www.reddit.com/r/Frugal/comments/1811rdj/are_rice_cookers_a_waste_of_money/,[masked],yes,r/Frugal,Financial & investment
2021-09-10,Should I take the time to sell my clothes on apps or just take it all to cherry pickers and get cash from there?,https://www.reddit.com/r/Frugal/comments/pl0v08/should_i_take_the_time_to_sell_my_clothes_on_apps/,[masked],yes,r/Frugal,Financial & investment
2024-06-13,"Which is more cost efficient: buying ingredients to cook yourself, or buying pre-made meals?",https://www.reddit.com/r/Frugal/comments/1deecft/which_is_more_cost_efficient_buying_ingredients/,[masked],yes,r/Frugal,Financial & investment
2020-05-14,MBNA.ca Credit Card Fraud?,https://www.reddit.com/r/personalfinance/comments/gj784f/mbnaca_credit_card_fraud/,[masked],yes,r/personalfinance,Financial & investment
2024-01-20,Worth it drain investments to pay off car?,https://www.reddit.com/r/personalfinance/comments/19anlt6/worth_it_drain_investments_to_pay_off_car/,[masked],yes,r/personalfinance,Financial & investment
2021-11-04,"School rating while buying house - elementary, middle or high school?",https://www.reddit.com/r/personalfinance/comments/qmepw8/school_rating_while_buying_house_elementary/,[masked],yes,r/personalfinance,Financial & investment
2023-07-06,Has Aldi gotten way more expensive?,https://www.reddit.com/r/Frugal/comments/14rtkjw/has_aldi_gotten_way_more_expensive/,[masked],yes,r/Frugal,Financial & investment
2021-08-29,Lotsa' Tomatoes - 1 Pressure Cooker - 3 Ice Cube trays - Suggestions as to how to freeze all this??!!,https://www.reddit.com/r/Frugal/comments/pdq6x7/lotsa_tomatoes_1_pressure_cooker_3_ice_cube_trays/,[masked],yes,r/Frugal,Financial & investment
2023-04-13,Quitting my job and cutting my income in half to go to school full time. Is it a mistake to do this right now in this economy?,https://www.reddit.com/r/personalfinance/comments/12jxp7q/quitting_my_job_and_cutting_my_income_in_half_to/,[masked],yes,r/personalfinance,Financial & investment
2022-02-04,"How to respond to a possible 2nd offer (B) with 50 min. commute, after accepting a remote job (A)?",https://www.reddit.com/r/personalfinance/comments/sjwcm6/how_to_respond_to_a_possible_2nd_offer_b_with_50/,[masked],yes,r/personalfinance,Financial & investment
2023-06-29,37 and feel like I’m scrambling to save for retirement after career change,https://www.reddit.com/r/personalfinance/comments/14lfcdh/37_and_feel_like_im_scrambling_to_save_for/,[masked],yes,r/personalfinance,Financial & investment
2021-02-24,Should I close my credit card?,https://www.reddit.com/r/personalfinance/comments/lqz225/should_i_close_my_credit_card/,[masked],yes,r/personalfinance,Financial & investment
2020-11-19,Can survive without a car in a place without public transportation?,https://www.reddit.com/r/Frugal/comments/jwj941/can_survive_without_a_car_in_a_place_without/,[masked],yes,r/Frugal,Financial & investment
2023-11-21,Gardening: What do you grow that saves you the most money?,https://www.reddit.com/r/Frugal/comments/180hw04/gardening_what_do_you_grow_that_saves_you_the/,[masked],yes,r/Frugal,Financial & investment
2021-04-18,Please help me - need advice on living situation,https://www.reddit.com/r/Frugal/comments/mt23rr/please_help_me_need_advice_on_living_situation/,[masked],yes,r/Frugal,Financial & investment
2023-04-05,Tax lien investment advice.,https://www.reddit.com/r/personalfinance/comments/12brhbe/tax_lien_investment_advice/,[masked],yes,r/personalfinance,Financial & investment
2021-12-15,Are there any microloan programs that can return you a profit?,https://www.reddit.com/r/investing/comments/rgvdj8/are_there_any_microloan_programs_that_can_return/,[masked],yes,r/investing,Financial & investment
2023-12-05,Advice for a $35 food budget,https://www.reddit.com/r/Frugal/comments/18atfdx/advice_for_a_35_food_budget/,[masked],yes,r/Frugal,Financial & investment
2022-06-11,Restaurants… does anyone like spending good money on a restaurant they like?,https://www.reddit.com/r/Frugal/comments/v9fcg0/restaurants_does_anyone_like_spending_good_money/,[masked],yes,r/Frugal,Financial & investment
2020-07-30,Roommates?,https://www.reddit.com/r/Frugal/comments/i05jnd/roommates/,[masked],yes,r/Frugal,Financial & investment
2022-02-09,"Good, easy ways to invest when you have little money?",https://www.reddit.com/r/personalfinance/comments/snvkcn/good_easy_ways_to_invest_when_you_have_little/,[masked],yes,r/personalfinance,Financial & investment
2021-12-22,Donate or Repair Car?,https://www.reddit.com/r/personalfinance/comments/rlmxnq/donate_or_repair_car/,[masked],yes,r/personalfinance,Financial & investment
2021-09-27,"What kind of razors are a good quality, long lasting buy?",https://www.reddit.com/r/Frugal/comments/pw1zw2/what_kind_of_razors_are_a_good_quality_long/,[masked],yes,r/Frugal,Financial & investment
2022-06-07,Buying a new vehicle. What should I be looking at?,https://www.reddit.com/r/personalfinance/comments/v6cx9n/buying_a_new_vehicle_what_should_i_be_looking_at/,[masked],yes,r/personalfinance,Financial & investment
2020-07-07,Advice with current financial position,https://www.reddit.com/r/personalfinance/comments/hmw3oo/advice_with_current_financial_position/,[masked],yes,r/personalfinance,Financial & investment
2022-10-24,Best allocation for a 100k investment budget?,https://www.reddit.com/r/investing/comments/ybov85/best_allocation_for_a_100k_investment_budget/,[masked],yes,r/investing,Financial & investment
2024-02-20,"23 with over 30k in savings- Best Move, invest or save? Both?",https://www.reddit.com/r/personalfinance/comments/1avh18c/23_with_over_30k_in_savings_best_move_invest_or/,[masked],yes,r/personalfinance,Financial & investment
2021-12-28,How to be frugal at Disney World?,https://www.reddit.com/r/Frugal/comments/rpru5q/how_to_be_frugal_at_disney_world/,[masked],yes,r/Frugal,Financial & investment
2020-01-20,Help! Sent to collections for gym debt.,https://www.reddit.com/r/personalfinance/comments/er4mpt/help_sent_to_collections_for_gym_debt/,[masked],yes,r/personalfinance,Financial & investment
2020-05-04,Lender Dragging Feed on Locked-In Loan Estimate,https://www.reddit.com/r/personalfinance/comments/gcvuzv/lender_dragging_feed_on_lockedin_loan_estimate/,[masked],yes,r/personalfinance,Financial & investment
2024-02-28,Parking spot for next 6 months,https://www.reddit.com/r/investing/comments/1b26ggv/parking_spot_for_next_6_months/,[masked],yes,r/investing,Financial & investment
2021-08-26,Opinions/inputs needed below!,https://www.reddit.com/r/investing/comments/pc28xy/opinionsinputs_needed_below/,[masked],yes,r/investing,Financial & investment
2022-01-24,Layover or straight through?,https://www.reddit.com/r/Frugal/comments/sb04jp/layover_or_straight_through/,[masked],yes,r/Frugal,Financial & investment
2022-10-18,"Just sold my house, what exactly should I do with the equity payout I just received?",https://www.reddit.com/r/personalfinance/comments/y6s71l/just_sold_my_house_what_exactly_should_i_do_with/,[masked],yes,r/personalfinance,Financial & investment
2020-07-09,"Choosing between several second-hand chairs - Allseating, Steelcase or Haworth?",https://www.reddit.com/r/Frugal/comments/hnqlg2/choosing_between_several_secondhand_chairs/,[masked],yes,r/Frugal,Financial & investment
2020-03-14,Switch to Vanguard Roth IRA from Edward Jones?,https://www.reddit.com/r/personalfinance/comments/fieb98/switch_to_vanguard_roth_ira_from_edward_jones/,[masked],yes,r/personalfinance,Financial & investment
2023-11-03,Frugal way to go about bread?,https://www.reddit.com/r/Frugal/comments/17m8b31/frugal_way_to_go_about_bread/,[masked],yes,r/Frugal,Financial & investment
2021-01-12,Trading the News,https://www.reddit.com/r/investing/comments/kvaslu/trading_the_news/,[masked],yes,r/investing,Financial & investment
2024-05-21,Exit plans for retirement accounts,https://www.reddit.com/r/personalfinance/comments/1cwyg6f/exit_plans_for_retirement_accounts/,[masked],yes,r/personalfinance,Financial & investment
2022-11-01,LEGAL ways to watch movies/TV online for free?,https://www.reddit.com/r/Frugal/comments/yiksie/legal_ways_to_watch_moviestv_online_for_free/,[masked],yes,r/Frugal,Financial & investment
2024-07-25,Recently quit my job,https://www.reddit.com/r/Frugal/comments/1eb5o8v/recently_quit_my_job/,[masked],yes,r/Frugal,Financial & investment
2024-04-20,How do you manage to live life with low paying job ?,https://www.reddit.com/r/Frugal/comments/1c8ftmq/how_do_you_manage_to_live_life_with_low_paying_job/,[masked],yes,r/Frugal,Financial & investment
2022-02-20,"20 years old, looking to finance first car.",https://www.reddit.com/r/personalfinance/comments/swgxx2/20_years_old_looking_to_finance_first_car/,[masked],yes,r/personalfinance,Financial & investment
2021-07-11,T-Mobile has me paying for a watch I don't have,https://www.reddit.com/r/personalfinance/comments/oho1jo/tmobile_has_me_paying_for_a_watch_i_dont_have/,[masked],yes,r/personalfinance,Financial & investment
2020-01-24,"GF is halfway through grad school, taking out MAX loans; How can we be BETTER?",https://www.reddit.com/r/personalfinance/comments/esybeh/gf_is_halfway_through_grad_school_taking_out_max/,[masked],yes,r/personalfinance,Financial & investment
2021-04-13,Thoughts on paying down mortgage faster vs. investing?,https://www.reddit.com/r/personalfinance/comments/mpj8uq/thoughts_on_paying_down_mortgage_faster_vs/,[masked],yes,r/personalfinance,Financial & investment
2024-10-03,Dual Citizenship Help,https://www.reddit.com/r/personalfinance/comments/1fulyud/dual_citizenship_help/,[masked],yes,r/personalfinance,Financial & investment
2024-03-21,Debt Consolidation Loan,https://www.reddit.com/r/personalfinance/comments/1bk1epr/debt_consolidation_loan/,[masked],yes,r/personalfinance,Financial & investment
2022-10-21,Grandmother wants me to co-sign for a new house,https://www.reddit.com/r/personalfinance/comments/y9h8cj/grandmother_wants_me_to_cosign_for_a_new_house/,[masked],yes,r/personalfinance,Financial & investment
2023-07-11,Safety Razor That’s Not Metal?,https://www.reddit.com/r/Frugal/comments/14w2r1v/safety_razor_thats_not_metal/,[masked],yes,r/Frugal,Financial & investment
2022-09-19,Buying a home you are renting,https://www.reddit.com/r/personalfinance/comments/xi8hlz/buying_a_home_you_are_renting/,[masked],yes,r/personalfinance,Financial & investment
2024-08-04,am i crazy or are the adults in my life pushing me towards potentially life-ruining financial decisions?,https://www.reddit.com/r/personalfinance/comments/1ejp3rh/am_i_crazy_or_are_the_adults_in_my_life_pushing/,[masked],yes,r/personalfinance,Financial & investment
2020-03-22,Considering getting into the stock market during current down times,https://www.reddit.com/r/personalfinance/comments/fmhzyk/considering_getting_into_the_stock_market_during/,[masked],yes,r/personalfinance,Financial & investment
2022-06-08,How to evaluate when its time to dump a losing fund - specifically BGAIX,https://www.reddit.com/r/investing/comments/v71cd9/how_to_evaluate_when_its_time_to_dump_a_losing/,[masked],yes,r/investing,Financial & investment
2024-01-28,im 17 and have no idea what to do with my money rn,https://www.reddit.com/r/personalfinance/comments/1acl6rj/im_17_and_have_no_idea_what_to_do_with_my_money_rn/,[masked],yes,r/personalfinance,Financial & investment
2024-03-06,I am 18 with $10k what should I do?,https://www.reddit.com/r/personalfinance/comments/1b7quix/i_am_18_with_10k_what_should_i_do/,[masked],yes,r/personalfinance,Financial & investment
2022-10-30,Selling my house after 4 years. Net worth will drop $100k but no more headaches. Should I do it?,https://www.reddit.com/r/investing/comments/yguoax/selling_my_house_after_4_years_net_worth_will/,[masked],yes,r/investing,Financial & investment
2020-10-13,Should I apply for a car loan before I move across the country?,https://www.reddit.com/r/personalfinance/comments/ja17n5/should_i_apply_for_a_car_loan_before_i_move/,[masked],yes,r/personalfinance,Financial & investment
2023-09-27,What would you do in my position?,https://www.reddit.com/r/personalfinance/comments/16t3q2p/what_would_you_do_in_my_position/,[masked],yes,r/personalfinance,Financial & investment
2021-06-23,Keep or sell lakefront cottage my wife 'inherited'?,https://www.reddit.com/r/personalfinance/comments/o6eb4w/keep_or_sell_lakefront_cottage_my_wife_inherited/,[masked],yes,r/personalfinance,Financial & investment
2022-01-27,Where should I put end of the year bonus (25k),https://www.reddit.com/r/investing/comments/sdtrhb/where_should_i_put_end_of_the_year_bonus_25k/,[masked],yes,r/investing,Financial & investment
2024-09-14,Would I be in a position to afford a house in 1 year?,https://www.reddit.com/r/personalfinance/comments/1fga2xa/would_i_be_in_a_position_to_afford_a_house_in_1/,[masked],yes,r/personalfinance,Financial & investment
2022-05-11,How do you all feel about constantly getting new credit cards for the welcome bonuses?,https://www.reddit.com/r/personalfinance/comments/un12mj/how_do_you_all_feel_about_constantly_getting_new/,[masked],yes,r/personalfinance,Financial & investment
2023-06-23,Vanguard placed an RPO (return post office) restriction on my solo 401K. Help please.,https://www.reddit.com/r/personalfinance/comments/14gk6dz/vanguard_placed_an_rpo_return_post_office/,[masked],yes,r/personalfinance,Financial & investment
2022-05-08,Is there anything else I can be doing to be financially ready for life and retirement?,https://www.reddit.com/r/personalfinance/comments/uksjap/is_there_anything_else_i_can_be_doing_to_be/,[masked],yes,r/personalfinance,Financial & investment
2023-04-11,I posted hair on Craigslist and Facebook Marketplace yesterday,https://www.reddit.com/r/Frugal/comments/12i7f7b/i_posted_hair_on_craigslist_and_facebook/,[masked],yes,r/Frugal,Financial & investment
2021-07-01,When do you think that buying stuff is actually a better option than DIY/making your own stuff?,https://www.reddit.com/r/Frugal/comments/obgxp1/when_do_you_think_that_buying_stuff_is_actually_a/,[masked],yes,r/Frugal,Financial & investment
2020-12-19,Would using a smart space heater at night in the bedroom saving money in the long run?,https://www.reddit.com/r/Frugal/comments/kg6n2n/would_using_a_smart_space_heater_at_night_in_the/,[masked],yes,r/Frugal,Financial & investment
2021-03-02,Thinking of retiring in the next 10 years (or sooner if possible at all). What might I do to reach this goal?,https://www.reddit.com/r/personalfinance/comments/lvt25r/thinking_of_retiring_in_the_next_10_years_or/,[masked],yes,r/personalfinance,Financial & investment
2023-07-18,How do I see my long distance boyfriend for cheap?,https://www.reddit.com/r/Frugal/comments/152a199/how_do_i_see_my_long_distance_boyfriend_for_cheap/,[masked],yes,r/Frugal,Financial & investment
2023-11-18,How to survive with little food for a few days?,https://www.reddit.com/r/Frugal/comments/17xjf43/how_to_survive_with_little_food_for_a_few_days/,[masked],yes,r/Frugal,Financial & investment
2023-06-04,Looking for Investing Games,https://www.reddit.com/r/investing/comments/13zmfgb/looking_for_investing_games/,[masked],yes,r/investing,Financial & investment
2023-09-22,What stocks for a 25k bonus?,https://www.reddit.com/r/investing/comments/16p8yfm/what_stocks_for_a_25k_bonus/,[masked],yes,r/investing,Financial & investment
2021-08-23,Cash out refi vs Home equity loan on paid off home,https://www.reddit.com/r/personalfinance/comments/p9rwap/cash_out_refi_vs_home_equity_loan_on_paid_off_home/,[masked],yes,r/personalfinance,Financial & investment
2024-06-03,Seeking Advice on Investing $10k and Monthly Contributions for Long-Term Gains,https://www.reddit.com/r/personalfinance/comments/1d75la7/seeking_advice_on_investing_10k_and_monthly/,[masked],yes,r/personalfinance,Financial & investment
2024-02-20,"Should I leave a job I don't like, but the money is really good",https://www.reddit.com/r/Frugal/comments/1auun7b/should_i_leave_a_job_i_dont_like_but_the_money_is/,[masked],yes,r/Frugal,Financial & investment
2020-10-28,How to pay collections?,https://www.reddit.com/r/personalfinance/comments/jj5aku/how_to_pay_collections/,[masked],yes,r/personalfinance,Financial & investment
2020-10-20,Looking for feedback on ETF portfolio,https://www.reddit.com/r/personalfinance/comments/jebhsc/looking_for_feedback_on_etf_portfolio/,[masked],yes,r/personalfinance,Financial & investment
2021-01-21,"As a single guy, what's the best way to do laundry?",https://www.reddit.com/r/Frugal/comments/l1gswa/as_a_single_guy_whats_the_best_way_to_do_laundry/,[masked],yes,r/Frugal,Financial & investment
2021-06-08,Protocol for selling relatively expensive things on Craigslist.,https://www.reddit.com/r/Frugal/comments/nuvlz6/protocol_for_selling_relatively_expensive_things/,[masked],yes,r/Frugal,Financial & investment
2024-01-09,Sell investments to pay down mortgage?,https://www.reddit.com/r/personalfinance/comments/191qq5k/sell_investments_to_pay_down_mortgage/,[masked],yes,r/personalfinance,Financial & investment
2023-08-20,"Account in collections, possible to still buy a car?",https://www.reddit.com/r/personalfinance/comments/15wckb3/account_in_collections_possible_to_still_buy_a_car/,[masked],yes,r/personalfinance,Financial & investment
2020-03-23,Dollar cost average vs time in the market with lump sums of money?,https://www.reddit.com/r/personalfinance/comments/fnkiq9/dollar_cost_average_vs_time_in_the_market_with/,[masked],yes,r/personalfinance,Financial & investment
2021-02-13,Seeking Input on Retirement Glidepath,https://www.reddit.com/r/personalfinance/comments/liwafw/seeking_input_on_retirement_glidepath/,[masked],yes,r/personalfinance,Financial & investment
2021-01-26,Sometimes you save money by losing money.,https://www.reddit.com/r/Frugal/comments/l5dqyi/sometimes_you_save_money_by_losing_money/,[masked],yes,r/Frugal,Financial & investment
2024-03-05,Investing for retirement but whattttttt?,https://www.reddit.com/r/investing/comments/1b6rvh2/investing_for_retirement_but_whattttttt/,[masked],yes,r/investing,Financial & investment
2020-01-06,I switched from $700 phone to $300 phone,https://www.reddit.com/r/Frugal/comments/ekjpjh/i_switched_from_700_phone_to_300_phone/,[masked],yes,r/Frugal,Financial & investment
2024-07-29,"Stock options given for private company, no payout after question.",https://www.reddit.com/r/investing/comments/1eev7us/stock_options_given_for_private_company_no_payout/,[masked],yes,r/investing,Financial & investment
2024-03-05,Investing 100k for immediate or long term use ,https://www.reddit.com/r/investing/comments/1b6vk6h/investing_100k_for_immediate_or_long_term_use/,[masked],yes,r/investing,Financial & investment
2020-09-09,Is it worth it to upgrade your wardrobe every few years?,https://www.reddit.com/r/Frugal/comments/ip8lwf/is_it_worth_it_to_upgrade_your_wardrobe_every_few/,[masked],yes,r/Frugal,Financial & investment
2024-08-29,Insurance costs?,https://www.reddit.com/r/Frugal/comments/1f3lji9/insurance_costs/,[masked],yes,r/Frugal,Financial & investment
2023-03-06,Major Contributions Mistake,https://www.reddit.com/r/personalfinance/comments/11jhb4p/major_contributions_mistake/,[masked],yes,r/personalfinance,Financial & investment
2022-09-21,I didn't understand credit until it was too late,https://www.reddit.com/r/personalfinance/comments/xjx9aq/i_didnt_understand_credit_until_it_was_too_late/,[masked],yes,r/personalfinance,Financial & investment
2020-07-19,Should I repair or get a new(er) car,https://www.reddit.com/r/personalfinance/comments/httz45/should_i_repair_or_get_a_newer_car/,[masked],yes,r/personalfinance,Financial & investment
2020-10-11,Anyone else get judged for being frugal?,https://www.reddit.com/r/Frugal/comments/j8noh4/anyone_else_get_judged_for_being_frugal/,[masked],yes,r/Frugal,Financial & investment
2022-10-14,Please help. I need health insurance advice. I’m desperate.,https://www.reddit.com/r/Frugal/comments/y3meve/please_help_i_need_health_insurance_advice_im/,[masked],yes,r/Frugal,Financial & investment
2024-12-11,How many credit cards is too many ?,https://www.reddit.com/r/personalfinance/comments/1hbiytj/how_many_credit_cards_is_too_many/,[masked],yes,r/personalfinance,Financial & investment
2020-09-14,"Household Income has been cut in half, changes in our spending need to change.",https://www.reddit.com/r/Frugal/comments/is7viy/household_income_has_been_cut_in_half_changes_in/,[masked],yes,r/Frugal,Financial & investment
2024-08-21,Trying to say frugal while also staying concious of ingredients?,https://www.reddit.com/r/Frugal/comments/1exiwgf/trying_to_say_frugal_while_also_staying_concious/,[masked],yes,r/Frugal,Financial & investment
2024-09-24,"About to graduate medical school, and would love personal finance book recs!",https://www.reddit.com/r/personalfinance/comments/1foeomm/about_to_graduate_medical_school_and_would_love/,[masked],yes,r/personalfinance,Financial & investment
2022-08-12,Frugal Year 2023,https://www.reddit.com/r/Frugal/comments/wml1nl/frugal_year_2023/,[masked],yes,r/Frugal,Financial & investment
2023-03-10,Freezer part of refrigerator died 2007 model. Replace or repair ?,https://www.reddit.com/r/Frugal/comments/11mxaie/freezer_part_of_refrigerator_died_2007_model/,[masked],yes,r/Frugal,Financial & investment
2024-01-27,I need advice: Drop my minor or stick to a hard final semester?,https://www.reddit.com/r/college/comments/1ac4bmd/i_need_advice_drop_my_minor_or_stick_to_a_hard/,[masked],yes,r/college,Education & academy
2022-08-25,i screwed up bad… i never officially withdrew from the college and it’s been 2-3 weeks into the semester. what’s gonna happen?,https://www.reddit.com/r/college/comments/wwweie/i_screwed_up_bad_i_never_officially_withdrew_from/,[masked],yes,r/college,Education & academy
2024-05-16,Is it worth it pursuing a PhD when there are already papers on the topic?,https://www.reddit.com/r/academia/comments/1ct82w5/is_it_worth_it_pursuing_a_phd_when_there_are/,[masked],yes,r/academia,Education & academy
2024-03-05,Research scientist at a FAANG company -> TT faculty?,https://www.reddit.com/r/academia/comments/1b6oqci/research_scientist_at_a_faang_company_tt_faculty/,[masked],yes,r/academia,Education & academy
2022-03-09,4 Waitlists...The Wait Continues :'),https://www.reddit.com/r/gradadmissions/comments/t9onyu/4_waitliststhe_wait_continues/,[masked],yes,r/gradadmissions,Education & academy
2020-09-27,Which PhD should I undertake?,https://www.reddit.com/r/GradSchool/comments/j0p8ms/which_phd_should_i_undertake/,[masked],yes,r/GradSchool,Education & academy
2020-07-17,PI not reviewing the necessary documents,https://www.reddit.com/r/GradSchool/comments/hsgdlq/pi_not_reviewing_the_necessary_documents/,[masked],yes,r/GradSchool,Education & academy
2021-08-26,[Graduate degrees in Business/ Information Systems/ Engineering] Real world Applicable experiences in Academia,https://www.reddit.com/r/academia/comments/pc1bwo/graduate_degrees_in_business_information_systems/,[masked],yes,r/academia,Education & academy
2021-10-04,"If you are an asst prof or higher in rung, and you were truly given a free choice. Would you or would you not do research? Why?",https://www.reddit.com/r/academia/comments/q14bjk/if_you_are_an_asst_prof_or_higher_in_rung_and_you/,[masked],yes,r/academia,Education & academy
2024-04-21,Can a masters thesis just be on the history of a subject?,https://www.reddit.com/r/GradSchool/comments/1c95zy4/can_a_masters_thesis_just_be_on_the_history_of_a/,[masked],yes,r/GradSchool,Education & academy
2020-02-18,Help deciding between two PhD programs for paleontology?,https://www.reddit.com/r/GradSchool/comments/f5cft1/help_deciding_between_two_phd_programs_for/,[masked],yes,r/GradSchool,Education & academy
2021-04-01,Deadline is tomorrow and I’m still waiting for my last professor to submit LOR :-/,https://www.reddit.com/r/gradadmissions/comments/mhcxua/deadline_is_tomorrow_and_im_still_waiting_for_my/,[masked],yes,r/gradadmissions,Education & academy
2021-10-17,This probably gets asked a billion times but I want to know if getting a BA vs. a BS in chemistry matters a lot for graduate (specifically PhD) programs,https://www.reddit.com/r/gradadmissions/comments/q9gpcx/this_probably_gets_asked_a_billion_times_but_i/,[masked],yes,r/gradadmissions,Education & academy
2023-04-20,Multiple Fs and D-s on transcript,https://www.reddit.com/r/GradSchool/comments/12sj2vi/multiple_fs_and_ds_on_transcript/,[masked],yes,r/GradSchool,Education & academy
2021-01-20,Is anyone here doing an industry PhD?,https://www.reddit.com/r/GradSchool/comments/l0opvx/is_anyone_here_doing_an_industry_phd/,[masked],yes,r/GradSchool,Education & academy
2020-03-24,Rescind offer because of Covid-19,https://www.reddit.com/r/academia/comments/fnpfiu/rescind_offer_because_of_covid19/,[masked],yes,r/academia,Education & academy
2022-04-20,Terminal Masters or more research and apply?,https://www.reddit.com/r/GradSchool/comments/u7m8bk/terminal_masters_or_more_research_and_apply/,[masked],yes,r/GradSchool,Education & academy
2022-07-30,Retake courses or do a post bacc?,https://www.reddit.com/r/college/comments/wbdc3k/retake_courses_or_do_a_post_bacc/,[masked],yes,r/college,Education & academy
2024-03-21,Sent an email requesting a recommendation letter but never heard back,https://www.reddit.com/r/academia/comments/1bk9rj0/sent_an_email_requesting_a_recommendation_letter/,[masked],yes,r/academia,Education & academy
2023-01-06,How do I work while in college?,https://www.reddit.com/r/college/comments/104p9p8/how_do_i_work_while_in_college/,[masked],yes,r/college,Education & academy
2022-09-05,Should I leave my tenured position?,https://www.reddit.com/r/academia/comments/x6gmxf/should_i_leave_my_tenured_position/,[masked],yes,r/academia,Education & academy
2024-05-16,Advice for a high schooler interested in academia,https://www.reddit.com/r/academia/comments/1ctch3a/advice_for_a_high_schooler_interested_in_academia/,[masked],yes,r/academia,Education & academy
2024-09-27,Balancing a college business and studies - any advice?,https://www.reddit.com/r/college/comments/1fq8j81/balancing_a_college_business_and_studies_any/,[masked],yes,r/college,Education & academy
2024-09-12,Just realized requirements from professors heavily vary in different fields. Why is that so?,https://www.reddit.com/r/academia/comments/1feqfpo/just_realized_requirements_from_professors/,[masked],yes,r/academia,Education & academy
2022-09-27,How do I put myself through college without money?,https://www.reddit.com/r/college/comments/xpj4o4/how_do_i_put_myself_through_college_without_money/,[masked],yes,r/college,Education & academy
2023-05-28,target university wrote the application deadline wrong,https://www.reddit.com/r/academia/comments/13tytis/target_university_wrote_the_application_deadline/,[masked],yes,r/academia,Education & academy
2023-11-01,Financial aid appeal in grad school,https://www.reddit.com/r/GradSchool/comments/17kspjr/financial_aid_appeal_in_grad_school/,[masked],yes,r/GradSchool,Education & academy
2020-06-30,Opinions in retaking class for better competitive profile?,https://www.reddit.com/r/gradadmissions/comments/hi5k1t/opinions_in_retaking_class_for_better_competitive/,[masked],yes,r/gradadmissions,Education & academy
2021-03-21,Tips for Pre-defense anxiety,https://www.reddit.com/r/GradSchool/comments/m9e8t5/tips_for_predefense_anxiety/,[masked],yes,r/GradSchool,Education & academy
2022-06-01,MA Lit questions,https://www.reddit.com/r/GradSchool/comments/v2ifaq/ma_lit_questions/,[masked],yes,r/GradSchool,Education & academy
2020-06-09,how viable is it for an undergraduate to publish in a good journal,https://www.reddit.com/r/academia/comments/gzhqdi/how_viable_is_it_for_an_undergraduate_to_publish/,[masked],yes,r/academia,Education & academy
2024-01-15,"Need advice about working full time, being a grad student & exercising",https://www.reddit.com/r/GradSchool/comments/196kanc/need_advice_about_working_full_time_being_a_grad/,[masked],yes,r/GradSchool,Education & academy
2022-02-17,Teacher doesn’t teach anything. Should I drop?,https://www.reddit.com/r/college/comments/sudpcl/teacher_doesnt_teach_anything_should_i_drop/,[masked],yes,r/college,Education & academy
2023-10-25,Victim of sexual harassment at workplace - should I mention this in my SOP?,https://www.reddit.com/r/gradadmissions/comments/17fjvz2/victim_of_sexual_harassment_at_workplace_should_i/,[masked],yes,r/gradadmissions,Education & academy
2023-06-21,Struggling to Make Up for Lost Time After Switching Labs,https://www.reddit.com/r/GradSchool/comments/14etfns/struggling_to_make_up_for_lost_time_after/,[masked],yes,r/GradSchool,Education & academy
2023-01-10,Christian college recommendations?,https://www.reddit.com/r/college/comments/107uur3/christian_college_recommendations/,[masked],yes,r/college,Education & academy
2022-05-09,question about post bacc before graduate program,https://www.reddit.com/r/GradSchool/comments/ulu9li/question_about_post_bacc_before_graduate_program/,[masked],yes,r/GradSchool,Education & academy
2022-04-23,Should I polish my previous semester's work before discussing the project with a potential supervisor? (Asking on behalf of a friend),https://www.reddit.com/r/GradSchool/comments/ua32bo/should_i_polish_my_previous_semesters_work_before/,[masked],yes,r/GradSchool,Education & academy
2021-03-30,I think I am ready to accept an offer...,https://www.reddit.com/r/gradadmissions/comments/mgfhwn/i_think_i_am_ready_to_accept_an_offer/,[masked],yes,r/gradadmissions,Education & academy
2021-01-01,Humanities PhD? Some advice please 🙏,https://www.reddit.com/r/GradSchool/comments/ko4y9a/humanities_phd_some_advice_please/,[masked],yes,r/GradSchool,Education & academy
2020-10-28,Should I Stop Caring about Chemistry? 3.8 GPA,https://www.reddit.com/r/college/comments/jjgbnu/should_i_stop_caring_about_chemistry_38_gpa/,[masked],yes,r/college,Education & academy
2022-10-31,actuarial sci or comp sci major?,https://www.reddit.com/r/academia/comments/yhz8pz/actuarial_sci_or_comp_sci_major/,[masked],yes,r/academia,Education & academy
2022-07-29,Put into a forced triple and don’t know what to do,https://www.reddit.com/r/college/comments/wasgb9/put_into_a_forced_triple_and_dont_know_what_to_do/,[masked],yes,r/college,Education & academy
2024-02-18,"It wouldn’t let me post this in the forensics subreddit, so hopefully I can put it here lol",https://www.reddit.com/r/college/comments/1at7u84/it_wouldnt_let_me_post_this_in_the_forensics/,[masked],yes,r/college,Education & academy
2020-01-27,Should I say I'm a lecturer or senior lecturer (applying for a new post),https://www.reddit.com/r/academia/comments/eu8xup/should_i_say_im_a_lecturer_or_senior_lecturer/,[masked],yes,r/academia,Education & academy
2022-01-29,I'm not ignorant- I'm just awkward!,https://www.reddit.com/r/GradSchool/comments/seyomp/im_not_ignorant_im_just_awkward/,[masked],yes,r/GradSchool,Education & academy
2024-03-03,Should I leave my lab to do my honors thesis? Applying to PhD programs fall 2024,https://www.reddit.com/r/gradadmissions/comments/1b5iblg/should_i_leave_my_lab_to_do_my_honors_thesis/,[masked],yes,r/gradadmissions,Education & academy
2020-06-22,How is it ethical for a professor to teach and test according to a book they wrote?,https://www.reddit.com/r/academia/comments/hdt57f/how_is_it_ethical_for_a_professor_to_teach_and/,[masked],yes,r/academia,Education & academy
2023-02-15,Follow Up Email After Application?,https://www.reddit.com/r/academia/comments/112ypwp/follow_up_email_after_application/,[masked],yes,r/academia,Education & academy
2023-03-07,Did i messed up?,https://www.reddit.com/r/gradadmissions/comments/11kc8xz/did_i_messed_up/,[masked],yes,r/gradadmissions,Education & academy
2022-02-18,Does anyone else with they could experience college without having to worry about grades?,https://www.reddit.com/r/college/comments/svgjqo/does_anyone_else_with_they_could_experience/,[masked],yes,r/college,Education & academy
2021-03-22,No Funding for Program - How to make it work?,https://www.reddit.com/r/GradSchool/comments/maetv0/no_funding_for_program_how_to_make_it_work/,[masked],yes,r/GradSchool,Education & academy
2020-03-09,How do i communicate properly with my teachers?,https://www.reddit.com/r/college/comments/ffeis2/how_do_i_communicate_properly_with_my_teachers/,[masked],yes,r/college,Education & academy
2020-10-01,What are we allowed to talk to professors about?,https://www.reddit.com/r/college/comments/j2x7r3/what_are_we_allowed_to_talk_to_professors_about/,[masked],yes,r/college,Education & academy
2021-11-30,"Oops, I screwed up big time guys :(",https://www.reddit.com/r/college/comments/r59l79/oops_i_screwed_up_big_time_guys/,[masked],yes,r/college,Education & academy
2023-04-28,Rank vs location? (Uncc vs uic),https://www.reddit.com/r/gradadmissions/comments/1316jgq/rank_vs_location_uncc_vs_uic/,[masked],yes,r/gradadmissions,Education & academy
2024-02-12,I (21F) went on a date with a guy (24M) that I met on a dating app. How long do wait before telling him that this won't work out after the first date?,https://www.reddit.com/r/college/comments/1aoxwux/i_21f_went_on_a_date_with_a_guy_24m_that_i_met_on/,[masked],yes,r/college,Education & academy
2023-12-03,Finding international postdoc,https://www.reddit.com/r/academia/comments/189sm31/finding_international_postdoc/,[masked],yes,r/academia,Education & academy
2024-08-26,Help! How to choose the right university as an international student for a CS masters with a focus on getting a job?,https://www.reddit.com/r/gradadmissions/comments/1f1rp3h/help_how_to_choose_the_right_university_as_an/,[masked],yes,r/gradadmissions,Education & academy
2021-07-23,Is the fact that I'm on (master's) thesis draft submission 21 reason enough alone to contact my course coordinator?,https://www.reddit.com/r/GradSchool/comments/oq2djz/is_the_fact_that_im_on_masters_thesis_draft/,[masked],yes,r/GradSchool,Education & academy
2022-02-17,Thesis vs Non-Thesis CS,https://www.reddit.com/r/GradSchool/comments/sudy10/thesis_vs_nonthesis_cs/,[masked],yes,r/GradSchool,Education & academy
2022-03-14,How did you synchronise getting a job with your partner?,https://www.reddit.com/r/academia/comments/tdbkyd/how_did_you_synchronise_getting_a_job_with_your/,[masked],yes,r/academia,Education & academy
2021-03-03,Uncertain On Whether to Change Resaerch Advisor,https://www.reddit.com/r/academia/comments/lwghg6/uncertain_on_whether_to_change_resaerch_advisor/,[masked],yes,r/academia,Education & academy
2024-07-22,Vacation and project,https://www.reddit.com/r/college/comments/1e8qbn1/vacation_and_project/,[masked],yes,r/college,Education & academy
2020-04-09,How rigorous are your classes during the pandemic?,https://www.reddit.com/r/academia/comments/fx9z4l/how_rigorous_are_your_classes_during_the_pandemic/,[masked],yes,r/academia,Education & academy
2022-03-22,How do I derive an adequate thesis on my topic: Cultural Appropriation in Visual Art-its significance and solutions?,https://www.reddit.com/r/academia/comments/tjsggn/how_do_i_derive_an_adequate_thesis_on_my_topic/,[masked],yes,r/academia,Education & academy
2020-09-04,I can't seem to understand these readings,https://www.reddit.com/r/academia/comments/im2wtl/i_cant_seem_to_understand_these_readings/,[masked],yes,r/academia,Education & academy
2021-03-30,English vs business degree,https://www.reddit.com/r/college/comments/mghtxn/english_vs_business_degree/,[masked],yes,r/college,Education & academy
2024-03-28,Should I drop out? Any advice,https://www.reddit.com/r/GradSchool/comments/1bpecv6/should_i_drop_out_any_advice/,[masked],yes,r/GradSchool,Education & academy
2024-04-03,Connecting with other researchers in a foreign country ,https://www.reddit.com/r/academia/comments/1budw5b/connecting_with_other_researchers_in_a_foreign/,[masked],yes,r/academia,Education & academy
2021-11-25,I cannot adjust in my current college.,https://www.reddit.com/r/college/comments/r1swni/i_cannot_adjust_in_my_current_college/,[masked],yes,r/college,Education & academy
2024-02-25,Paying for a Humanities Master? ROI?,https://www.reddit.com/r/GradSchool/comments/1az1wn8/paying_for_a_humanities_master_roi/,[masked],yes,r/GradSchool,Education & academy
2021-08-15,"is melbourne, australia a good country for college?",https://www.reddit.com/r/college/comments/p4r2e4/is_melbourne_australia_a_good_country_for_college/,[masked],yes,r/college,Education & academy
2024-04-12,How do you instruct a difficult student?,https://www.reddit.com/r/academia/comments/1c1tehh/how_do_you_instruct_a_difficult_student/,[masked],yes,r/academia,Education & academy
2021-10-25,Letter of recommendation 7 years after undergrad,https://www.reddit.com/r/GradSchool/comments/qf5ejg/letter_of_recommendation_7_years_after_undergrad/,[masked],yes,r/GradSchool,Education & academy
2020-01-05,Returning,https://www.reddit.com/r/college/comments/eka90j/returning/,[masked],yes,r/college,Education & academy
2021-05-22,Has anyone ever had a class that required thirty books of reading?,https://www.reddit.com/r/GradSchool/comments/nik3qj/has_anyone_ever_had_a_class_that_required_thirty/,[masked],yes,r/GradSchool,Education & academy
2024-08-21,"M.S. or M.Eng. (both coursework)
",https://www.reddit.com/r/gradadmissions/comments/1exoius/ms_or_meng_both_coursework/,[masked],yes,r/gradadmissions,Education & academy
2020-03-21,April 15...,https://www.reddit.com/r/GradSchool/comments/fm618c/april_15/,[masked],yes,r/GradSchool,Education & academy
2023-08-12,I feel overwhelmingly sad about leaving for college.,https://www.reddit.com/r/college/comments/15oxx9a/i_feel_overwhelmingly_sad_about_leaving_for/,[masked],yes,r/college,Education & academy
2024-03-10,UCLA Luskin vs UT Austin LBJ School Reputation/Cost,https://www.reddit.com/r/gradadmissions/comments/1bb4599/ucla_luskin_vs_ut_austin_lbj_school_reputationcost/,[masked],yes,r/gradadmissions,Education & academy
2020-07-17,Tips for a first year starting a PhD?,https://www.reddit.com/r/GradSchool/comments/hsd0py/tips_for_a_first_year_starting_a_phd/,[masked],yes,r/GradSchool,Education & academy
2020-12-22,Should there be a charity to help out lecturers who are out of a job and financially struggling?,https://www.reddit.com/r/academia/comments/khubxb/should_there_be_a_charity_to_help_out_lecturers/,[masked],yes,r/academia,Education & academy
2024-12-15,Schools without recommenders,https://www.reddit.com/r/gradadmissions/comments/1hejs0t/schools_without_recommenders/,[masked],yes,r/gradadmissions,Education & academy
2020-12-16,I did it! I got through my first semester!,https://www.reddit.com/r/GradSchool/comments/ke7prq/i_did_it_i_got_through_my_first_semester/,[masked],yes,r/GradSchool,Education & academy
2022-10-30,How do I recover?,https://www.reddit.com/r/academia/comments/ygtmq8/how_do_i_recover/,[masked],yes,r/academia,Education & academy
2022-06-25,Taking two gap years between high school and college,https://www.reddit.com/r/college/comments/vk3aqs/taking_two_gap_years_between_high_school_and/,[masked],yes,r/college,Education & academy
2020-08-24,Am I missing something?,https://www.reddit.com/r/college/comments/ifjqb4/am_i_missing_something/,[masked],yes,r/college,Education & academy
2022-07-26,Tips for a commuter in college,https://www.reddit.com/r/college/comments/w815ol/tips_for_a_commuter_in_college/,[masked],yes,r/college,Education & academy
2023-08-14,Nervous for college,https://www.reddit.com/r/college/comments/15q6uhy/nervous_for_college/,[masked],yes,r/college,Education & academy
2020-02-16,My partner and I applied for physics PhD programs together. So far we haven't gotten into the same programs. For those who have been in similar positions: what did you do? Did you try long distance?,https://www.reddit.com/r/GradSchool/comments/f4fkn8/my_partner_and_i_applied_for_physics_phd_programs/,[masked],yes,r/GradSchool,Education & academy
2020-04-20,That one professor who takes forever to grade,https://www.reddit.com/r/college/comments/g4ue2r/that_one_professor_who_takes_forever_to_grade/,[masked],yes,r/college,Education & academy
2020-02-05,Christian in a religion class,https://www.reddit.com/r/college/comments/eyup0k/christian_in_a_religion_class/,[masked],yes,r/college,Education & academy
2024-08-07,Living apart from partner in academia,https://www.reddit.com/r/academia/comments/1emcg91/living_apart_from_partner_in_academia/,[masked],yes,r/academia,Education & academy
2024-05-29,Research Assistant Online Applications,https://www.reddit.com/r/academia/comments/1d3bgju/research_assistant_online_applications/,[masked],yes,r/academia,Education & academy
2023-09-30,Post-Doc Application Hell,https://www.reddit.com/r/GradSchool/comments/16vtuxf/postdoc_application_hell/,[masked],yes,r/GradSchool,Education & academy
2024-12-27,Friend being suspended for fake citations ,https://www.reddit.com/r/academia/comments/1hnew7p/friend_being_suspended_for_fake_citations/,[masked],yes,r/academia,Education & academy
2021-09-20,how do you guys get past the nervousness and anxiety in asking the professors if they can be your supervisors?,https://www.reddit.com/r/gradadmissions/comments/prba6b/how_do_you_guys_get_past_the_nervousness_and/,[masked],yes,r/gradadmissions,Education & academy
2020-10-03,How can I turn my college/life experience around? Feel like I’m falling apart,https://www.reddit.com/r/college/comments/j4biza/how_can_i_turn_my_collegelife_experience_around/,[masked],yes,r/college,Education & academy
2022-10-09,Networking at conferences,https://www.reddit.com/r/GradSchool/comments/xzmpac/networking_at_conferences/,[masked],yes,r/GradSchool,Education & academy
2021-09-07,I just keep thinking about quitting.,https://www.reddit.com/r/GradSchool/comments/pjgazg/i_just_keep_thinking_about_quitting/,[masked],yes,r/GradSchool,Education & academy
2023-11-29,2023-2024 Common App essay showing up as AI-Generated,https://www.reddit.com/r/college/comments/186ia8n/20232024_common_app_essay_showing_up_as/,[masked],yes,r/college,Education & academy
2024-02-21,Feel duped by my supervisor,https://www.reddit.com/r/academia/comments/1awcghn/feel_duped_by_my_supervisor/,[masked],yes,r/academia,Education & academy
2020-01-06,Advice on tackling a research chapter/planning,https://www.reddit.com/r/GradSchool/comments/ekslb8/advice_on_tackling_a_research_chapterplanning/,[masked],yes,r/GradSchool,Education & academy
2024-06-26,Masters struggles,https://www.reddit.com/r/GradSchool/comments/1dojufr/masters_struggles/,[masked],yes,r/GradSchool,Education & academy
2020-07-30,Taking introductory class at local university to get a letter of rec?,https://www.reddit.com/r/gradadmissions/comments/i05lps/taking_introductory_class_at_local_university_to/,[masked],yes,r/gradadmissions,Education & academy
2021-02-22,Are Grad Student's paid enough?,https://www.reddit.com/r/GradSchool/comments/lpdess/are_grad_students_paid_enough/,[masked],yes,r/GradSchool,Education & academy
2020-05-27,Is there any literature on the history of academia in the United States?,https://www.reddit.com/r/academia/comments/gr188x/is_there_any_literature_on_the_history_of/,[masked],yes,r/academia,Education & academy
2021-03-23,Anyone here have any experience getting a Masters of Art in Teaching?,https://www.reddit.com/r/GradSchool/comments/masn07/anyone_here_have_any_experience_getting_a_masters/,[masked],yes,r/GradSchool,Education & academy
2021-05-11,Advice on job search going nowhere,https://www.reddit.com/r/GradSchool/comments/n9zj6p/advice_on_job_search_going_nowhere/,[masked],yes,r/GradSchool,Education & academy
2023-12-15,missed deadline,https://www.reddit.com/r/gradadmissions/comments/18ils2e/missed_deadline/,[masked],yes,r/gradadmissions,Education & academy
2022-03-19,Burnt out Spanish Major: what helps?,https://www.reddit.com/r/college/comments/th5i99/burnt_out_spanish_major_what_helps/,[masked],yes,r/college,Education & academy
2023-12-11,Tenure is not heaven,https://www.reddit.com/r/academia/comments/18fawnt/tenure_is_not_heaven/,[masked],yes,r/academia,Education & academy
2021-01-21,Can’t take it.... but oddly okay with it,https://www.reddit.com/r/GradSchool/comments/l20mit/cant_take_it_but_oddly_okay_with_it/,[masked],yes,r/GradSchool,Education & academy
2020-12-11,Anxious about college,https://www.reddit.com/r/college/comments/kb21q6/anxious_about_college/,[masked],yes,r/college,Education & academy
2021-08-30,Applying to grad school (MA Ed clinical mental health counseling) and I am terrified,https://www.reddit.com/r/GradSchool/comments/pegos9/applying_to_grad_school_ma_ed_clinical_mental/,[masked],yes,r/GradSchool,Education & academy
2024-09-06,Academic Self-Consciousness,https://www.reddit.com/r/college/comments/1fa60rq/academic_selfconsciousness/,[masked],yes,r/college,Education & academy
2021-10-19,MA in International Relations with BA in Economics,https://www.reddit.com/r/GradSchool/comments/qau4po/ma_in_international_relations_with_ba_in_economics/,[masked],yes,r/GradSchool,Education & academy
2021-02-14,Concerned that my teaching this semester was not sufficient?,https://www.reddit.com/r/academia/comments/ljcwiq/concerned_that_my_teaching_this_semester_was_not/,[masked],yes,r/academia,Education & academy
2023-08-30,i’m leaving and it’s NOT my first year and i feel worried for leaving my mom.,https://www.reddit.com/r/college/comments/16561yz/im_leaving_and_its_not_my_first_year_and_i_feel/,[masked],yes,r/college,Education & academy
2022-08-14,Odd behaviour from tutor,https://www.reddit.com/r/academia/comments/wntk7t/odd_behaviour_from_tutor/,[masked],yes,r/academia,Education & academy
2023-07-13,How to know if a potential is toxic/supportive ahead of PhD?,https://www.reddit.com/r/gradadmissions/comments/14yh55o/how_to_know_if_a_potential_is_toxicsupportive/,[masked],yes,r/gradadmissions,Education & academy
2021-04-21,"Trying to remind myself that I'm not supposed to be 100% all the time being in grad school, during a pandemic, while living at home",https://www.reddit.com/r/GradSchool/comments/muxl1l/trying_to_remind_myself_that_im_not_supposed_to/,[masked],yes,r/GradSchool,Education & academy
2024-05-14,Is it possible to start doing research independently from journals and institutions and make money doing it?,https://www.reddit.com/r/academia/comments/1cradki/is_it_possible_to_start_doing_research/,[masked],yes,r/academia,Education & academy
2020-11-15,How to talk about low GRE score in application?,https://www.reddit.com/r/gradadmissions/comments/jud166/how_to_talk_about_low_gre_score_in_application/,[masked],yes,r/gradadmissions,Education & academy
2024-12-14,Insight/Resources for preparing for PhD program interviews??,https://www.reddit.com/r/gradadmissions/comments/1he4zcx/insightresources_for_preparing_for_phd_program/,[masked],yes,r/gradadmissions,Education & academy
2024-11-19,Will failing ruin my life?,https://www.reddit.com/r/GradSchool/comments/1guajs1/will_failing_ruin_my_life/,[masked],yes,r/GradSchool,Education & academy
2024-03-08,[IA] I (32f and single) was discrimated when applied a PhD,https://www.reddit.com/r/academia/comments/1b9kby8/ia_i_32f_and_single_was_discrimated_when_applied/,[masked],yes,r/academia,Education & academy
2023-02-08,Confused on what to do with committing,https://www.reddit.com/r/college/comments/10wvalj/confused_on_what_to_do_with_committing/,[masked],yes,r/college,Education & academy
2024-01-16,Western Michigan or Central Michigan,https://www.reddit.com/r/college/comments/197ct0i/western_michigan_or_central_michigan/,[masked],yes,r/college,Education & academy
2020-02-18,"Graduate Assistantship doesn't have work, what should I do?",https://www.reddit.com/r/GradSchool/comments/f5frxp/graduate_assistantship_doesnt_have_work_what/,[masked],yes,r/GradSchool,Education & academy
2023-11-28,Where do Professors look for jobs?,https://www.reddit.com/r/academia/comments/185eu6s/where_do_professors_look_for_jobs/,[masked],yes,r/academia,Education & academy
2024-05-26,How do i find people to do research with,https://www.reddit.com/r/college/comments/1d0f6qj/how_do_i_find_people_to_do_research_with/,[masked],yes,r/college,Education & academy
2024-02-09,"Accused of plagiarism, where do i go from here?",https://www.reddit.com/r/academia/comments/1am2lll/accused_of_plagiarism_where_do_i_go_from_here/,[masked],yes,r/academia,Education & academy
2020-06-18,"I (19F) want to start investing. I know a little bit, but very much an amateur and would love advice from fellow college investors",https://www.reddit.com/r/college/comments/haue6p/i_19f_want_to_start_investing_i_know_a_little_bit/,[masked],yes,r/college,Education & academy
2020-05-10,Should I get another degree?,https://www.reddit.com/r/college/comments/gglvuk/should_i_get_another_degree/,[masked],yes,r/college,Education & academy
2023-07-03,MFA alternatives/low GPA,https://www.reddit.com/r/gradadmissions/comments/14ox7z3/mfa_alternativeslow_gpa/,[masked],yes,r/gradadmissions,Education & academy
2021-11-03,Cannot see the bigger picture of my research,https://www.reddit.com/r/GradSchool/comments/ql7n3m/cannot_see_the_bigger_picture_of_my_research/,[masked],yes,r/GradSchool,Education & academy
2023-03-09,"I am about to give up, and don't know how I can fix this.",https://www.reddit.com/r/college/comments/11mbzzh/i_am_about_to_give_up_and_dont_know_how_i_can_fix/,[masked],yes,r/college,Education & academy
2024-04-23,do guys lose feelings if you give quick responses,https://www.reddit.com/r/college/comments/1catwn9/do_guys_lose_feelings_if_you_give_quick_responses/,[masked],yes,r/college,Education & academy
2021-04-04,Still having a quarter life crisis after grad school acceptance,https://www.reddit.com/r/GradSchool/comments/mjhoga/still_having_a_quarter_life_crisis_after_grad/,[masked],yes,r/GradSchool,Education & academy
2023-08-17,I just started my second year and I’m losing it.,https://www.reddit.com/r/college/comments/15tbfu4/i_just_started_my_second_year_and_im_losing_it/,[masked],yes,r/college,Education & academy
2020-04-24,Missed my FINAL,https://www.reddit.com/r/college/comments/g6zkdy/missed_my_final/,[masked],yes,r/college,Education & academy
2024-04-20,Need guidance with World and Regional Higher Education Rankings ,https://www.reddit.com/r/academia/comments/1c82krm/need_guidance_with_world_and_regional_higher/,[masked],yes,r/academia,Education & academy
2023-12-04,Missed my first ever presentation (like an idiot),https://www.reddit.com/r/college/comments/18aap95/missed_my_first_ever_presentation_like_an_idiot/,[masked],yes,r/college,Education & academy
2022-06-13,I’m graduating high school in three months and i have no idea what to do.,https://www.reddit.com/r/college/comments/vapwee/im_graduating_high_school_in_three_months_and_i/,[masked],yes,r/college,Education & academy
2021-02-08,Looking for some advice about getting into MSW with a BA in psych [Canada],https://www.reddit.com/r/GradSchool/comments/ley8hs/looking_for_some_advice_about_getting_into_msw/,[masked],yes,r/GradSchool,Education & academy
2023-05-13,Is an information systems business degree worth it?,https://www.reddit.com/r/college/comments/13fu14c/is_an_information_systems_business_degree_worth_it/,[masked],yes,r/college,Education & academy
2021-12-20,Would it be a bad idea to change my major if I’m over halfway completed with my program?,https://www.reddit.com/r/college/comments/rk891a/would_it_be_a_bad_idea_to_change_my_major_if_im/,[masked],yes,r/college,Education & academy
2023-02-12,non-top-choice prof asking me whether I'm interested,https://www.reddit.com/r/gradadmissions/comments/10zzqet/nontopchoice_prof_asking_me_whether_im_interested/,[masked],yes,r/gradadmissions,Education & academy
2024-11-07,I am alienated and re-considering higher education,https://www.reddit.com/r/GradSchool/comments/1gl8008/i_am_alienated_and_reconsidering_higher_education/,[masked],yes,r/GradSchool,Education & academy
2020-08-19,Brand new!,https://www.reddit.com/r/GradSchool/comments/iclkly/brand_new/,[masked],yes,r/GradSchool,Education & academy
2021-02-03,Struggling: How do I reconcile my research passions with the unfavorable work locations of my intended field?,https://www.reddit.com/r/GradSchool/comments/lbhcrf/struggling_how_do_i_reconcile_my_research/,[masked],yes,r/GradSchool,Education & academy
2024-06-22,Listing unpublished research,https://www.reddit.com/r/gradadmissions/comments/1dlah56/listing_unpublished_research/,[masked],yes,r/gradadmissions,Education & academy
2020-09-25,Studying abroad? Whats your experiences?,https://www.reddit.com/r/college/comments/iz9uba/studying_abroad_whats_your_experiences/,[masked],yes,r/college,Education & academy
2020-02-12,Advice on choosing grad schools/where to visit,https://www.reddit.com/r/GradSchool/comments/f2k1dm/advice_on_choosing_grad_schoolswhere_to_visit/,[masked],yes,r/GradSchool,Education & academy
2021-12-11,Better to trust the admissions page or emails?,https://www.reddit.com/r/gradadmissions/comments/rdnot2/better_to_trust_the_admissions_page_or_emails/,[masked],yes,r/gradadmissions,Education & academy
2022-01-02,How much time do you spend as a master’s student?,https://www.reddit.com/r/GradSchool/comments/ru6lvc/how_much_time_do_you_spend_as_a_masters_student/,[masked],yes,r/GradSchool,Education & academy
2021-04-29,Considering leaving it behind,https://www.reddit.com/r/academia/comments/n0yyvr/considering_leaving_it_behind/,[masked],yes,r/academia,Education & academy
2023-08-25,"My dissertation is due in 5 days, but I have been assigned too many shifts at work. Should I call in sick?",https://www.reddit.com/r/academia/comments/160v1w1/my_dissertation_is_due_in_5_days_but_i_have_been/,[masked],yes,r/academia,Education & academy
2024-03-03,Request for Advice ,https://www.reddit.com/r/GradSchool/comments/1b5gt4a/request_for_advice/,[masked],yes,r/GradSchool,Education & academy
2023-06-23,If you moved for your PhD: How often do you text your undergrad friends?,https://www.reddit.com/r/GradSchool/comments/14go3ag/if_you_moved_for_your_phd_how_often_do_you_text/,[masked],yes,r/GradSchool,Education & academy
2021-10-26,I failed my intro to programming midterm.,https://www.reddit.com/r/college/comments/qfko4m/i_failed_my_intro_to_programming_midterm/,[masked],yes,r/college,Education & academy
2024-09-11,PhD in CS: insights for beginners,https://www.reddit.com/r/GradSchool/comments/1fds7tb/phd_in_cs_insights_for_beginners/,[masked],yes,r/GradSchool,Education & academy
2020-07-28,Tips on making my case for living off-campus?,https://www.reddit.com/r/college/comments/hzeme3/tips_on_making_my_case_for_living_offcampus/,[masked],yes,r/college,Education & academy
2023-04-15,Wishing students Eid mubarak,https://www.reddit.com/r/academia/comments/12m264g/wishing_students_eid_mubarak/,[masked],yes,r/academia,Education & academy
2021-01-25,Advice for leaving PhD program,https://www.reddit.com/r/academia/comments/l4arqt/advice_for_leaving_phd_program/,[masked],yes,r/academia,Education & academy
2022-12-13,after applying...,https://www.reddit.com/r/gradadmissions/comments/zkf5nz/after_applying/,[masked],yes,r/gradadmissions,Education & academy
2021-10-12,Enjoying studying and the academic environment for its own sake. Advice?,https://www.reddit.com/r/academia/comments/q6a7he/enjoying_studying_and_the_academic_environment/,[masked],yes,r/academia,Education & academy
2020-07-09,I'm most likely transferring from CS to Marketing / Advertising and I feel like such a failure.,https://www.reddit.com/r/college/comments/hnso68/im_most_likely_transferring_from_cs_to_marketing/,[masked],yes,r/college,Education & academy
2020-07-22,Does packing for college make anyone else anxious?,https://www.reddit.com/r/college/comments/hvbeq2/does_packing_for_college_make_anyone_else_anxious/,[masked],yes,r/college,Education & academy
2022-06-18,How can I ask HR to change my off ir location?,https://www.reddit.com/r/college/comments/veljl1/how_can_i_ask_hr_to_change_my_off_ir_location/,[masked],yes,r/college,Education & academy
2022-06-01,How to pick a major? Or do I just go to a community college?,https://www.reddit.com/r/college/comments/v1y44t/how_to_pick_a_major_or_do_i_just_go_to_a/,[masked],yes,r/college,Education & academy
2021-03-29,Resume/CV help!,https://www.reddit.com/r/gradadmissions/comments/mf9e7o/resumecv_help/,[masked],yes,r/gradadmissions,Education & academy
2021-06-25,Should I Tell My Advisor About My Plan ?,https://www.reddit.com/r/college/comments/o7jyes/should_i_tell_my_advisor_about_my_plan/,[masked],yes,r/college,Education & academy
2024-11-27,34 - applying to a History PhD program in California,https://www.reddit.com/r/gradadmissions/comments/1h0nxuz/34_applying_to_a_history_phd_program_in_california/,[masked],yes,r/gradadmissions,Education & academy
2020-11-06,"Anyone else feel like universities, departments, and professors aren't taking into account the toll that this weird semester in the midst of covid measures is taking on us?",https://www.reddit.com/r/GradSchool/comments/joya1f/anyone_else_feel_like_universities_departments/,[masked],yes,r/GradSchool,Education & academy
2023-07-04,Is it normal to feel extreme fatigue and exhaustion after finishing my degree?,https://www.reddit.com/r/academia/comments/14pxn4h/is_it_normal_to_feel_extreme_fatigue_and/,[masked],yes,r/academia,Education & academy
2020-07-18,How can I not get nervous about my PhD transfer/upgrade viva?,https://www.reddit.com/r/GradSchool/comments/ht462k/how_can_i_not_get_nervous_about_my_phd/,[masked],yes,r/GradSchool,Education & academy
2024-06-14,Anyone moved into data analyst roles?,https://www.reddit.com/r/academia/comments/1dfdoaf/anyone_moved_into_data_analyst_roles/,[masked],yes,r/academia,Education & academy
2020-09-21,How does this sound for the start of an examinations appeal letter?,https://www.reddit.com/r/college/comments/ix1861/how_does_this_sound_for_the_start_of_an/,[masked],yes,r/college,Education & academy
2021-09-07,Masters from abroad or diploma from India? (BIOINFORMATICS),https://www.reddit.com/r/academia/comments/pj3oem/masters_from_abroad_or_diploma_from_india/,[masked],yes,r/academia,Education & academy
2023-04-06,Philosophy job market UK,https://www.reddit.com/r/academia/comments/12dfk7z/philosophy_job_market_uk/,[masked],yes,r/academia,Education & academy
2020-08-26,Does anyone have any tips on how to keep up with blackboard,https://www.reddit.com/r/college/comments/ih0dl4/does_anyone_have_any_tips_on_how_to_keep_up_with/,[masked],yes,r/college,Education & academy
2021-09-02,Does the university you attend matter in the workplace?,https://www.reddit.com/r/college/comments/pfymaa/does_the_university_you_attend_matter_in_the/,[masked],yes,r/college,Education & academy
2023-01-03,Readjusting after a long break,https://www.reddit.com/r/GradSchool/comments/101nx5z/readjusting_after_a_long_break/,[masked],yes,r/GradSchool,Education & academy
2022-02-17,I don't feel like I'm smart enough to go to grad school so I've just been avoiding it,https://www.reddit.com/r/gradadmissions/comments/su6k8q/i_dont_feel_like_im_smart_enough_to_go_to_grad/,[masked],yes,r/gradadmissions,Education & academy
2020-09-02,"Relatively successful postdoc, but feeling very inert and unmotivated",https://www.reddit.com/r/academia/comments/ikp9km/relatively_successful_postdoc_but_feeling_very/,[masked],yes,r/academia,Education & academy
2021-03-08,"I am waiting for response on acceptance for a project, can I apply to a funded PhD project at the same University?",https://www.reddit.com/r/gradadmissions/comments/m0irsk/i_am_waiting_for_response_on_acceptance_for_a/,[masked],yes,r/gradadmissions,Education & academy
2021-05-11,Major revisions requested after already revising manuscript,https://www.reddit.com/r/academia/comments/n9vfj6/major_revisions_requested_after_already_revising/,[masked],yes,r/academia,Education & academy
2020-05-01,Does this letter seem fine to you?,https://www.reddit.com/r/academia/comments/gb2kle/does_this_letter_seem_fine_to_you/,[masked],yes,r/academia,Education & academy
2020-04-26,is doing two years of community college and transferring to regular university afterwards a good idea?,https://www.reddit.com/r/college/comments/g88ghx/is_doing_two_years_of_community_college_and/,[masked],yes,r/college,Education & academy
2024-06-16,Waitlist blues...,https://www.reddit.com/r/college/comments/1dgqlhg/waitlist_blues/,[masked],yes,r/college,Education & academy
2021-08-07,How do you deal with feeling like a financial burden?,https://www.reddit.com/r/college/comments/ozdy1z/how_do_you_deal_with_feeling_like_a_financial/,[masked],yes,r/college,Education & academy
2022-04-12,Should I find a roommate or go random?,https://www.reddit.com/r/college/comments/u1yak7/should_i_find_a_roommate_or_go_random/,[masked],yes,r/college,Education & academy
2024-08-25,Disappointing your PI I'd cannon.,https://www.reddit.com/r/GradSchool/comments/1f0c3pi/disappointing_your_pi_id_cannon/,[masked],yes,r/GradSchool,Education & academy
2023-06-20,Graduate research assistance details,https://www.reddit.com/r/GradSchool/comments/14dst0b/graduate_research_assistance_details/,[masked],yes,r/GradSchool,Education & academy
2021-11-12,Would a certificate in human gross anatomy benefit someone striving for a TT position?,https://www.reddit.com/r/academia/comments/qrvpas/would_a_certificate_in_human_gross_anatomy/,[masked],yes,r/academia,Education & academy
2020-02-23,Imposter Syndrome applying to Grad School due to my crappy grades,https://www.reddit.com/r/GradSchool/comments/f84s43/imposter_syndrome_applying_to_grad_school_due_to/,[masked],yes,r/GradSchool,Education & academy
2023-08-30,Roomate/ living situation,https://www.reddit.com/r/college/comments/164p37k/roomate_living_situation/,[masked],yes,r/college,Education & academy
2023-01-11,Prof sent me her papers ahead of interview -- What do I do?,https://www.reddit.com/r/GradSchool/comments/108mam6/prof_sent_me_her_papers_ahead_of_interview_what/,[masked],yes,r/GradSchool,Education & academy
2022-09-18,Should I put dropping out of a different grad program in my CV when applying for others?,https://www.reddit.com/r/GradSchool/comments/xhemrt/should_i_put_dropping_out_of_a_different_grad/,[masked],yes,r/GradSchool,Education & academy
2024-03-12,Jobs,https://www.reddit.com/r/college/comments/1bcnr3d/jobs/,[masked],yes,r/college,Education & academy
2024-12-14,What advice would you give me? Finishing MSc and thinking about phd offer,https://www.reddit.com/r/academia/comments/1hdmyhp/what_advice_would_you_give_me_finishing_msc_and/,[masked],yes,r/academia,Education & academy
2020-11-29,Dealing with feeling isolated and ignored?,https://www.reddit.com/r/GradSchool/comments/k2zee9/dealing_with_feeling_isolated_and_ignored/,[masked],yes,r/GradSchool,Education & academy
2021-03-09,Glasgow School of Art - MLitt Art Writing,https://www.reddit.com/r/academia/comments/m12m5a/glasgow_school_of_art_mlitt_art_writing/,[masked],yes,r/academia,Education & academy
2020-10-23,Dilemma to postpone application or switch fields,https://www.reddit.com/r/gradadmissions/comments/jg3ufa/dilemma_to_postpone_application_or_switch_fields/,[masked],yes,r/gradadmissions,Education & academy
2020-11-25,"I want to go to grad school. Everything else is in good shape but my GPA, and I feel lost because of it. Any advice?",https://www.reddit.com/r/GradSchool/comments/k0l12p/i_want_to_go_to_grad_school_everything_else_is_in/,[masked],yes,r/GradSchool,Education & academy
2023-11-02,How do you make yourself care about gen eds?,https://www.reddit.com/r/college/comments/17lm0rs/how_do_you_make_yourself_care_about_gen_eds/,[masked],yes,r/college,Education & academy
2022-10-05,LOR from a past employer,https://www.reddit.com/r/gradadmissions/comments/xw3oyp/lor_from_a_past_employer/,[masked],yes,r/gradadmissions,Education & academy
2021-09-05,International TA Experience,https://www.reddit.com/r/GradSchool/comments/pi4jhn/international_ta_experience/,[masked],yes,r/GradSchool,Education & academy
2023-08-22,What to do at an academic conference?,https://www.reddit.com/r/academia/comments/15xuvzw/what_to_do_at_an_academic_conference/,[masked],yes,r/academia,Education & academy
2020-03-20,Don't know what else I could've done to make myself more competitive,https://www.reddit.com/r/gradadmissions/comments/fllwic/dont_know_what_else_i_couldve_done_to_make_myself/,[masked],yes,r/gradadmissions,Education & academy
2021-03-05,How do I politely remind/follow up with my professor,https://www.reddit.com/r/college/comments/ly5mz6/how_do_i_politely_remindfollow_up_with_my/,[masked],yes,r/college,Education & academy
2023-11-03,International Carers and their Tendency to have a Master's?,https://www.reddit.com/r/academia/comments/17mr16n/international_carers_and_their_tendency_to_have_a/,[masked],yes,r/academia,Education & academy
2023-06-26,Applying to Political Science Ph.D. - Advice?,https://www.reddit.com/r/gradadmissions/comments/14itlas/applying_to_political_science_phd_advice/,[masked],yes,r/gradadmissions,Education & academy
2022-12-03,Lost interest in research?,https://www.reddit.com/r/academia/comments/zat5e4/lost_interest_in_research/,[masked],yes,r/academia,Education & academy
2024-11-09,Feel awkward telling roommate I have other friends?,https://www.reddit.com/r/college/comments/1gn0sqi/feel_awkward_telling_roommate_i_have_other_friends/,[masked],yes,r/college,Education & academy
2022-04-05,Secret side job,https://www.reddit.com/r/GradSchool/comments/twomgv/secret_side_job/,[masked],yes,r/GradSchool,Education & academy
2022-04-04,"How to be a part of academia as a non-student, non-professor?",https://www.reddit.com/r/academia/comments/tw2ruu/how_to_be_a_part_of_academia_as_a_nonstudent/,[masked],yes,r/academia,Education & academy
2021-02-26,"Hey, I am a grad school aspirant, it's my dream to be a researcher, but the posts here seem to be depressing.",https://www.reddit.com/r/GradSchool/comments/lsdlj0/hey_i_am_a_grad_school_aspirant_its_my_dream_to/,[masked],yes,r/GradSchool,Education & academy
2022-12-11,Unsure what I want to do in life.,https://www.reddit.com/r/college/comments/zimpg7/unsure_what_i_want_to_do_in_life/,[masked],yes,r/college,Education & academy
2020-04-17,MS Computer Science - Northeastern ALIGN or USC ?,https://www.reddit.com/r/gradadmissions/comments/g2iavs/ms_computer_science_northeastern_align_or_usc/,[masked],yes,r/gradadmissions,Education & academy
2023-03-16,Missed quizzes - last semester,https://www.reddit.com/r/GradSchool/comments/11swgam/missed_quizzes_last_semester/,[masked],yes,r/GradSchool,Education & academy
2023-09-29,Any Insight on Changing Majors?,https://www.reddit.com/r/college/comments/16ukayo/any_insight_on_changing_majors/,[masked],yes,r/college,Education & academy
2021-11-30,"Credentials after name on Linkedin, etc",https://www.reddit.com/r/GradSchool/comments/r5eota/credentials_after_name_on_linkedin_etc/,[masked],yes,r/GradSchool,Education & academy
2022-02-23,"Education major, very skeptical about continuing with this major.",https://www.reddit.com/r/college/comments/sytwu5/education_major_very_skeptical_about_continuing/,[masked],yes,r/college,Education & academy
2021-03-27,Questions on First Steps,https://www.reddit.com/r/GradSchool/comments/mdsadh/questions_on_first_steps/,[masked],yes,r/GradSchool,Education & academy
2023-02-16,When you see nepotism from the front row,https://www.reddit.com/r/academia/comments/113ov18/when_you_see_nepotism_from_the_front_row/,[masked],yes,r/academia,Education & academy
2024-05-04,Feeling disillusioned with academia.,https://www.reddit.com/r/academia/comments/1cjwd0i/feeling_disillusioned_with_academia/,[masked],yes,r/academia,Education & academy
2023-07-17,ADA accommodations and teaching schedule,https://www.reddit.com/r/GradSchool/comments/151uvm0/ada_accommodations_and_teaching_schedule/,[masked],yes,r/GradSchool,Education & academy
2024-02-16,I am having daily panic attacks regarding my preliminary exams,https://www.reddit.com/r/GradSchool/comments/1arwh7u/i_am_having_daily_panic_attacks_regarding_my/,[masked],yes,r/GradSchool,Education & academy
2022-08-11,Should I stay in the city or go back home for school?,https://www.reddit.com/r/college/comments/wljjur/should_i_stay_in_the_city_or_go_back_home_for/,[masked],yes,r/college,Education & academy
2020-12-20,Should I ask my professor for a letter of recommendation or send her a thank email first?,https://www.reddit.com/r/academia/comments/kgkp63/should_i_ask_my_professor_for_a_letter_of/,[masked],yes,r/academia,Education & academy
2020-10-17,My advisor ghosts me,https://www.reddit.com/r/GradSchool/comments/jcglvy/my_advisor_ghosts_me/,[masked],yes,r/GradSchool,Education & academy
2020-10-06,Completing a PhD with mental health problems,https://www.reddit.com/r/GradSchool/comments/j6295m/completing_a_phd_with_mental_health_problems/,[masked],yes,r/GradSchool,Education & academy
2023-10-16,I need reassurance,https://www.reddit.com/r/college/comments/178vhmn/i_need_reassurance/,[masked],yes,r/college,Education & academy
2022-05-17,Does anyone else ever feel like they will never fit in with their peers in academia?,https://www.reddit.com/r/academia/comments/ur1uuy/does_anyone_else_ever_feel_like_they_will_never/,[masked],yes,r/academia,Education & academy
2023-01-30,I'm scared of failing college,https://www.reddit.com/r/college/comments/10ore3c/im_scared_of_failing_college/,[masked],yes,r/college,Education & academy
2020-12-05,"Remote, Part Time Job Recommendation",https://www.reddit.com/r/college/comments/k71nln/remote_part_time_job_recommendation/,[masked],yes,r/college,Education & academy
2022-11-13,How to explain a situation where you switched labs on grant applications,https://www.reddit.com/r/academia/comments/yu3ts7/how_to_explain_a_situation_where_you_switched/,[masked],yes,r/academia,Education & academy
2024-07-09,How do you deal with perfectionists and terror professors?,https://www.reddit.com/r/academia/comments/1dysu7u/how_do_you_deal_with_perfectionists_and_terror/,[masked],yes,r/academia,Education & academy
2024-05-19,How Long do you Wait Before Breaking Publishing Etiquette? ,https://www.reddit.com/r/academia/comments/1cvpmx4/how_long_do_you_wait_before_breaking_publishing/,[masked],yes,r/academia,Education & academy
2020-09-04,"Grad School Abroad- Will a masters in the sciences in Australia, Netherlands, UK, etc transfer to US graduate school?",https://www.reddit.com/r/gradadmissions/comments/im1emm/grad_school_abroad_will_a_masters_in_the_sciences/,[masked],yes,r/gradadmissions,Education & academy
2024-11-08,I couldn’t stop myself from crying in class today. ,https://www.reddit.com/r/college/comments/1glz46e/i_couldnt_stop_myself_from_crying_in_class_today/,[masked],yes,r/college,Education & academy
2024-03-28,My teacher might think I'm likely to commit plagiarism,https://www.reddit.com/r/college/comments/1bphcec/my_teacher_might_think_im_likely_to_commit/,[masked],yes,r/college,Education & academy
2023-11-20,Is it wrong to have hobbies in college?,https://www.reddit.com/r/college/comments/17z1xyx/is_it_wrong_to_have_hobbies_in_college/,[masked],yes,r/college,Education & academy
2024-03-20,Help me decide what major to switch to,https://www.reddit.com/r/college/comments/1bivudv/help_me_decide_what_major_to_switch_to/,[masked],yes,r/college,Education & academy
2020-09-11,Unpopular? Opinion about working in academia,https://www.reddit.com/r/academia/comments/iqo4op/unpopular_opinion_about_working_in_academia/,[masked],yes,r/academia,Education & academy
2024-03-15,Accepted! 2/2,https://www.reddit.com/r/gradadmissions/comments/1bexycj/accepted_22/,[masked],yes,r/gradadmissions,Education & academy
2022-06-14,Dropping out of PhD for industry job?,https://www.reddit.com/r/academia/comments/vbu1c9/dropping_out_of_phd_for_industry_job/,[masked],yes,r/academia,Education & academy
2020-10-14,Embarrassed to ask professors for LOR,https://www.reddit.com/r/GradSchool/comments/jani37/embarrassed_to_ask_professors_for_lor/,[masked],yes,r/GradSchool,Education & academy
2023-10-31,CS Research opportunities after undergrad in India,https://www.reddit.com/r/gradadmissions/comments/17klika/cs_research_opportunities_after_undergrad_in_india/,[masked],yes,r/gradadmissions,Education & academy
2021-01-27,My advisor won't meet with me. Should I be worried?,https://www.reddit.com/r/GradSchool/comments/l5qq9h/my_advisor_wont_meet_with_me_should_i_be_worried/,[masked],yes,r/GradSchool,Education & academy
2023-02-04,Roommates from Hell,https://www.reddit.com/r/college/comments/10spwnk/roommates_from_hell/,[masked],yes,r/college,Education & academy
2021-01-30,Thesis frustration/anxiety,https://www.reddit.com/r/GradSchool/comments/l8012t/thesis_frustrationanxiety/,[masked],yes,r/GradSchool,Education & academy
2022-01-10,I’m struggling,https://www.reddit.com/r/college/comments/s08ho9/im_struggling/,[masked],yes,r/college,Education & academy
2021-01-25,Can we compile a thread of grad application suggestions specific to social sciences/humanities?,https://www.reddit.com/r/gradadmissions/comments/l4eiz0/can_we_compile_a_thread_of_grad_application/,[masked],yes,r/gradadmissions,Education & academy
2022-05-14,I'm disabled and want to go to get a PhD,https://www.reddit.com/r/GradSchool/comments/uoxc05/im_disabled_and_want_to_go_to_get_a_phd/,[masked],yes,r/GradSchool,Education & academy
2024-01-11,"After an academic appeal is denied, what else can be done by a student? Speak to the dean? Have their parents speak to someone ?",https://www.reddit.com/r/college/comments/193o1gw/after_an_academic_appeal_is_denied_what_else_can/,[masked],yes,r/college,Education & academy
2024-09-22,Leaning toward a retry,https://www.reddit.com/r/GradSchool/comments/1fmpxmt/leaning_toward_a_retry/,[masked],yes,r/GradSchool,Education & academy
2022-10-17,Productive things I can do besides scrolling through social media?,https://www.reddit.com/r/college/comments/y5p3uc/productive_things_i_can_do_besides_scrolling/,[masked],yes,r/college,Education & academy
2023-09-18,Expectations for my advisors,https://www.reddit.com/r/GradSchool/comments/16l82ol/expectations_for_my_advisors/,[masked],yes,r/GradSchool,Education & academy
2022-07-19,Need help with my LORs!,https://www.reddit.com/r/gradadmissions/comments/w2mb4p/need_help_with_my_lors/,[masked],yes,r/gradadmissions,Education & academy
2022-08-11,What are some graduate degrees well suited for English majors that don’t lead to law or teaching?,https://www.reddit.com/r/GradSchool/comments/wl1y3a/what_are_some_graduate_degrees_well_suited_for/,[masked],yes,r/GradSchool,Education & academy
2024-04-10,I feel like I want to drop out. Suffering from heavy burnout.,https://www.reddit.com/r/GradSchool/comments/1bzvt8a/i_feel_like_i_want_to_drop_out_suffering_from/,[masked],yes,r/GradSchool,Education & academy
2024-12-28,Questions to ask professors during interview,https://www.reddit.com/r/gradadmissions/comments/1hnqep6/questions_to_ask_professors_during_interview/,[masked],yes,r/gradadmissions,Education & academy
2023-12-04,Should I give up the dream of pursuing a PhD because of the loneliness?,https://www.reddit.com/r/GradSchool/comments/18alxzd/should_i_give_up_the_dream_of_pursuing_a_phd/,[masked],yes,r/GradSchool,Education & academy
2024-08-24,Applying to grad school for next fall and I am afraid,https://www.reddit.com/r/GradSchool/comments/1ezxxgh/applying_to_grad_school_for_next_fall_and_i_am/,[masked],yes,r/GradSchool,Education & academy
2022-03-16,Recently accepted into grad school. Does anyone have experience negotiating scholarship amounts across different institutions?,https://www.reddit.com/r/GradSchool/comments/tew1ii/recently_accepted_into_grad_school_does_anyone/,[masked],yes,r/GradSchool,Education & academy
2023-01-02,Master’s in Science Fields: Do you need an endorsement to apply?,https://www.reddit.com/r/GradSchool/comments/100xs50/masters_in_science_fields_do_you_need_an/,[masked],yes,r/GradSchool,Education & academy
2022-04-08,Does anyone have any tips on asking for a reference?,https://www.reddit.com/r/GradSchool/comments/tz43pm/does_anyone_have_any_tips_on_asking_for_a/,[masked],yes,r/GradSchool,Education & academy
2022-05-11,Who can you/should you follow on social media?,https://www.reddit.com/r/academia/comments/umuzje/who_can_youshould_you_follow_on_social_media/,[masked],yes,r/academia,Education & academy
2023-09-06,How hard is it to get into Oxbridge for Master's?,https://www.reddit.com/r/gradadmissions/comments/16b9b62/how_hard_is_it_to_get_into_oxbridge_for_masters/,[masked],yes,r/gradadmissions,Education & academy
2024-02-13,Scared to make my decision,https://www.reddit.com/r/gradadmissions/comments/1aplg2o/scared_to_make_my_decision/,[masked],yes,r/gradadmissions,Education & academy
2020-02-06,My career requires a degree but the thought of going back to school seems like the worst thing in the world. Tips on how to enjoy school (online classes)?,https://www.reddit.com/r/college/comments/ezfvpa/my_career_requires_a_degree_but_the_thought_of/,[masked],yes,r/college,Education & academy
2024-05-31,Is 5 months of driving an hour each way to class too crazy?,https://www.reddit.com/r/college/comments/1d4kfkp/is_5_months_of_driving_an_hour_each_way_to_class/,[masked],yes,r/college,Education & academy
2022-04-24,Feeling guilty about taking a break.,https://www.reddit.com/r/GradSchool/comments/uaw80a/feeling_guilty_about_taking_a_break/,[masked],yes,r/GradSchool,Education & academy
2022-02-19,"Did anyone here who has been to grad school finish undergrad with no research experience? If so, what route did you take?",https://www.reddit.com/r/GradSchool/comments/swa5hx/did_anyone_here_who_has_been_to_grad_school/,[masked],yes,r/GradSchool,Education & academy
2023-04-11,UC Berkeley humanities PhD concern,https://www.reddit.com/r/gradadmissions/comments/12hpolc/uc_berkeley_humanities_phd_concern/,[masked],yes,r/gradadmissions,Education & academy
2023-07-31,Would My Supervisor Let me Take a Full Time Job After the PhD Funding Runs out and I Write Thesis ?,https://www.reddit.com/r/academia/comments/15ehn5n/would_my_supervisor_let_me_take_a_full_time_job/,[masked],yes,r/academia,Education & academy
2024-03-08,CMU vs Washington University for Robotics,https://www.reddit.com/r/gradadmissions/comments/1b94amr/cmu_vs_washington_university_for_robotics/,[masked],yes,r/gradadmissions,Education & academy
2022-06-03,Is it my responsibility to write my ex PI/advisor’s final report for a funding agency?,https://www.reddit.com/r/academia/comments/v3mxze/is_it_my_responsibility_to_write_my_ex_piadvisors/,[masked],yes,r/academia,Education & academy
2022-01-02,Is it normal to feel alone in grad school?,https://www.reddit.com/r/GradSchool/comments/ru163m/is_it_normal_to_feel_alone_in_grad_school/,[masked],yes,r/GradSchool,Education & academy
2021-07-16,Pls help. Throw out some career or experiences,https://www.reddit.com/r/college/comments/olise5/pls_help_throw_out_some_career_or_experiences/,[masked],yes,r/college,Education & academy
2021-08-03,Does anyone have any “fun” or “exciting” experience with academia?,https://www.reddit.com/r/academia/comments/ox4rj9/does_anyone_have_any_fun_or_exciting_experience/,[masked],yes,r/academia,Education & academy
2023-08-03,Grad school/rent/student loan dilemma Los Angeles,https://www.reddit.com/r/GradSchool/comments/15ge4px/grad_schoolrentstudent_loan_dilemma_los_angeles/,[masked],yes,r/GradSchool,Education & academy
2021-09-18,Professor Gave Me A Kudos ???,https://www.reddit.com/r/college/comments/pq53xq/professor_gave_me_a_kudos/,[masked],yes,r/college,Education & academy
2021-06-21,Going back to school with awful GPA,https://www.reddit.com/r/college/comments/o4laen/going_back_to_school_with_awful_gpa/,[masked],yes,r/college,Education & academy
2020-07-08,Frustrated with how things have been going,https://www.reddit.com/r/GradSchool/comments/hn35ld/frustrated_with_how_things_have_been_going/,[masked],yes,r/GradSchool,Education & academy
2023-03-04,Words of encouragement for balancing grad school/parenthood,https://www.reddit.com/r/GradSchool/comments/11hm6em/words_of_encouragement_for_balancing_grad/,[masked],yes,r/GradSchool,Education & academy
2021-03-27,My Opinion on Group-Specific Fraternities and Sororities in the US. What is yours?,https://www.reddit.com/r/college/comments/me9csc/my_opinion_on_groupspecific_fraternities_and/,[masked],yes,r/college,Education & academy
2024-08-21,"I will be a 23 year old till my graduation, and its making me really insecure.",https://www.reddit.com/r/college/comments/1exjic0/i_will_be_a_23_year_old_till_my_graduation_and/,[masked],yes,r/college,Education & academy
2022-04-25,Should I give up on grad?,https://www.reddit.com/r/GradSchool/comments/uaz1yu/should_i_give_up_on_grad/,[masked],yes,r/GradSchool,Education & academy
2024-08-02,I hate my internship,https://www.reddit.com/r/GradSchool/comments/1ei9qrb/i_hate_my_internship/,[masked],yes,r/GradSchool,Education & academy
2020-04-15,Help with Procrastination,https://www.reddit.com/r/college/comments/g1kevl/help_with_procrastination/,[masked],yes,r/college,Education & academy
2023-04-17,college kid doesn't know what to do lol,https://www.reddit.com/r/college/comments/12osm06/college_kid_doesnt_know_what_to_do_lol/,[masked],yes,r/college,Education & academy
2020-11-10,Best way to take notes with poor handwriting,https://www.reddit.com/r/college/comments/jrdoxg/best_way_to_take_notes_with_poor_handwriting/,[masked],yes,r/college,Education & academy
2021-02-16,I GOT IN TO GRAD SCHOOL what the heck do I do now hehe,https://www.reddit.com/r/gradadmissions/comments/lkmwb9/i_got_in_to_grad_school_what_the_heck_do_i_do_now/,[masked],yes,r/gradadmissions,Education & academy
2023-09-29,Help! At risk of expulsion,https://www.reddit.com/r/college/comments/16upogg/help_at_risk_of_expulsion/,[masked],yes,r/college,Education & academy
2022-09-03,Struggle to find a university for my master's degree in Europe.,https://www.reddit.com/r/gradadmissions/comments/x4vr90/struggle_to_find_a_university_for_my_masters/,[masked],yes,r/gradadmissions,Education & academy
2024-06-29,"Humanities Tips, Tricks, and Essentials?",https://www.reddit.com/r/GradSchool/comments/1dqrtoj/humanities_tips_tricks_and_essentials/,[masked],yes,r/GradSchool,Education & academy
2022-03-23,Accepted at MS Data analytics at Kettering University: Thoughts?,https://www.reddit.com/r/gradadmissions/comments/tkl099/accepted_at_ms_data_analytics_at_kettering/,[masked],yes,r/gradadmissions,Education & academy
2022-01-15,Should I ask for a letter of recommendation,https://www.reddit.com/r/college/comments/s4cwqi/should_i_ask_for_a_letter_of_recommendation/,[masked],yes,r/college,Education & academy
2024-05-10,imposter syndrome,https://www.reddit.com/r/GradSchool/comments/1coqbby/imposter_syndrome/,[masked],yes,r/GradSchool,Education & academy
2022-05-09,"Job interview with industry position today, last minute tips?",https://www.reddit.com/r/academia/comments/ulrbrn/job_interview_with_industry_position_today_last/,[masked],yes,r/academia,Education & academy
2021-04-02,Starting a PhD program this fall!!! Any advice?,https://www.reddit.com/r/academia/comments/mib996/starting_a_phd_program_this_fall_any_advice/,[masked],yes,r/academia,Education & academy
2023-12-05,How to become a competitive candidate for grad school after a ruined integrated master's degree?,https://www.reddit.com/r/academia/comments/18aoi46/how_to_become_a_competitive_candidate_for_grad/,[masked],yes,r/academia,Education & academy
2024-07-04,Is entirely original research for a history thesis impossible?,https://www.reddit.com/r/GradSchool/comments/1dup4vo/is_entirely_original_research_for_a_history/,[masked],yes,r/GradSchool,Education & academy
2021-12-10,Inappropriate Question?,https://www.reddit.com/r/gradadmissions/comments/rcukyk/inappropriate_question/,[masked],yes,r/gradadmissions,Education & academy
2022-06-04,"Seminar Classes, ADHD, and Readings (History)",https://www.reddit.com/r/GradSchool/comments/v44f78/seminar_classes_adhd_and_readings_history/,[masked],yes,r/GradSchool,Education & academy
2023-09-10,Asking Letters of Rec from Husband and Wife Duo for PhD Applications: Conflict of Interest?,https://www.reddit.com/r/GradSchool/comments/16eqmq5/asking_letters_of_rec_from_husband_and_wife_duo/,[masked],yes,r/GradSchool,Education & academy
2023-10-26,Do you all think it's at all beneficial to tell my PI not to contact me again after I leave my program?,https://www.reddit.com/r/GradSchool/comments/17gv1tf/do_you_all_think_its_at_all_beneficial_to_tell_my/,[masked],yes,r/GradSchool,Education & academy
2023-09-01,National Society of Leadership and Succes,https://www.reddit.com/r/college/comments/16794rc/national_society_of_leadership_and_succes/,[masked],yes,r/college,Education & academy
2021-10-11,How do you all use your less productive work hours?,https://www.reddit.com/r/GradSchool/comments/q5uu69/how_do_you_all_use_your_less_productive_work_hours/,[masked],yes,r/GradSchool,Education & academy
2022-09-27,Presentation endurance,https://www.reddit.com/r/GradSchool/comments/xphy66/presentation_endurance/,[masked],yes,r/GradSchool,Education & academy
2023-10-31,What is research like?,https://www.reddit.com/r/academia/comments/17kfgdl/what_is_research_like/,[masked],yes,r/academia,Education & academy
2024-05-29,How to deal with a poorly performing masters student?,https://www.reddit.com/r/academia/comments/1d2u9k9/how_to_deal_with_a_poorly_performing_masters/,[masked],yes,r/academia,Education & academy
2023-10-10,Surviving financially while doing internship requirements?,https://www.reddit.com/r/GradSchool/comments/173zk5v/surviving_financially_while_doing_internship/,[masked],yes,r/GradSchool,Education & academy
2024-10-09,I hate my supervisor,https://www.reddit.com/r/GradSchool/comments/1fzqo5b/i_hate_my_supervisor/,[masked],yes,r/GradSchool,Education & academy
2021-10-04,I’m the dumb person in my class,https://www.reddit.com/r/college/comments/q0m7qf/im_the_dumb_person_in_my_class/,[masked],yes,r/college,Education & academy
2021-10-05,How to keep students motivated,https://www.reddit.com/r/academia/comments/q1fp6v/how_to_keep_students_motivated/,[masked],yes,r/academia,Education & academy
2024-05-02,HELP! ,https://www.reddit.com/r/gradadmissions/comments/1ci0hvd/help/,[masked],yes,r/gradadmissions,Education & academy
2020-08-15,Going back to school after leaving as a sophomore 3 years ago.,https://www.reddit.com/r/college/comments/ia4k7q/going_back_to_school_after_leaving_as_a_sophomore/,[masked],yes,r/college,Education & academy
2021-01-29,changing my major as Junior/senior,https://www.reddit.com/r/college/comments/l7eh49/changing_my_major_as_juniorsenior/,[masked],yes,r/college,Education & academy
2023-10-14,Potential advisor not answering,https://www.reddit.com/r/gradadmissions/comments/1777vl9/potential_advisor_not_answering/,[masked],yes,r/gradadmissions,Education & academy
2023-12-19,I graduated High School without doing any work what so ever. Never once did I turn in Homework or study or quite literally anything. It's really biting my ass in College and I really need help.,https://www.reddit.com/r/academia/comments/18lmjb8/i_graduated_high_school_without_doing_any_work/,[masked],yes,r/academia,Education & academy
2023-06-12,"For people who took only fall/winter classes and worked during summer, what was your experience like.",https://www.reddit.com/r/college/comments/1474mt0/for_people_who_took_only_fallwinter_classes_and/,[masked],yes,r/college,Education & academy
2021-09-13,Bad to transfer?,https://www.reddit.com/r/GradSchool/comments/pn58j4/bad_to_transfer/,[masked],yes,r/GradSchool,Education & academy
2023-11-28,Should I include details of a car accident which affected my productivity during my PhD in a grant application?,https://www.reddit.com/r/academia/comments/185e0x7/should_i_include_details_of_a_car_accident_which/,[masked],yes,r/academia,Education & academy
2023-12-31,Don't like holiday breaks,https://www.reddit.com/r/college/comments/18up6ak/dont_like_holiday_breaks/,[masked],yes,r/college,Education & academy
2020-03-11,Accepted at dream program and solid in-state option: which should I choose?,https://www.reddit.com/r/GradSchool/comments/fgxgzo/accepted_at_dream_program_and_solid_instate/,[masked],yes,r/GradSchool,Education & academy
2020-12-12,Is anyone on a fellowship and living away from their campus?,https://www.reddit.com/r/GradSchool/comments/kbgwpl/is_anyone_on_a_fellowship_and_living_away_from/,[masked],yes,r/GradSchool,Education & academy
2022-03-08,Deciding between two programs,https://www.reddit.com/r/GradSchool/comments/t8staw/deciding_between_two_programs/,[masked],yes,r/GradSchool,Education & academy
2023-07-21,"Got Result on the qualifying exam, its conditional pass",https://www.reddit.com/r/academia/comments/15584o3/got_result_on_the_qualifying_exam_its_conditional/,[masked],yes,r/academia,Education & academy
2023-12-20,Advice pls,https://www.reddit.com/r/GradSchool/comments/18mtyr8/advice_pls/,[masked],yes,r/GradSchool,Education & academy
2023-07-01,Example of Bullying in Academia,https://www.reddit.com/r/academia/comments/14npou8/example_of_bullying_in_academia/,[masked],yes,r/academia,Education & academy
2023-02-15,"Advisor doesn't fully read my thesis drafts, is this normal?",https://www.reddit.com/r/GradSchool/comments/112wa9f/advisor_doesnt_fully_read_my_thesis_drafts_is/,[masked],yes,r/GradSchool,Education & academy
2022-04-27,Anyone else just burnt tf out?,https://www.reddit.com/r/college/comments/ucwc7z/anyone_else_just_burnt_tf_out/,[masked],yes,r/college,Education & academy
2022-11-11,Can I rescind my acceptance to a master’s program?,https://www.reddit.com/r/GradSchool/comments/yse76c/can_i_rescind_my_acceptance_to_a_masters_program/,[masked],yes,r/GradSchool,Education & academy
2021-04-15,How do I become a competitive candidate in a major my school has overlooked?,https://www.reddit.com/r/gradadmissions/comments/mqy4fu/how_do_i_become_a_competitive_candidate_in_a/,[masked],yes,r/gradadmissions,Education & academy
2024-02-27,advice — am I being disadvantaged/neglected by my PI?,https://www.reddit.com/r/academia/comments/1b0x04p/advice_am_i_being_disadvantagedneglected_by_my_pi/,[masked],yes,r/academia,Education & academy
2022-12-22,Graduate Studies with 3-year BSc,https://www.reddit.com/r/gradadmissions/comments/zrtqku/graduate_studies_with_3year_bsc/,[masked],yes,r/gradadmissions,Education & academy
2021-04-21,A class you didn’t need to take but really helped?,https://www.reddit.com/r/college/comments/mv4wbc/a_class_you_didnt_need_to_take_but_really_helped/,[masked],yes,r/college,Education & academy
2023-07-09,how to go about asking for a computer for school?,https://www.reddit.com/r/college/comments/14ua5oh/how_to_go_about_asking_for_a_computer_for_school/,[masked],yes,r/college,Education & academy
2020-01-28,Quitting job early,https://www.reddit.com/r/GradSchool/comments/eur2wr/quitting_job_early/,[masked],yes,r/GradSchool,Education & academy
2024-06-09,I'm interested in my major but I hate school ,https://www.reddit.com/r/college/comments/1dbjyy3/im_interested_in_my_major_but_i_hate_school/,[masked],yes,r/college,Education & academy
2022-01-27,Worried about what I’ll do during my gap year,https://www.reddit.com/r/gradadmissions/comments/sdq0on/worried_about_what_ill_do_during_my_gap_year/,[masked],yes,r/gradadmissions,Education & academy
2023-08-28,Is 100 too old?,https://www.reddit.com/r/college/comments/163l4gp/is_100_too_old/,[masked],yes,r/college,Education & academy
2021-06-30,Is a career in academia worth pursuing?,https://www.reddit.com/r/academia/comments/oaz3yf/is_a_career_in_academia_worth_pursuing/,[masked],yes,r/academia,Education & academy
2023-04-11,Can someone lend me some motivation,https://www.reddit.com/r/GradSchool/comments/12hpusx/can_someone_lend_me_some_motivation/,[masked],yes,r/GradSchool,Education & academy
2021-12-19,Course management - files,https://www.reddit.com/r/academia/comments/rjjk1a/course_management_files/,[masked],yes,r/academia,Education & academy
2020-06-08,"Is it reasonable for a professor to assign a field trip report, given current events?",https://www.reddit.com/r/college/comments/gyjxin/is_it_reasonable_for_a_professor_to_assign_a/,[masked],yes,r/college,Education & academy
2021-07-21,(UK) Humanities: Does it matter what your thesis focused on for a post-doc opportunity?,https://www.reddit.com/r/academia/comments/ooiaen/uk_humanities_does_it_matter_what_your_thesis/,[masked],yes,r/academia,Education & academy
2022-01-09,Career change,https://www.reddit.com/r/GradSchool/comments/rz4xks/career_change/,[masked],yes,r/GradSchool,Education & academy
2024-01-25,moral dilemma: student wants to resign from university committee on socially responsible investing,https://www.reddit.com/r/academia/comments/19f0lrh/moral_dilemma_student_wants_to_resign_from/,[masked],yes,r/academia,Education & academy
2023-10-01,Panic attacks and speeches,https://www.reddit.com/r/academia/comments/16x3k9c/panic_attacks_and_speeches/,[masked],yes,r/academia,Education & academy
2020-11-19,Writing Paralysis,https://www.reddit.com/r/college/comments/jwv6iy/writing_paralysis/,[masked],yes,r/college,Education & academy
2020-09-08,Thoughts of suspending graduate education in light of COVID?,https://www.reddit.com/r/gradadmissions/comments/ior7cb/thoughts_of_suspending_graduate_education_in/,[masked],yes,r/gradadmissions,Education & academy
2024-11-25,Im too feminine for college?,https://www.reddit.com/r/college/comments/1gz345h/im_too_feminine_for_college/,[masked],yes,r/college,Education & academy
2021-06-04,Work-life balance,https://www.reddit.com/r/academia/comments/nrjbn1/worklife_balance/,[masked],yes,r/academia,Education & academy
2024-01-05,is there a way to get through a masters program without amassing huge amounts of debt?,https://www.reddit.com/r/GradSchool/comments/18ysbup/is_there_a_way_to_get_through_a_masters_program/,[masked],yes,r/GradSchool,Education & academy
2024-03-25,Politecnico Di Milano vs TU Delft,https://www.reddit.com/r/gradadmissions/comments/1bndmge/politecnico_di_milano_vs_tu_delft/,[masked],yes,r/gradadmissions,Education & academy
2024-03-19,Help to make a decision,https://www.reddit.com/r/GradSchool/comments/1bilyma/help_to_make_a_decision/,[masked],yes,r/GradSchool,Education & academy
2022-03-25,good degree to go towards?,https://www.reddit.com/r/college/comments/tml2gc/good_degree_to_go_towards/,[masked],yes,r/college,Education & academy
2024-04-29,Anxious about attending upcoming graduation ceremony,https://www.reddit.com/r/GradSchool/comments/1cfs1ny/anxious_about_attending_upcoming_graduation/,[masked],yes,r/GradSchool,Education & academy
2020-09-22,"Making Friends among ""civilians""",https://www.reddit.com/r/GradSchool/comments/ixjvvs/making_friends_among_civilians/,[masked],yes,r/GradSchool,Education & academy
2023-06-02,Is it unprofessional to apply to another internship while one is processing my application?,https://www.reddit.com/r/academia/comments/13xsdhi/is_it_unprofessional_to_apply_to_another/,[masked],yes,r/academia,Education & academy
2021-09-22,Chronological Research Experience VS. Leading With the Important Stuff?,https://www.reddit.com/r/gradadmissions/comments/pspqtt/chronological_research_experience_vs_leading_with/,[masked],yes,r/gradadmissions,Education & academy
2020-12-06,Can I ask my undergrad professors for recommendation letters?,https://www.reddit.com/r/GradSchool/comments/k7sjm9/can_i_ask_my_undergrad_professors_for/,[masked],yes,r/GradSchool,Education & academy
2020-04-18,Should I publish an article with co-authors or without? And how to write about the author's credentials?,https://www.reddit.com/r/academia/comments/g3cjzq/should_i_publish_an_article_with_coauthors_or/,[masked],yes,r/academia,Education & academy
2021-01-25,Decision Making,https://www.reddit.com/r/gradadmissions/comments/l4chuz/decision_making/,[masked],yes,r/gradadmissions,Education & academy
2022-02-03,WILL I REGRET GETTING A PhD?,https://www.reddit.com/r/GradSchool/comments/sjcet4/will_i_regret_getting_a_phd/,[masked],yes,r/GradSchool,Education & academy
2023-08-30,Financial aid issue,https://www.reddit.com/r/college/comments/164y3ha/financial_aid_issue/,[masked],yes,r/college,Education & academy
2023-01-14,Question about fine arts major,https://www.reddit.com/r/college/comments/10b75lg/question_about_fine_arts_major/,[masked],yes,r/college,Education & academy
2020-04-04,Would it be wise to transfer universities again?,https://www.reddit.com/r/college/comments/fuhtmp/would_it_be_wise_to_transfer_universities_again/,[masked],yes,r/college,Education & academy
2020-05-17,What do you wear during grad school?,https://www.reddit.com/r/GradSchool/comments/glg4yn/what_do_you_wear_during_grad_school/,[masked],yes,r/GradSchool,Education & academy
2021-05-08,Health costs in US scaring me!!!,https://www.reddit.com/r/GradSchool/comments/n7d114/health_costs_in_us_scaring_me/,[masked],yes,r/GradSchool,Education & academy
2021-02-16,low GPA check? Like definitely not meeting minimum requirements? Any advice?,https://www.reddit.com/r/gradadmissions/comments/lkypvp/low_gpa_check_like_definitely_not_meeting_minimum/,[masked],yes,r/gradadmissions,Education & academy
2022-09-13,How can I connect with my professors and tutors?,https://www.reddit.com/r/academia/comments/xd7ks5/how_can_i_connect_with_my_professors_and_tutors/,[masked],yes,r/academia,Education & academy
2024-09-17,Advice for Foreign Language Learning for Research Purposes,https://www.reddit.com/r/academia/comments/1ficakb/advice_for_foreign_language_learning_for_research/,[masked],yes,r/academia,Education & academy
2021-12-03,I recently got selected for Bvoc Retail and logistics management and also shortlisted for (Bsc) Hons in geology,https://www.reddit.com/r/gradadmissions/comments/r7h3bw/i_recently_got_selected_for_bvoc_retail_and/,[masked],yes,r/gradadmissions,Education & academy
2020-06-25,Approaching professors for research advice,https://www.reddit.com/r/GradSchool/comments/hfmlxq/approaching_professors_for_research_advice/,[masked],yes,r/GradSchool,Education & academy
2023-03-30,I like academia but I hate the politics that it comes with,https://www.reddit.com/r/academia/comments/125uccj/i_like_academia_but_i_hate_the_politics_that_it/,[masked],yes,r/academia,Education & academy
2020-12-15,"Probably on the verge of failing my Grad school, has anyone here done so as well and how did you move on?",https://www.reddit.com/r/GradSchool/comments/kdadsp/probably_on_the_verge_of_failing_my_grad_school/,[masked],yes,r/GradSchool,Education & academy
2021-08-16,Can someone just take my Thesis seriously?,https://www.reddit.com/r/GradSchool/comments/p5ii1f/can_someone_just_take_my_thesis_seriously/,[masked],yes,r/GradSchool,Education & academy
2024-04-24,Messed Up In Community College and Won't Graduate On Time With Associate's. ,https://www.reddit.com/r/college/comments/1cbfscn/messed_up_in_community_college_and_wont_graduate/,[masked],yes,r/college,Education & academy
2020-03-23,How do I study if there's no exams or tests?,https://www.reddit.com/r/college/comments/fn7ile/how_do_i_study_if_theres_no_exams_or_tests/,[masked],yes,r/college,Education & academy
2021-10-03,Is it worth it to do two masters in close but still different fields?,https://www.reddit.com/r/gradadmissions/comments/pzyvvy/is_it_worth_it_to_do_two_masters_in_close_but/,[masked],yes,r/gradadmissions,Education & academy
2022-03-27,Grad Student Housing,https://www.reddit.com/r/GradSchool/comments/tovsmz/grad_student_housing/,[masked],yes,r/GradSchool,Education & academy
2021-09-30,Do you have business cards made? Thinking about getting some.,https://www.reddit.com/r/GradSchool/comments/py3zo8/do_you_have_business_cards_made_thinking_about/,[masked],yes,r/GradSchool,Education & academy
2022-04-01,How to get over test-related depression,https://www.reddit.com/r/college/comments/ttfnv4/how_to_get_over_testrelated_depression/,[masked],yes,r/college,Education & academy
2021-04-08,nervous for the fall,https://www.reddit.com/r/college/comments/mmha18/nervous_for_the_fall/,[masked],yes,r/college,Education & academy
2021-11-12,PhD life hacks,https://www.reddit.com/r/academia/comments/qsb0gj/phd_life_hacks/,[masked],yes,r/academia,Education & academy
2023-04-03,I applied to study in french without knowing the language,https://www.reddit.com/r/college/comments/12agvj1/i_applied_to_study_in_french_without_knowing_the/,[masked],yes,r/college,Education & academy
2024-08-09,Goodbye letter! ,https://www.reddit.com/r/college/comments/1enjcgo/goodbye_letter/,[masked],yes,r/college,Education & academy
2022-12-13,Self-directed learning as a PhD student,https://www.reddit.com/r/academia/comments/zk70zw/selfdirected_learning_as_a_phd_student/,[masked],yes,r/academia,Education & academy
2020-03-25,How should I ask a professor to enroll in their class without being able to attend the lecture?,https://www.reddit.com/r/college/comments/foa84b/how_should_i_ask_a_professor_to_enroll_in_their/,[masked],yes,r/college,Education & academy
2020-01-26,I don't want joint authorship with my supervisor - advice,https://www.reddit.com/r/GradSchool/comments/eu66nk/i_dont_want_joint_authorship_with_my_supervisor/,[masked],yes,r/GradSchool,Education & academy
2022-05-25,Question about hiring: Interviewed for a position and was told it won’t be filled?,https://www.reddit.com/r/academia/comments/uxdf2z/question_about_hiring_interviewed_for_a_position/,[masked],yes,r/academia,Education & academy
2023-10-12,Job fairs / Swag,https://www.reddit.com/r/college/comments/175p21s/job_fairs_swag/,[masked],yes,r/college,Education & academy
2023-10-05,Technophobic professor does allow me to use collaborative editing using online word processor,https://www.reddit.com/r/academia/comments/16zyurx/technophobic_professor_does_allow_me_to_use/,[masked],yes,r/academia,Education & academy
2022-10-31,struggles in first semester of graduate LIS program/considering dropping after mid-term,https://www.reddit.com/r/GradSchool/comments/yhw5sz/struggles_in_first_semester_of_graduate_lis/,[masked],yes,r/GradSchool,Education & academy
2020-02-20,What pathway to go,https://www.reddit.com/r/college/comments/f6qox7/what_pathway_to_go/,[masked],yes,r/college,Education & academy
2021-03-02,Professors: What do you think about grad students who don't talk much?,https://www.reddit.com/r/academia/comments/lvtizs/professors_what_do_you_think_about_grad_students/,[masked],yes,r/academia,Education & academy
2022-04-16,Do you expect follow ups or confirmations from faculty?,https://www.reddit.com/r/GradSchool/comments/u4prr4/do_you_expect_follow_ups_or_confirmations_from/,[masked],yes,r/GradSchool,Education & academy
2020-04-02,Potential supervisor not replying to email?,https://www.reddit.com/r/GradSchool/comments/ftim3u/potential_supervisor_not_replying_to_email/,[masked],yes,r/GradSchool,Education & academy
2022-08-24,please evaluate my profile for MSCS,https://www.reddit.com/r/gradadmissions/comments/wvt7gd/please_evaluate_my_profile_for_mscs/,[masked],yes,r/gradadmissions,Education & academy
2024-10-09,Roommate constantly smoking CIGARETTES in room,https://www.reddit.com/r/college/comments/1fzgs3v/roommate_constantly_smoking_cigarettes_in_room/,[masked],yes,r/college,Education & academy
2023-07-04,Need some financial advice,https://www.reddit.com/r/college/comments/14py6kl/need_some_financial_advice/,[masked],yes,r/college,Education & academy
2020-04-24,Asking for extra credit in graduate school?,https://www.reddit.com/r/GradSchool/comments/g6ppab/asking_for_extra_credit_in_graduate_school/,[masked],yes,r/GradSchool,Education & academy
2023-05-23,Life moving on at home while away for college,https://www.reddit.com/r/college/comments/13oxswl/life_moving_on_at_home_while_away_for_college/,[masked],yes,r/college,Education & academy
2024-07-05,Financial Aid Impact on Acceptance,https://www.reddit.com/r/GradSchool/comments/1dvi5cj/financial_aid_impact_on_acceptance/,[masked],yes,r/GradSchool,Education & academy
2023-09-21,"Undergrad senior, recently decided I want to go to graduate school: Please help?",https://www.reddit.com/r/academia/comments/16o2aix/undergrad_senior_recently_decided_i_want_to_go_to/,[masked],yes,r/academia,Education & academy
2022-07-05,Marketing+Economics or MIS?,https://www.reddit.com/r/college/comments/vrhc5b/marketingeconomics_or_mis/,[masked],yes,r/college,Education & academy
2023-04-12,College friends,https://www.reddit.com/r/college/comments/12j7dzm/college_friends/,[masked],yes,r/college,Education & academy
2024-07-19,Recent down tick in performance,https://www.reddit.com/r/GradSchool/comments/1e6pxn7/recent_down_tick_in_performance/,[masked],yes,r/GradSchool,Education & academy
2022-10-14,Experiences with out of state internships?,https://www.reddit.com/r/college/comments/y369f3/experiences_with_out_of_state_internships/,[masked],yes,r/college,Education & academy
2021-06-18,Failed an uni exam for the first time. Still have exams to take,https://www.reddit.com/r/college/comments/o2kxxw/failed_an_uni_exam_for_the_first_time_still_have/,[masked],yes,r/college,Education & academy
2022-11-24,Stressed about research/thesis,https://www.reddit.com/r/academia/comments/z2ybmx/stressed_about_researchthesis/,[masked],yes,r/academia,Education & academy
2021-10-21,"Am I screwed for good? I want to veer off CS into Math, but very few universities will let you do that.",https://www.reddit.com/r/GradSchool/comments/qca2zv/am_i_screwed_for_good_i_want_to_veer_off_cs_into/,[masked],yes,r/GradSchool,Education & academy
2023-06-21,Deciding between Stanford and Harvard for postdoc,https://www.reddit.com/r/academia/comments/14f0an3/deciding_between_stanford_and_harvard_for_postdoc/,[masked],yes,r/academia,Education & academy
2022-01-08,"Starting Grad School Next Week, All Advice Is Welcome!",https://www.reddit.com/r/GradSchool/comments/ryt10u/starting_grad_school_next_week_all_advice_is/,[masked],yes,r/GradSchool,Education & academy
2024-02-26,Accepted to more than 7 PhD programs but having doubts,https://www.reddit.com/r/gradadmissions/comments/1azu00n/accepted_to_more_than_7_phd_programs_but_having/,[masked],yes,r/gradadmissions,Education & academy
2024-03-30,Need Help on Finding Masters Programs,https://www.reddit.com/r/gradadmissions/comments/1bquxmb/need_help_on_finding_masters_programs/,[masked],yes,r/gradadmissions,Education & academy
2024-10-16,Going Back to College for Fun,https://www.reddit.com/r/GradSchool/comments/1g4qsyr/going_back_to_college_for_fun/,[masked],yes,r/GradSchool,Education & academy
2024-03-02,Study abroad vs Econ Minor,https://www.reddit.com/r/college/comments/1b40s6p/study_abroad_vs_econ_minor/,[masked],yes,r/college,Education & academy
2024-04-28,What are you researching/publishing about right now within the scope of contemporary social media practices?,https://www.reddit.com/r/academia/comments/1cex1et/what_are_you_researchingpublishing_about_right/,[masked],yes,r/academia,Education & academy
2021-07-24,MS microbiology at Georgetown,https://www.reddit.com/r/GradSchool/comments/oq9p5u/ms_microbiology_at_georgetown/,[masked],yes,r/GradSchool,Education & academy
2024-05-28,How to maintain focus,https://www.reddit.com/r/GradSchool/comments/1d259vg/how_to_maintain_focus/,[masked],yes,r/GradSchool,Education & academy
2024-02-12,"Postdocs, do you use all of your vacation? Why or why not?",https://www.reddit.com/r/academia/comments/1aook12/postdocs_do_you_use_all_of_your_vacation_why_or/,[masked],yes,r/academia,Education & academy
2020-09-30,It's the same routine every day!,https://www.reddit.com/r/gradadmissions/comments/j2hx3p/its_the_same_routine_every_day/,[masked],yes,r/gradadmissions,Education & academy
2022-08-23,Statement of Purpose for MFA applicants,https://www.reddit.com/r/gradadmissions/comments/wvabbb/statement_of_purpose_for_mfa_applicants/,[masked],yes,r/gradadmissions,Education & academy
2020-05-16,Academia is total madness,https://www.reddit.com/r/academia/comments/gkczoa/academia_is_total_madness/,[masked],yes,r/academia,Education & academy
2022-06-14,Academic Integrity Charge,https://www.reddit.com/r/college/comments/vc53qd/academic_integrity_charge/,[masked],yes,r/college,Education & academy
2021-08-28,Am I being too hopeful about graduate school being more like the college experience that I haven’t been able to achieve during undergrad?,https://www.reddit.com/r/college/comments/pd1fcz/am_i_being_too_hopeful_about_graduate_school/,[masked],yes,r/college,Education & academy
2020-08-07,Question about author contributions in grant and postdoc applications,https://www.reddit.com/r/academia/comments/i53umw/question_about_author_contributions_in_grant_and/,[masked],yes,r/academia,Education & academy
2022-05-13,Calclus final tomorrow that I studied weeks for but still feel not ready and nervous. What should I do?,https://www.reddit.com/r/college/comments/uo6rmx/calclus_final_tomorrow_that_i_studied_weeks_for/,[masked],yes,r/college,Education & academy
2024-03-18,Risk in my relationship with my change in careers,https://www.reddit.com/r/academia/comments/1bhseol/risk_in_my_relationship_with_my_change_in_careers/,[masked],yes,r/academia,Education & academy
2021-09-14,Is it worth it to work without pay?,https://www.reddit.com/r/academia/comments/pnoa28/is_it_worth_it_to_work_without_pay/,[masked],yes,r/academia,Education & academy
2022-08-07,Pre-Application Communication with Advisors?,https://www.reddit.com/r/GradSchool/comments/wihtlr/preapplication_communication_with_advisors/,[masked],yes,r/GradSchool,Education & academy
2024-10-05,UMD vs UMich for Political Science MA,https://www.reddit.com/r/GradSchool/comments/1fw8lpg/umd_vs_umich_for_political_science_ma/,[masked],yes,r/GradSchool,Education & academy
2021-04-13,GRAD ASSISTANTSHIP ADVICE NEEDED,https://www.reddit.com/r/GradSchool/comments/mq55sb/grad_assistantship_advice_needed/,[masked],yes,r/GradSchool,Education & academy
2022-03-24,"Why writing literature essay is so hard for someone, that they use some help from essay writing services?",https://www.reddit.com/r/college/comments/tm2lk2/why_writing_literature_essay_is_so_hard_for/,[masked],yes,r/college,Education & academy
2022-05-27,Disability Accommodations- Am I being unreasonable?,https://www.reddit.com/r/academia/comments/uyjchr/disability_accommodations_am_i_being_unreasonable/,[masked],yes,r/academia,Education & academy
2021-06-24,"Feeling very frustrated with my study choices, what should I do?",https://www.reddit.com/r/GradSchool/comments/o6o12g/feeling_very_frustrated_with_my_study_choices/,[masked],yes,r/GradSchool,Education & academy
2021-11-19,I received my contract on the 16th and started working on the 15th,https://www.reddit.com/r/academia/comments/qx0mh6/i_received_my_contract_on_the_16th_and_started/,[masked],yes,r/academia,Education & academy
2024-01-28,Getting engaged/married as a grad student - do I change my name? Help!,https://www.reddit.com/r/GradSchool/comments/1achypd/getting_engagedmarried_as_a_grad_student_do_i/,[masked],yes,r/GradSchool,Education & academy
2023-11-03,Very behind in math can I go into comp sci?,https://www.reddit.com/r/college/comments/17m753j/very_behind_in_math_can_i_go_into_comp_sci/,[masked],yes,r/college,Education & academy
2020-05-09,"I was accepted into all the college's I applied to, but I could barely afford one of them. I feel stuck how do I make myself feel better about going to a college I live so close to?",https://www.reddit.com/r/college/comments/gg76ms/i_was_accepted_into_all_the_colleges_i_applied_to/,[masked],yes,r/college,Education & academy
2020-10-20,feels impossible to stay present,https://www.reddit.com/r/GradSchool/comments/jefxft/feels_impossible_to_stay_present/,[masked],yes,r/GradSchool,Education & academy
2024-01-24,Do I risk not getting funding for my PhD program?,https://www.reddit.com/r/academia/comments/19ehp5z/do_i_risk_not_getting_funding_for_my_phd_program/,[masked],yes,r/academia,Education & academy
2021-07-17,Dropping out last semester in to avoid debt,https://www.reddit.com/r/GradSchool/comments/olqlt6/dropping_out_last_semester_in_to_avoid_debt/,[masked],yes,r/GradSchool,Education & academy
2021-01-19,PhD interview with Noble prize winner,https://www.reddit.com/r/gradadmissions/comments/l05mn5/phd_interview_with_noble_prize_winner/,[masked],yes,r/gradadmissions,Education & academy
2024-06-09,How to dress for summer research fellowship ,https://www.reddit.com/r/academia/comments/1dbiusq/how_to_dress_for_summer_research_fellowship/,[masked],yes,r/academia,Education & academy
2021-09-14,How involved is a typical PI?,https://www.reddit.com/r/GradSchool/comments/pnv23e/how_involved_is_a_typical_pi/,[masked],yes,r/GradSchool,Education & academy
2024-10-30,Holy shit this is overwhelming ???,https://www.reddit.com/r/gradadmissions/comments/1gfby6h/holy_shit_this_is_overwhelming/,[masked],yes,r/gradadmissions,Education & academy
2021-04-20,Choosing grad school,https://www.reddit.com/r/GradSchool/comments/muk4s8/choosing_grad_school/,[masked],yes,r/GradSchool,Education & academy
2023-03-06,Is it normal to feel guilty for not being present in the lab every single weekday?,https://www.reddit.com/r/academia/comments/11jlfyq/is_it_normal_to_feel_guilty_for_not_being_present/,[masked],yes,r/academia,Education & academy
2023-09-28,Why do so many people recognize me around campus?,https://www.reddit.com/r/college/comments/16u15t1/why_do_so_many_people_recognize_me_around_campus/,[masked],yes,r/college,Education & academy
2022-01-06,I quit my masters degree because it killed me with boredom,https://www.reddit.com/r/academia/comments/rx12os/i_quit_my_masters_degree_because_it_killed_me/,[masked],yes,r/academia,Education & academy
2022-07-22,Canadian student looking for distance learning,https://www.reddit.com/r/college/comments/w4s2z8/canadian_student_looking_for_distance_learning/,[masked],yes,r/college,Education & academy
2020-06-09,"PhD funding in US Public vs. Private, international student",https://www.reddit.com/r/gradadmissions/comments/gzdjq9/phd_funding_in_us_public_vs_private_international/,[masked],yes,r/gradadmissions,Education & academy
2020-10-23,Grad applicant looking for some advice and clarity,https://www.reddit.com/r/gradadmissions/comments/jgfief/grad_applicant_looking_for_some_advice_and_clarity/,[masked],yes,r/gradadmissions,Education & academy
2022-09-01,"Graduated master's with top grades, but lost all my passion",https://www.reddit.com/r/GradSchool/comments/x386fa/graduated_masters_with_top_grades_but_lost_all_my/,[masked],yes,r/GradSchool,Education & academy
2023-02-18,Should I major in statistics?,https://www.reddit.com/r/college/comments/115274z/should_i_major_in_statistics/,[masked],yes,r/college,Education & academy
2024-07-17,Where am I supposed to go to meet people?,https://www.reddit.com/r/college/comments/1e4tqgx/where_am_i_supposed_to_go_to_meet_people/,[masked],yes,r/college,Education & academy
2024-05-04,How can I convince my parents I can handle moving across the country for college? ,https://www.reddit.com/r/college/comments/1cjjuxq/how_can_i_convince_my_parents_i_can_handle_moving/,[masked],yes,r/college,Education & academy
2022-04-05,Should I base my college decision on whether or not I can live without a roommate?,https://www.reddit.com/r/college/comments/tw8y82/should_i_base_my_college_decision_on_whether_or/,[masked],yes,r/college,Education & academy
2021-02-17,When (if at all) should I email a program about admissions decisions?,https://www.reddit.com/r/gradadmissions/comments/llxdki/when_if_at_all_should_i_email_a_program_about/,[masked],yes,r/gradadmissions,Education & academy
2021-03-23,Moving to Canada for Grad School?,https://www.reddit.com/r/GradSchool/comments/mbdeoe/moving_to_canada_for_grad_school/,[masked],yes,r/GradSchool,Education & academy
2024-08-26,What does working as a research assistant remotely look like? ,https://www.reddit.com/r/college/comments/1f133fh/what_does_working_as_a_research_assistant/,[masked],yes,r/college,Education & academy
2023-06-24,How much of a deal breaker to girls is it if im short (5'7)?,https://www.reddit.com/r/college/comments/14h8gad/how_much_of_a_deal_breaker_to_girls_is_it_if_im/,[masked],yes,r/college,Education & academy
2023-03-16,HELPP WITH LIFE DECISION,https://www.reddit.com/r/GradSchool/comments/11sm49w/helpp_with_life_decision/,[masked],yes,r/GradSchool,Education & academy
2023-10-19,Mentally ill roommate: pls help,https://www.reddit.com/r/college/comments/17awfiv/mentally_ill_roommate_pls_help/,[masked],yes,r/college,Education & academy
2024-01-11,I keep failing constantly in college and I’m so sick of it. Things need to change.,https://www.reddit.com/r/academia/comments/193dr3w/i_keep_failing_constantly_in_college_and_im_so/,[masked],yes,r/academia,Education & academy
2022-09-02,Need to Vent a Bit,https://www.reddit.com/r/academia/comments/x3hand/need_to_vent_a_bit/,[masked],yes,r/academia,Education & academy
2023-04-15,Hello r/academia. I am thinking about applying for a 2nd bachleor's degree at 25/26 years of age. Guidance Needed.,https://www.reddit.com/r/academia/comments/12mieph/hello_racademia_i_am_thinking_about_applying_for/,[masked],yes,r/academia,Education & academy
2021-03-16,Criteria for evaluating MPA/MPP programs,https://www.reddit.com/r/gradadmissions/comments/m6am7s/criteria_for_evaluating_mpampp_programs/,[masked],yes,r/gradadmissions,Education & academy
2021-10-22,When to ask for financial support,https://www.reddit.com/r/academia/comments/qcyvpr/when_to_ask_for_financial_support/,[masked],yes,r/academia,Education & academy
2022-02-24,Is it normal to have nausea and/or migraines on busy days?,https://www.reddit.com/r/GradSchool/comments/t02ckv/is_it_normal_to_have_nausea_andor_migraines_on/,[masked],yes,r/GradSchool,Education & academy
2020-12-12,Applying Early for the Sake of a Fellowship?,https://www.reddit.com/r/gradadmissions/comments/kb5vyk/applying_early_for_the_sake_of_a_fellowship/,[masked],yes,r/gradadmissions,Education & academy
2021-04-11,Bringing my Gaming PC across the country?,https://www.reddit.com/r/college/comments/mocdzg/bringing_my_gaming_pc_across_the_country/,[masked],yes,r/college,Education & academy
2021-07-22,having a dog in college,https://www.reddit.com/r/college/comments/op4xmo/having_a_dog_in_college/,[masked],yes,r/college,Education & academy
2024-12-02,Job hunt post Msc Management ,https://www.reddit.com/r/gradadmissions/comments/1h4x9wp/job_hunt_post_msc_management/,[masked],yes,r/gradadmissions,Education & academy
2023-05-21,Guys I am struggling right now and this has been on my mind all day.,https://www.reddit.com/r/college/comments/13n4or4/guys_i_am_struggling_right_now_and_this_has_been/,[masked],yes,r/college,Education & academy
2023-07-29,3 items that im bringing to college that no one talks about,https://www.reddit.com/r/college/comments/15c9z40/3_items_that_im_bringing_to_college_that_no_one/,[masked],yes,r/college,Education & academy
2020-09-13,Seeking advice on how to develop an active Research Agenda,https://www.reddit.com/r/GradSchool/comments/irqjzg/seeking_advice_on_how_to_develop_an_active/,[masked],yes,r/GradSchool,Education & academy
2022-03-23,Choosing an MSCS program,https://www.reddit.com/r/gradadmissions/comments/tkuhuw/choosing_an_mscs_program/,[masked],yes,r/gradadmissions,Education & academy
2022-04-17,Junior MechE Major Considering my Options,https://www.reddit.com/r/gradadmissions/comments/u5fefi/junior_meche_major_considering_my_options/,[masked],yes,r/gradadmissions,Education & academy
2020-08-08,Thesis setbacks in the final stretch feel bad,https://www.reddit.com/r/GradSchool/comments/i5gz0b/thesis_setbacks_in_the_final_stretch_feel_bad/,[masked],yes,r/GradSchool,Education & academy
2024-11-13,"Is this normal, or am i getting burnout?",https://www.reddit.com/r/college/comments/1gpu984/is_this_normal_or_am_i_getting_burnout/,[masked],yes,r/college,Education & academy
2024-06-17,Letters of recommendation :/,https://www.reddit.com/r/GradSchool/comments/1dhblvr/letters_of_recommendation/,[masked],yes,r/GradSchool,Education & academy
2023-07-21,Looking for Stories of Tough University Decisions,https://www.reddit.com/r/academia/comments/155byzl/looking_for_stories_of_tough_university_decisions/,[masked],yes,r/academia,Education & academy
2022-07-20,Considering applying for PhD programs directly after MA but have significant debt,https://www.reddit.com/r/GradSchool/comments/w30f0u/considering_applying_for_phd_programs_directly/,[masked],yes,r/GradSchool,Education & academy
2022-06-28,How can I find opportunities at school when I have nothing to show for my resume.,https://www.reddit.com/r/college/comments/vmjz78/how_can_i_find_opportunities_at_school_when_i/,[masked],yes,r/college,Education & academy
2020-09-23,How do you keep your projects organized? (STEM),https://www.reddit.com/r/GradSchool/comments/iy3nb9/how_do_you_keep_your_projects_organized_stem/,[masked],yes,r/GradSchool,Education & academy
2024-03-24,Is it a bad look to challenge your own previously held ideas?,https://www.reddit.com/r/academia/comments/1bmfaia/is_it_a_bad_look_to_challenge_your_own_previously/,[masked],yes,r/academia,Education & academy
2021-11-18,Applying for the second year in a row,https://www.reddit.com/r/gradadmissions/comments/qwbpj1/applying_for_the_second_year_in_a_row/,[masked],yes,r/gradadmissions,Education & academy
2024-09-15,"My physics professor gives us 6 hours of homework a week, do I have options to fix this?",https://www.reddit.com/r/college/comments/1fh4fm9/my_physics_professor_gives_us_6_hours_of_homework/,[masked],yes,r/college,Education & academy
2021-08-17,How can I politely withdraw my intention to pursue a project due to burnout?,https://www.reddit.com/r/academia/comments/p65oeo/how_can_i_politely_withdraw_my_intention_to/,[masked],yes,r/academia,Education & academy
2023-10-18,Etiquette re: only inviting part of your lab to a wedding?,https://www.reddit.com/r/GradSchool/comments/17ap4og/etiquette_re_only_inviting_part_of_your_lab_to_a/,[masked],yes,r/GradSchool,Education & academy
2023-11-17,"So what happens if you’re offered a position in a grad program, but need to wait to hear back about others youve applied to?",https://www.reddit.com/r/GradSchool/comments/17x87tk/so_what_happens_if_youre_offered_a_position_in_a/,[masked],yes,r/GradSchool,Education & academy
2024-09-03,Question about admission to second degree,https://www.reddit.com/r/college/comments/1f7p9iq/question_about_admission_to_second_degree/,[masked],yes,r/college,Education & academy
2020-02-25,UAF or Baylor?,https://www.reddit.com/r/gradadmissions/comments/f8u5uv/uaf_or_baylor/,[masked],yes,r/gradadmissions,Education & academy
2021-02-17,I feel as though all of my teachers are competing to see who can take most of my time,https://www.reddit.com/r/GradSchool/comments/ll9itr/i_feel_as_though_all_of_my_teachers_are_competing/,[masked],yes,r/GradSchool,Education & academy
2022-01-14,"Finished school early, now wonderiing if i should go to grad school?",https://www.reddit.com/r/GradSchool/comments/s3km6d/finished_school_early_now_wonderiing_if_i_should/,[masked],yes,r/GradSchool,Education & academy
2023-04-02,Computer Science masters vs. Data Science masters?,https://www.reddit.com/r/GradSchool/comments/1290809/computer_science_masters_vs_data_science_masters/,[masked],yes,r/GradSchool,Education & academy
2020-09-09,Question above conference reviewing as a doc student,https://www.reddit.com/r/academia/comments/ioyp56/question_above_conference_reviewing_as_a_doc/,[masked],yes,r/academia,Education & academy
2023-06-24,How to manage summer courses and burn out,https://www.reddit.com/r/college/comments/14h8ju9/how_to_manage_summer_courses_and_burn_out/,[masked],yes,r/college,Education & academy
2021-09-09,Meeting a Potential PI in an hour- What should I look for?,https://www.reddit.com/r/gradadmissions/comments/pkw750/meeting_a_potential_pi_in_an_hour_what_should_i/,[masked],yes,r/gradadmissions,Education & academy
2023-08-25,The calm before the storm ( War on Roommate),https://www.reddit.com/r/college/comments/1609402/the_calm_before_the_storm_war_on_roommate/,[masked],yes,r/college,Education & academy
2024-06-18,How to Successfully Apply for a PhD at QS Top 100 Universities,https://www.reddit.com/r/GradSchool/comments/1diryuc/how_to_successfully_apply_for_a_phd_at_qs_top_100/,[masked],yes,r/GradSchool,Education & academy
2023-07-08,Any funding advice appreciated (humanities),https://www.reddit.com/r/academia/comments/14tgcu4/any_funding_advice_appreciated_humanities/,[masked],yes,r/academia,Education & academy
2020-08-06,Missed a Test required to pass the course,https://www.reddit.com/r/college/comments/i4a5wm/missed_a_test_required_to_pass_the_course/,[masked],yes,r/college,Education & academy
2024-08-12,Which grad schools in the USA have the most fun/social culture? Which ones have the friendliest and most fun students?,https://www.reddit.com/r/GradSchool/comments/1eps3gb/which_grad_schools_in_the_usa_have_the_most/,[masked],yes,r/GradSchool,Education & academy
2022-11-17,How to ask a scientist you really don't know much about for collaboration,https://www.reddit.com/r/academia/comments/ywzfkf/how_to_ask_a_scientist_you_really_dont_know_much/,[masked],yes,r/academia,Education & academy
2020-01-10,Is the dissertation process outdated?,https://www.reddit.com/r/GradSchool/comments/emczc6/is_the_dissertation_process_outdated/,[masked],yes,r/GradSchool,Education & academy
2023-06-05,When is it appropriate to re-email a professor?,https://www.reddit.com/r/college/comments/140pngo/when_is_it_appropriate_to_reemail_a_professor/,[masked],yes,r/college,Education & academy
2023-06-21,Is a Second Undergrad Degree even worth it?,https://www.reddit.com/r/college/comments/14ep6zg/is_a_second_undergrad_degree_even_worth_it/,[masked],yes,r/college,Education & academy
2020-03-05,What are some good questions for ask for a student president candidate?,https://www.reddit.com/r/college/comments/fdjpxq/what_are_some_good_questions_for_ask_for_a/,[masked],yes,r/college,Education & academy
2021-09-09,I’m honestly considering switching to online learning rather than in person,https://www.reddit.com/r/college/comments/pkpnwf/im_honestly_considering_switching_to_online/,[masked],yes,r/college,Education & academy
2024-09-13,PhD programs in UK?,https://www.reddit.com/r/GradSchool/comments/1fflj33/phd_programs_in_uk/,[masked],yes,r/GradSchool,Education & academy
2024-04-10,How to push through burnout and exhaustion?,https://www.reddit.com/r/college/comments/1c043nt/how_to_push_through_burnout_and_exhaustion/,[masked],yes,r/college,Education & academy
2022-09-01,Is a Cornell JD worth it in addition to an LLB degree.,https://www.reddit.com/r/academia/comments/x337xa/is_a_cornell_jd_worth_it_in_addition_to_an_llb/,[masked],yes,r/academia,Education & academy
2021-11-16,My major program is a scam. What can I do?,https://www.reddit.com/r/academia/comments/qut22h/my_major_program_is_a_scam_what_can_i_do/,[masked],yes,r/academia,Education & academy
2021-06-11,I got accepted into a great program to study Artificial Intelligence! What can I expect in terms of difficulty compared to undergrad?,https://www.reddit.com/r/GradSchool/comments/nwwpnm/i_got_accepted_into_a_great_program_to_study/,[masked],yes,r/GradSchool,Education & academy
2021-04-27,Transitioning from Experimental to Computational (Chemistry/Materials Science),https://www.reddit.com/r/academia/comments/mzg2mo/transitioning_from_experimental_to_computational/,[masked],yes,r/academia,Education & academy
2020-08-19,PhD Uncertainties - Application,https://www.reddit.com/r/academia/comments/ic6all/phd_uncertainties_application/,[masked],yes,r/academia,Education & academy
2022-12-06,Tactical LOR deflection?,https://www.reddit.com/r/academia/comments/zdtqd1/tactical_lor_deflection/,[masked],yes,r/academia,Education & academy
2022-10-12,"How important is ""prestige,"" really, with PhD programs?",https://www.reddit.com/r/GradSchool/comments/y1phxf/how_important_is_prestige_really_with_phd_programs/,[masked],yes,r/GradSchool,Education & academy
2021-09-13,"Struggling in college, should I talk to my advisor?",https://www.reddit.com/r/college/comments/pmyixx/struggling_in_college_should_i_talk_to_my_advisor/,[masked],yes,r/college,Education & academy
2022-06-28,Prospective Classics MA Applicant,https://www.reddit.com/r/gradadmissions/comments/vmnzdc/prospective_classics_ma_applicant/,[masked],yes,r/gradadmissions,Education & academy
2024-10-24,"As a faculty member, would you find it disrespectful if you found out your students are playing bingo every week ? even if it had a positive effect ?",https://www.reddit.com/r/academia/comments/1gb355g/as_a_faculty_member_would_you_find_it/,[masked],yes,r/academia,Education & academy
2024-04-05,Does a low GPA means no chance of grad school?,https://www.reddit.com/r/GradSchool/comments/1bw4dk6/does_a_low_gpa_means_no_chance_of_grad_school/,[masked],yes,r/GradSchool,Education & academy
2022-10-05,Not clicking with Labmates,https://www.reddit.com/r/GradSchool/comments/xvq957/not_clicking_with_labmates/,[masked],yes,r/GradSchool,Education & academy
2022-04-21,PI sabatouged career,https://www.reddit.com/r/academia/comments/u8m96b/pi_sabatouged_career/,[masked],yes,r/academia,Education & academy
2023-10-27,Is there a way to at least be an annoyance for my school for making me go another semester for 1 class?,https://www.reddit.com/r/college/comments/17h5l7x/is_there_a_way_to_at_least_be_an_annoyance_for_my/,[masked],yes,r/college,Education & academy
2020-03-12,Need Help with Grad School Choice (MPH/MPA),https://www.reddit.com/r/gradadmissions/comments/fh8jg8/need_help_with_grad_school_choice_mphmpa/,[masked],yes,r/gradadmissions,Education & academy
2020-11-06,How do PhD programs view B.A vs B.S?,https://www.reddit.com/r/academia/comments/jotbvd/how_do_phd_programs_view_ba_vs_bs/,[masked],yes,r/academia,Education & academy
2023-10-23,Junior in community college and I wanna change my major. What can I do???,https://www.reddit.com/r/college/comments/17ebgpc/junior_in_community_college_and_i_wanna_change_my/,[masked],yes,r/college,Education & academy
2021-10-05,Majors where you can help people,https://www.reddit.com/r/college/comments/q1k9a4/majors_where_you_can_help_people/,[masked],yes,r/college,Education & academy
2020-01-27,Am I doomed to apply for graduate school as PH.D?,https://www.reddit.com/r/GradSchool/comments/eugbvf/am_i_doomed_to_apply_for_graduate_school_as_phd/,[masked],yes,r/GradSchool,Education & academy
2023-10-30,Borderline panic attacks the Sunday before starting the week,https://www.reddit.com/r/GradSchool/comments/17jkanh/borderline_panic_attacks_the_sunday_before/,[masked],yes,r/GradSchool,Education & academy
2020-05-13,How to prepare mentally for a PhD,https://www.reddit.com/r/academia/comments/gii7uu/how_to_prepare_mentally_for_a_phd/,[masked],yes,r/academia,Education & academy
2024-11-21,Need a mentor (HS student),https://www.reddit.com/r/academia/comments/1gwfesp/need_a_mentor_hs_student/,[masked],yes,r/academia,Education & academy
2021-08-26,Is it appropriate to contact a researcher through their social media if you can't find an email address?,https://www.reddit.com/r/academia/comments/pbla7a/is_it_appropriate_to_contact_a_researcher_through/,[masked],yes,r/academia,Education & academy
2022-09-20,What matters more in a letter of recommendation - the recommender’s status in the community or personalization to the student?,https://www.reddit.com/r/gradadmissions/comments/xirlqf/what_matters_more_in_a_letter_of_recommendation/,[masked],yes,r/gradadmissions,Education & academy
2022-05-20,Depressed &amp; Lost all motivation to apply for a PhD abroad.,https://www.reddit.com/r/gradadmissions/comments/utb15a/depressed_lost_all_motivation_to_apply_for_a_phd/,[masked],yes,r/gradadmissions,Education & academy
2020-01-07,I feel like dropping out,https://www.reddit.com/r/college/comments/ela3jb/i_feel_like_dropping_out/,[masked],yes,r/college,Education & academy
2021-04-23,Asking a scientist for material recommendations,https://www.reddit.com/r/academia/comments/mw9ew0/asking_a_scientist_for_material_recommendations/,[masked],yes,r/academia,Education & academy
2021-06-15,I need some advice :((,https://www.reddit.com/r/college/comments/o07nic/i_need_some_advice/,[masked],yes,r/college,Education & academy
2022-04-22,Application process and success,https://www.reddit.com/r/GradSchool/comments/u8ube8/application_process_and_success/,[masked],yes,r/GradSchool,Education & academy
2024-01-02,"Finished my masters, I miss long form writing (advice needed)",https://www.reddit.com/r/GradSchool/comments/18w9joh/finished_my_masters_i_miss_long_form_writing/,[masked],yes,r/GradSchool,Education & academy
2024-01-26,Rejected from “safety” and I’m reeling,https://www.reddit.com/r/gradadmissions/comments/1ab86pk/rejected_from_safety_and_im_reeling/,[masked],yes,r/gradadmissions,Education & academy
2024-01-29,Is there a correct way of answering “Why do you want to do this research?”?,https://www.reddit.com/r/academia/comments/1adq337/is_there_a_correct_way_of_answering_why_do_you/,[masked],yes,r/academia,Education & academy
2020-07-13,Graduating with my Bachelor's Degree in a week and the graduation ceremony is cancelled due to Covid-19. Waited a long while for this moment and now it's taken away.,https://www.reddit.com/r/college/comments/hqayhe/graduating_with_my_bachelors_degree_in_a_week_and/,[masked],yes,r/college,Education & academy
2024-12-10,About to do a final presentation for a graduate diploma - very anxious. ,https://www.reddit.com/r/academia/comments/1hakbvn/about_to_do_a_final_presentation_for_a_graduate/,[masked],yes,r/academia,Education & academy
2024-05-13,I have no knowledge in CS/SWE.,https://www.reddit.com/r/college/comments/1cqzwp0/i_have_no_knowledge_in_csswe/,[masked],yes,r/college,Education & academy
2022-08-22,I contributed a little but my name was removed in study project.,https://www.reddit.com/r/academia/comments/wulkpv/i_contributed_a_little_but_my_name_was_removed_in/,[masked],yes,r/academia,Education & academy
2023-01-13,Seeking Advice for Econ PhD Route,https://www.reddit.com/r/academia/comments/10afk2u/seeking_advice_for_econ_phd_route/,[masked],yes,r/academia,Education & academy
2024-05-09,What can I do as an undergrad?,https://www.reddit.com/r/GradSchool/comments/1cnltdc/what_can_i_do_as_an_undergrad/,[masked],yes,r/GradSchool,Education & academy
2022-01-06,"What do you think of ""well-rounded/general education"" in college? Does it really provide you with any benefits on the long run, or is it just a complete waste of time and effort?",https://www.reddit.com/r/college/comments/rwxwqv/what_do_you_think_of_wellroundedgeneral_education/,[masked],yes,r/college,Education & academy
2024-02-08,college stress and guilt,https://www.reddit.com/r/college/comments/1alm4j0/college_stress_and_guilt/,[masked],yes,r/college,Education & academy
2020-02-17,How to go about considering possible universities in the US? Overwhelmed by the amount of possibilities,https://www.reddit.com/r/gradadmissions/comments/f59vrh/how_to_go_about_considering_possible_universities/,[masked],yes,r/gradadmissions,Education & academy
2023-06-18,Time flies too fast,https://www.reddit.com/r/college/comments/14cf88h/time_flies_too_fast/,[masked],yes,r/college,Education & academy
2024-12-14,is not being smart enough a thing? ,https://www.reddit.com/r/academia/comments/1hdyeim/is_not_being_smart_enough_a_thing/,[masked],yes,r/academia,Education & academy
2023-10-25,Give up K99,https://www.reddit.com/r/academia/comments/17fkygb/give_up_k99/,[masked],yes,r/academia,Education & academy
2023-10-18,Resources and Tips for working grad students?,https://www.reddit.com/r/GradSchool/comments/17a87wq/resources_and_tips_for_working_grad_students/,[masked],yes,r/GradSchool,Education & academy
2024-04-03,Going back after a long hiatus. Help?,https://www.reddit.com/r/college/comments/1bu9uxh/going_back_after_a_long_hiatus_help/,[masked],yes,r/college,Education & academy
2022-02-03,Admissions Timing,https://www.reddit.com/r/GradSchool/comments/six6af/admissions_timing/,[masked],yes,r/GradSchool,Education & academy
2024-02-05,Acceptable to email professor again?,https://www.reddit.com/r/academia/comments/1aj7amv/acceptable_to_email_professor_again/,[masked],yes,r/academia,Education & academy
2020-11-28,My old professor I’m requesting a reference from is wanting to meet on zoom. What topics should I prepare to talk about?,https://www.reddit.com/r/gradadmissions/comments/k25qoy/my_old_professor_im_requesting_a_reference_from/,[masked],yes,r/gradadmissions,Education & academy
2024-02-08,How to improve the conditions of my schools Chemistry Department?,https://www.reddit.com/r/college/comments/1aligex/how_to_improve_the_conditions_of_my_schools/,[masked],yes,r/college,Education & academy
2020-11-22,Don’t know what to do - urgent,https://www.reddit.com/r/GradSchool/comments/jyvxur/dont_know_what_to_do_urgent/,[masked],yes,r/GradSchool,Education & academy
2020-05-31,Best Research Methodologies Book for Humanities Scholar,https://www.reddit.com/r/academia/comments/gtiuty/best_research_methodologies_book_for_humanities/,[masked],yes,r/academia,Education & academy
2024-07-08,A manuscript in the work for 2 years got rejecgted again and I m so done. ,https://www.reddit.com/r/GradSchool/comments/1dxvp4w/a_manuscript_in_the_work_for_2_years_got/,[masked],yes,r/GradSchool,Education & academy
2024-11-15,scared of going to professor office hours,https://www.reddit.com/r/college/comments/1grk1n6/scared_of_going_to_professor_office_hours/,[masked],yes,r/college,Education & academy
2024-09-06,need advice: should I continue with MA or go back to BA? ,https://www.reddit.com/r/academia/comments/1fa8u71/need_advice_should_i_continue_with_ma_or_go_back/,[masked],yes,r/academia,Education & academy
2021-09-23,Awaiting rejection,https://www.reddit.com/r/academia/comments/ptfp14/awaiting_rejection/,[masked],yes,r/academia,Education & academy
2022-08-13,What next after Computational Science degree?,https://www.reddit.com/r/academia/comments/wn8x46/what_next_after_computational_science_degree/,[masked],yes,r/academia,Education & academy
2024-01-27,I feel like a failure,https://www.reddit.com/r/college/comments/1ac2e75/i_feel_like_a_failure/,[masked],yes,r/college,Education & academy
2024-07-15,I have a community College degree and I've been thinking about going back to get a 4 year one,https://www.reddit.com/r/college/comments/1e3dy3v/i_have_a_community_college_degree_and_ive_been/,[masked],yes,r/college,Education & academy
2023-07-01,Lack of relation between Bachelor's and Master's,https://www.reddit.com/r/gradadmissions/comments/14nxeqb/lack_of_relation_between_bachelors_and_masters/,[masked],yes,r/gradadmissions,Education & academy
2021-03-16,Prestige/Ranking vs Fit vs Cost MS Engineering,https://www.reddit.com/r/GradSchool/comments/m6arez/prestigeranking_vs_fit_vs_cost_ms_engineering/,[masked],yes,r/GradSchool,Education & academy
2021-11-03,I just failed my calculus quiz that I should’ve got an A on,https://www.reddit.com/r/college/comments/qlwjeg/i_just_failed_my_calculus_quiz_that_i_shouldve/,[masked],yes,r/college,Education & academy
2024-05-31,Convince me not to let myself fail out quit,https://www.reddit.com/r/GradSchool/comments/1d4b0qq/convince_me_not_to_let_myself_fail_out_quit/,[masked],yes,r/GradSchool,Education & academy
2021-04-20,Is student debt worth it,https://www.reddit.com/r/college/comments/muc3o0/is_student_debt_worth_it/,[masked],yes,r/college,Education & academy
2021-03-24,Confusion over what expected of first - year phd students!!!,https://www.reddit.com/r/academia/comments/mc74a2/confusion_over_what_expected_of_first_year_phd/,[masked],yes,r/academia,Education & academy
2022-11-09,Applying for PhD,https://www.reddit.com/r/academia/comments/yqlano/applying_for_phd/,[masked],yes,r/academia,Education & academy
2024-10-25,Low GPA compared to students from US,https://www.reddit.com/r/gradadmissions/comments/1gbbfkr/low_gpa_compared_to_students_from_us/,[masked],yes,r/gradadmissions,Education & academy
2021-09-03,5th Year Regrets,https://www.reddit.com/r/GradSchool/comments/pgnfv6/5th_year_regrets/,[masked],yes,r/GradSchool,Education & academy
2022-11-02,Lab environment,https://www.reddit.com/r/academia/comments/yk661u/lab_environment/,[masked],yes,r/academia,Education & academy
2020-08-29,Does anyone else not really want to go back to campus(if your school is still opening) because of COVID,https://www.reddit.com/r/college/comments/iiujsj/does_anyone_else_not_really_want_to_go_back_to/,[masked],yes,r/college,Education & academy
2023-07-29,Are postgraduate diplomas worthless? (UK),https://www.reddit.com/r/GradSchool/comments/15cl8tz/are_postgraduate_diplomas_worthless_uk/,[masked],yes,r/GradSchool,Education & academy
2020-03-30,Contacting potential PhD supervisors during COVID,https://www.reddit.com/r/GradSchool/comments/frl90e/contacting_potential_phd_supervisors_during_covid/,[masked],yes,r/GradSchool,Education & academy
2020-09-16,Anyone else finds themselves in uncomfortable positions of disagreement with their advisor about stuff unrelated to research ?,https://www.reddit.com/r/GradSchool/comments/itfpl9/anyone_else_finds_themselves_in_uncomfortable/,[masked],yes,r/GradSchool,Education & academy
2021-05-04,UPenn MCIT or UChicago MSCAPP?,https://www.reddit.com/r/gradadmissions/comments/n40gkh/upenn_mcit_or_uchicago_mscapp/,[masked],yes,r/gradadmissions,Education & academy
2021-09-04,I’m almost 21 and I still don’t know what career I want to enter. What should I be doing right now in my situation?,https://www.reddit.com/r/college/comments/phf00w/im_almost_21_and_i_still_dont_know_what_career_i/,[masked],yes,r/college,Education & academy
2024-05-09,Worries about PhD admission chances,https://www.reddit.com/r/GradSchool/comments/1cniov7/worries_about_phd_admission_chances/,[masked],yes,r/GradSchool,Education & academy
2020-02-09,I saw my girlfriend and her ex interacting on a facebook post and now she suddenly wanted to switch messaging apps and won't tell me why.,https://www.reddit.com/r/relationships/comments/f0w06k/i_saw_my_girlfriend_and_her_ex_interacting_on_a/,[masked],yes,r/relationships,Relationships
2022-05-24,Kissing Babies,https://www.reddit.com/r/Parenting/comments/uwfbfq/kissing_babies/,[masked],yes,r/Parenting,Relationships
2020-04-25,ADVICE PLEASE?!,https://www.reddit.com/r/Parenting/comments/g7e9e4/advice_please/,[masked],yes,r/Parenting,Relationships
2023-05-18,My parents are blaming me for how depressed im getting lately,https://www.reddit.com/r/family/comments/13k8fjq/my_parents_are_blaming_me_for_how_depressed_im/,[masked],yes,r/family,Relationships
2020-05-30,I slapped my husband in the face,https://www.reddit.com/r/Marriage/comments/gt6zn8/i_slapped_my_husband_in_the_face/,[masked],yes,r/Marriage,Relationships
2020-12-10,When your child doesn't nap do you put them to bed early or at their regular time?,https://www.reddit.com/r/Parenting/comments/ka55q7/when_your_child_doesnt_nap_do_you_put_them_to_bed/,[masked],yes,r/Parenting,Relationships
2022-06-20,How to move on and want a divorce?,https://www.reddit.com/r/Marriage/comments/vgb4h8/how_to_move_on_and_want_a_divorce/,[masked],yes,r/Marriage,Relationships
2024-01-03,My childhood was not okay,https://www.reddit.com/r/family/comments/18xbtyi/my_childhood_was_not_okay/,[masked],yes,r/family,Relationships
2024-08-15,"Baby will only contact nap, but feeling unsafe allowing caretakers to do it with him. ",https://www.reddit.com/r/Parenting/comments/1esw9u6/baby_will_only_contact_nap_but_feeling_unsafe/,[masked],yes,r/Parenting,Relationships
2022-03-01,My husband threatened to break our tv with a hammer during an argument,https://www.reddit.com/r/Marriage/comments/t3txhh/my_husband_threatened_to_break_our_tv_with_a/,[masked],yes,r/Marriage,Relationships
2024-01-23,What was the final straw...,https://www.reddit.com/r/Marriage/comments/19dg6ey/what_was_the_final_straw/,[masked],yes,r/Marriage,Relationships
2020-11-23,Liar Liar,https://www.reddit.com/r/Marriage/comments/jz6clk/liar_liar/,[masked],yes,r/Marriage,Relationships
2023-07-23,brother reacted weird to bikini pic - should I feel embarrassed?,https://www.reddit.com/r/relationships/comments/1575sxm/brother_reacted_weird_to_bikini_pic_should_i_feel/,[masked],yes,r/relationships,Relationships
2021-02-10,"My (M, 35) fiancée (F, 34) is not a saver, and leaves me to pay for all big expenses.",https://www.reddit.com/r/relationships/comments/lgdlc4/my_m_35_fiancée_f_34_is_not_a_saver_and_leaves_me/,[masked],yes,r/relationships,Relationships
2023-02-23,My Husband Cried for the First Time Ever,https://www.reddit.com/r/Marriage/comments/119oi86/my_husband_cried_for_the_first_time_ever/,[masked],yes,r/Marriage,Relationships
2020-12-19,My friend [17M] plagiarized my [19F] college essay,https://www.reddit.com/r/relationships/comments/kg3fta/my_friend_17m_plagiarized_my_19f_college_essay/,[masked],yes,r/relationships,Relationships
2022-12-11,Thoughts on,https://www.reddit.com/r/family/comments/zhy9sd/thoughts_on/,[masked],yes,r/family,Relationships
2021-01-11,Empathy and sharing for a 4 years old,https://www.reddit.com/r/Parenting/comments/kuoo9k/empathy_and_sharing_for_a_4_years_old/,[masked],yes,r/Parenting,Relationships
2021-06-05,"I need a quiet way for my kid to call me/get me up at night, any ideas?",https://www.reddit.com/r/Parenting/comments/nsv20d/i_need_a_quiet_way_for_my_kid_to_call_meget_me_up/,[masked],yes,r/Parenting,Relationships
2022-01-02,My (22F) boyfriend (21M) doesn't take my sexuality seriously and now I am worried he won't believe me even if I told him directly that I'm bi/omni,https://www.reddit.com/r/relationships/comments/rtmgd9/my_22f_boyfriend_21m_doesnt_take_my_sexuality/,[masked],yes,r/relationships,Relationships
2021-09-17,Dad moving girlfriend in less than a year after mom died.,https://www.reddit.com/r/family/comments/ppop4i/dad_moving_girlfriend_in_less_than_a_year_after/,[masked],yes,r/family,Relationships
2020-10-02,Advice on becoming a dad for my girlfriend's son,https://www.reddit.com/r/Parenting/comments/j3rotp/advice_on_becoming_a_dad_for_my_girlfriends_son/,[masked],yes,r/Parenting,Relationships
2024-09-24,My father never cared about his family.,https://www.reddit.com/r/family/comments/1fo0mat/my_father_never_cared_about_his_family/,[masked],yes,r/family,Relationships
2021-07-05,Labelling children's items with name: How much name to include?,https://www.reddit.com/r/Parenting/comments/odpj08/labelling_childrens_items_with_name_how_much_name/,[masked],yes,r/Parenting,Relationships
2020-10-05,Ignorant and Passive Husband claims he has social anxiety........,https://www.reddit.com/r/Marriage/comments/j54gbo/ignorant_and_passive_husband_claims_he_has_social/,[masked],yes,r/Marriage,Relationships
2022-08-11,My (27M) girlfriend (27F) has developed an unhealthy relationship with food that is really hurting me,https://www.reddit.com/r/relationships/comments/wl4o5n/my_27m_girlfriend_27f_has_developed_an_unhealthy/,[masked],yes,r/relationships,Relationships
2023-12-21,My (23M) friend (21F) un followed me on gram and then blocked me?,https://www.reddit.com/r/relationships/comments/18nn0ey/my_23m_friend_21f_un_followed_me_on_gram_and_then/,[masked],yes,r/relationships,Relationships
2020-09-04,I hate my parents and I'm stuck with them for two more long years.,https://www.reddit.com/r/family/comments/imgsc5/i_hate_my_parents_and_im_stuck_with_them_for_two/,[masked],yes,r/family,Relationships
2021-04-03,I have 21 and i wanna leave home,https://www.reddit.com/r/family/comments/mina59/i_have_21_and_i_wanna_leave_home/,[masked],yes,r/family,Relationships
2021-10-05,SAHM days are over and im a little sad,https://www.reddit.com/r/Parenting/comments/q1hzzj/sahm_days_are_over_and_im_a_little_sad/,[masked],yes,r/Parenting,Relationships
2023-10-28,How do I 41f tell my husband 50m about my fantasy?,https://www.reddit.com/r/Marriage/comments/17hv2lj/how_do_i_41f_tell_my_husband_50m_about_my_fantasy/,[masked],yes,r/Marriage,Relationships
2022-10-25,I love my wife but she can be super annoying,https://www.reddit.com/r/Marriage/comments/ycmobb/i_love_my_wife_but_she_can_be_super_annoying/,[masked],yes,r/Marriage,Relationships
2024-01-06,My (F/25) boyfriend (M/26) refuses to follow his dreams,https://www.reddit.com/r/relationships/comments/18zle1t/my_f25_boyfriend_m26_refuses_to_follow_his_dreams/,[masked],yes,r/relationships,Relationships
2022-10-27,"Me (21m) and her (19f) have not seen each other for 4 months while she was overseas, we planned on reconnecting, how should I go about this?",https://www.reddit.com/r/relationships/comments/yeko2z/me_21m_and_her_19f_have_not_seen_each_other_for_4/,[masked],yes,r/relationships,Relationships
2024-12-27,"Question for women, is it a good idea to get your tubes tied?",https://www.reddit.com/r/Parenting/comments/1hngiu8/question_for_women_is_it_a_good_idea_to_get_your/,[masked],yes,r/Parenting,Relationships
2020-01-15,Married for 2 months and husband may need new ring,https://www.reddit.com/r/Marriage/comments/ep2qz2/married_for_2_months_and_husband_may_need_new_ring/,[masked],yes,r/Marriage,Relationships
2022-01-05,My daughter (19) only calls when she needs something.,https://www.reddit.com/r/relationships/comments/rwjxjq/my_daughter_19_only_calls_when_she_needs_something/,[masked],yes,r/relationships,Relationships
2024-08-13,Deed of house ,https://www.reddit.com/r/Marriage/comments/1eqhn9s/deed_of_house/,[masked],yes,r/Marriage,Relationships
2024-07-24,Should I gift my friend driving lessions ?f25 ,https://www.reddit.com/r/family/comments/1eatu1n/should_i_gift_my_friend_driving_lessions_f25/,[masked],yes,r/family,Relationships
2022-08-25,Advice for rift between 1st grade friends?,https://www.reddit.com/r/Parenting/comments/wwztwq/advice_for_rift_between_1st_grade_friends/,[masked],yes,r/Parenting,Relationships
2021-06-25,pls dont make fun of me but i think i love a fictional character too much and its affecting my relationship with my boyfriend,https://www.reddit.com/r/relationships/comments/o7ehw4/pls_dont_make_fun_of_me_but_i_think_i_love_a/,[masked],yes,r/relationships,Relationships
2021-06-29,Can't get toddler to even try fruits and veggies,https://www.reddit.com/r/Parenting/comments/o9xp17/cant_get_toddler_to_even_try_fruits_and_veggies/,[masked],yes,r/Parenting,Relationships
2024-05-20,My (18m) girlfriend (18f) has been really upset over the same thing for months and I don’t know what to do.,https://www.reddit.com/r/relationships/comments/1cw6ij8/my_18m_girlfriend_18f_has_been_really_upset_over/,[masked],yes,r/relationships,Relationships
2024-09-07,2YO + Newborn : When did it get easier?,https://www.reddit.com/r/Parenting/comments/1fau3pu/2yo_newborn_when_did_it_get_easier/,[masked],yes,r/Parenting,Relationships
2024-09-23,Am I overthinking this?,https://www.reddit.com/r/Marriage/comments/1fn40k5/am_i_overthinking_this/,[masked],yes,r/Marriage,Relationships
2022-10-26,"Parents and kids of large families, how do you handle chores?",https://www.reddit.com/r/family/comments/ydpkls/parents_and_kids_of_large_families_how_do_you/,[masked],yes,r/family,Relationships
2021-06-28,What to do with my (19f) emotionally draining best friend (20f)?,https://www.reddit.com/r/relationships/comments/o9n065/what_to_do_with_my_19f_emotionally_draining_best/,[masked],yes,r/relationships,Relationships
2020-09-21,"Documenting your kids milestones, keeping baby books or lack of...",https://www.reddit.com/r/Parenting/comments/iwo78d/documenting_your_kids_milestones_keeping_baby/,[masked],yes,r/Parenting,Relationships
2024-10-31,Body shaming ,https://www.reddit.com/r/family/comments/1gfws6c/body_shaming/,[masked],yes,r/family,Relationships
2020-03-31,It really is the thought that counts.,https://www.reddit.com/r/Marriage/comments/fs7qyk/it_really_is_the_thought_that_counts/,[masked],yes,r/Marriage,Relationships
2022-09-20,My husband’s friend(f) uses the excuse “we’re like brother and sister” to be inappropriate…,https://www.reddit.com/r/Marriage/comments/xihcqg/my_husbands_friendf_uses_the_excuse_were_like/,[masked],yes,r/Marriage,Relationships
2023-09-15,I'm (F27) torn between my ex fiance (M29) and ex FWB (M31).,https://www.reddit.com/r/relationships/comments/16j4ywc/im_f27_torn_between_my_ex_fiance_m29_and_ex_fwb/,[masked],yes,r/relationships,Relationships
2022-07-22,We Have Been Scammed,https://www.reddit.com/r/Marriage/comments/w52625/we_have_been_scammed/,[masked],yes,r/Marriage,Relationships
2021-07-20,Concerned about spouse since hospitalization.,https://www.reddit.com/r/Marriage/comments/onxa8i/concerned_about_spouse_since_hospitalization/,[masked],yes,r/Marriage,Relationships
2021-07-24,Comparing child development is annoying..,https://www.reddit.com/r/Parenting/comments/oqc7f0/comparing_child_development_is_annoying/,[masked],yes,r/Parenting,Relationships
2023-04-14,Mental-disorder Sibling,https://www.reddit.com/r/family/comments/12lkako/mentaldisorder_sibling/,[masked],yes,r/family,Relationships
2020-04-21,Help! My one month old is a terrible sleeper,https://www.reddit.com/r/Parenting/comments/g55flg/help_my_one_month_old_is_a_terrible_sleeper/,[masked],yes,r/Parenting,Relationships
2021-02-12,"Is it common to still be in love, but lose attraction to your spouse?",https://www.reddit.com/r/Marriage/comments/li6iyt/is_it_common_to_still_be_in_love_but_lose/,[masked],yes,r/Marriage,Relationships
2022-08-16,What should I do if my parent takes credit for my accomplishments?,https://www.reddit.com/r/family/comments/wpbpwk/what_should_i_do_if_my_parent_takes_credit_for_my/,[masked],yes,r/family,Relationships
2022-08-02,Officially Granted Guardianship,https://www.reddit.com/r/Parenting/comments/wdujtt/officially_granted_guardianship/,[masked],yes,r/Parenting,Relationships
2021-08-12,Best type of bike to pull a bike trailer?,https://www.reddit.com/r/Parenting/comments/p2vtkj/best_type_of_bike_to_pull_a_bike_trailer/,[masked],yes,r/Parenting,Relationships
2024-11-26,Are there truly happily married couples out there?,https://www.reddit.com/r/Marriage/comments/1gzqbkq/are_there_truly_happily_married_couples_out_there/,[masked],yes,r/Marriage,Relationships
2022-09-02,I [31f] am feeling nervous about the future after a breakup,https://www.reddit.com/r/relationships/comments/x3smgk/i_31f_am_feeling_nervous_about_the_future_after_a/,[masked],yes,r/relationships,Relationships
2024-04-13,Should unemployed wife/mother have financial input?,https://www.reddit.com/r/Marriage/comments/1c2ux4n/should_unemployed_wifemother_have_financial_input/,[masked],yes,r/Marriage,Relationships
2024-08-19,Stay at home Dad,https://www.reddit.com/r/Parenting/comments/1evkgsa/stay_at_home_dad/,[masked],yes,r/Parenting,Relationships
2024-08-18,Should I go no contact with a sibling?,https://www.reddit.com/r/family/comments/1euycs2/should_i_go_no_contact_with_a_sibling/,[masked],yes,r/family,Relationships
2020-01-16,not a fan of makeup. Is this rude?,https://www.reddit.com/r/Marriage/comments/epjeav/not_a_fan_of_makeup_is_this_rude/,[masked],yes,r/Marriage,Relationships
2020-05-15,My mom is forcing me to get along with my sister,https://www.reddit.com/r/family/comments/gk594g/my_mom_is_forcing_me_to_get_along_with_my_sister/,[masked],yes,r/family,Relationships
2022-03-02,forgiving and forgetting?,https://www.reddit.com/r/relationships/comments/t4yz24/forgiving_and_forgetting/,[masked],yes,r/relationships,Relationships
2020-06-12,Vent,https://www.reddit.com/r/Marriage/comments/h76y2p/vent/,[masked],yes,r/Marriage,Relationships
2021-08-29,I love holding my son all the time as a father. Is it same for fathers?,https://www.reddit.com/r/Parenting/comments/pdf58v/i_love_holding_my_son_all_the_time_as_a_father_is/,[masked],yes,r/Parenting,Relationships
2024-06-14,Would switching to a toddler bed help with sleeping problems?,https://www.reddit.com/r/Parenting/comments/1dfthaq/would_switching_to_a_toddler_bed_help_with/,[masked],yes,r/Parenting,Relationships
2020-06-01,"Emotions running high, I feel like a terrible person",https://www.reddit.com/r/family/comments/gueoqs/emotions_running_high_i_feel_like_a_terrible/,[masked],yes,r/family,Relationships
2021-03-12,Do I tell my ex’s fiancé he cheated on her with me?,https://www.reddit.com/r/relationships/comments/m39lk2/do_i_tell_my_exs_fiancé_he_cheated_on_her_with_me/,[masked],yes,r/relationships,Relationships
2023-03-05,How can my family reconnect with my niece?,https://www.reddit.com/r/family/comments/11id6v8/how_can_my_family_reconnect_with_my_niece/,[masked],yes,r/family,Relationships
2023-04-12,How do you deal with parents loving a sibling more?,https://www.reddit.com/r/family/comments/12ioew3/how_do_you_deal_with_parents_loving_a_sibling_more/,[masked],yes,r/family,Relationships
2022-06-22,10 year old son caught me having sex and he’s devastated,https://www.reddit.com/r/relationships/comments/vhpakw/10_year_old_son_caught_me_having_sex_and_hes/,[masked],yes,r/relationships,Relationships
2024-11-05,"Mom of 2 (4 and 5). Dealing with bipolar husband. Struggling near Jackson, MS",https://www.reddit.com/r/family/comments/1gjlhdg/mom_of_2_4_and_5_dealing_with_bipolar_husband/,[masked],yes,r/family,Relationships
2021-03-22,Worst mom ever,https://www.reddit.com/r/Parenting/comments/ma9hzk/worst_mom_ever/,[masked],yes,r/Parenting,Relationships
2024-08-24,My aunt's husband flashed me and my 15y/o sister while snorkeling,https://www.reddit.com/r/family/comments/1ezljzf/my_aunts_husband_flashed_me_and_my_15yo_sister/,[masked],yes,r/family,Relationships
2023-08-31,I'm in need of advice (37m) my wife is (32),https://www.reddit.com/r/Marriage/comments/1664hwp/im_in_need_of_advice_37m_my_wife_is_32/,[masked],yes,r/Marriage,Relationships
2024-09-30,Preferring grandparents over parents?,https://www.reddit.com/r/Parenting/comments/1fsqt72/preferring_grandparents_over_parents/,[masked],yes,r/Parenting,Relationships
2020-09-30,Am I in the wrong?,https://www.reddit.com/r/Marriage/comments/j2omeq/am_i_in_the_wrong/,[masked],yes,r/Marriage,Relationships
2024-09-05,The witching hour is WRECKING me,https://www.reddit.com/r/Parenting/comments/1f97xjj/the_witching_hour_is_wrecking_me/,[masked],yes,r/Parenting,Relationships
2022-08-15,my older sister never comes over the house to see me because of my dad and I don’t know what to do,https://www.reddit.com/r/family/comments/wohyl5/my_older_sister_never_comes_over_the_house_to_see/,[masked],yes,r/family,Relationships
2021-03-19,I suspect my son is dating his friend and is now breaking house rules as a result.,https://www.reddit.com/r/Parenting/comments/m83w1t/i_suspect_my_son_is_dating_his_friend_and_is_now/,[masked],yes,r/Parenting,Relationships
2021-11-19,How to respect my dad even though I don't,https://www.reddit.com/r/family/comments/qxi6it/how_to_respect_my_dad_even_though_i_dont/,[masked],yes,r/family,Relationships
2020-11-07,Splitting bills,https://www.reddit.com/r/Marriage/comments/jpesxw/splitting_bills/,[masked],yes,r/Marriage,Relationships
2022-06-10,I (21M) Got married to my wife (23F) to early. Is a divorce the answer?,https://www.reddit.com/r/relationships/comments/v8yvv2/i_21m_got_married_to_my_wife_23f_to_early_is_a/,[masked],yes,r/relationships,Relationships
2022-09-14,Son not liking pre-k,https://www.reddit.com/r/Parenting/comments/xe4nav/son_not_liking_prek/,[masked],yes,r/Parenting,Relationships
2024-08-20,When can a kid successfully look for and find things?,https://www.reddit.com/r/Parenting/comments/1ew8eyk/when_can_a_kid_successfully_look_for_and_find/,[masked],yes,r/Parenting,Relationships
2020-04-30,Husband has to watch TV with me all the time,https://www.reddit.com/r/family/comments/gauip8/husband_has_to_watch_tv_with_me_all_the_time/,[masked],yes,r/family,Relationships
2020-05-07,Ex-Husband wants to reconcile 6 months after our divorce decree,https://www.reddit.com/r/Marriage/comments/geoojl/exhusband_wants_to_reconcile_6_months_after_our/,[masked],yes,r/Marriage,Relationships
2020-05-09,How do I (18M) get over my ex (29F)?,https://www.reddit.com/r/relationships/comments/gg2g7n/how_do_i_18m_get_over_my_ex_29f/,[masked],yes,r/relationships,Relationships
2021-03-24,"Best time to play with kids, does it effect behavior?",https://www.reddit.com/r/Parenting/comments/mbvaxa/best_time_to_play_with_kids_does_it_effect/,[masked],yes,r/Parenting,Relationships
2022-12-23,Is he supportive?,https://www.reddit.com/r/Parenting/comments/ztdpux/is_he_supportive/,[masked],yes,r/Parenting,Relationships
2023-07-08,I [F35] am reaching my breaking point regarding my son's [18M] fetishization of my gf's [F35] and I's relationship,https://www.reddit.com/r/relationships/comments/14tfwu7/i_f35_am_reaching_my_breaking_point_regarding_my/,[masked],yes,r/relationships,Relationships
2022-12-05,What would be a nice but non-verbal way to express to my (24F) mom (57F) how much I love and appreciate her?,https://www.reddit.com/r/relationships/comments/zcqkh0/what_would_be_a_nice_but_nonverbal_way_to_express/,[masked],yes,r/relationships,Relationships
2022-09-25,I have no trust or relationship with my teen daughter and i want to pull her out of school.,https://www.reddit.com/r/family/comments/xnh0za/i_have_no_trust_or_relationship_with_my_teen/,[masked],yes,r/family,Relationships
2020-05-31,My boyfriend wants me to up my standards for him?,https://www.reddit.com/r/relationships/comments/gtpj7r/my_boyfriend_wants_me_to_up_my_standards_for_him/,[masked],yes,r/relationships,Relationships
2024-06-17,How do your children act in the stores/public?,https://www.reddit.com/r/Parenting/comments/1dhzkuh/how_do_your_children_act_in_the_storespublic/,[masked],yes,r/Parenting,Relationships
2024-12-18,"My co-workers told me to not let having a girlfriend stop me from finding my wife (25M, 28F)",https://www.reddit.com/r/relationships/comments/1hgqfat/my_coworkers_told_me_to_not_let_having_a/,[masked],yes,r/relationships,Relationships
2020-01-27,5 y/o son behaves better for mom than dad,https://www.reddit.com/r/Parenting/comments/eudg3g/5_yo_son_behaves_better_for_mom_than_dad/,[masked],yes,r/Parenting,Relationships
2020-05-17,Teach kids to think of others… Or go for what they want?,https://www.reddit.com/r/Parenting/comments/glg94x/teach_kids_to_think_of_others_or_go_for_what_they/,[masked],yes,r/Parenting,Relationships
2024-09-08,Writing lines as a punishment ,https://www.reddit.com/r/Parenting/comments/1fc0lon/writing_lines_as_a_punishment/,[masked],yes,r/Parenting,Relationships
2023-09-07,My brother is aggravating.,https://www.reddit.com/r/family/comments/16cfpsd/my_brother_is_aggravating/,[masked],yes,r/family,Relationships
2024-11-20,My husband 39M  says he feels trapped (me 34F),https://www.reddit.com/r/Marriage/comments/1gvi69a/my_husband_39m_says_he_feels_trapped_me_34f/,[masked],yes,r/Marriage,Relationships
2020-08-02,Committed without passion,https://www.reddit.com/r/Marriage/comments/i2axao/committed_without_passion/,[masked],yes,r/Marriage,Relationships
2022-06-16,5 year relationship ruined over a stupid unforgivable mistake,https://www.reddit.com/r/relationships/comments/vdg1hz/5_year_relationship_ruined_over_a_stupid/,[masked],yes,r/relationships,Relationships
2021-01-26,I'm so lost and a little sad,https://www.reddit.com/r/Marriage/comments/l595ev/im_so_lost_and_a_little_sad/,[masked],yes,r/Marriage,Relationships
2022-10-17,"Nowadays, all me and my mother do is argue.",https://www.reddit.com/r/family/comments/y5twxa/nowadays_all_me_and_my_mother_do_is_argue/,[masked],yes,r/family,Relationships
2020-10-11,Slippers (or good grippy socks) for a toddler?,https://www.reddit.com/r/Parenting/comments/j8oexq/slippers_or_good_grippy_socks_for_a_toddler/,[masked],yes,r/Parenting,Relationships
2022-09-22,Normal to be bothered by husband/dread weekends with a 1 year old?,https://www.reddit.com/r/Parenting/comments/xki00p/normal_to_be_bothered_by_husbanddread_weekends/,[masked],yes,r/Parenting,Relationships
2024-04-16,Typing this through tears… not sure what else to do ,https://www.reddit.com/r/Parenting/comments/1c51mw4/typing_this_through_tears_not_sure_what_else_to_do/,[masked],yes,r/Parenting,Relationships
2020-06-20,My dad is a cheater,https://www.reddit.com/r/family/comments/hcchaw/my_dad_is_a_cheater/,[masked],yes,r/family,Relationships
2020-07-13,Change in appearance,https://www.reddit.com/r/Parenting/comments/hq67hw/change_in_appearance/,[masked],yes,r/Parenting,Relationships
2022-06-03,"""Two Phase Orthodontics"" - get a second opinion before putting braces on your 7yo!",https://www.reddit.com/r/Parenting/comments/v3gqd7/two_phase_orthodontics_get_a_second_opinion/,[masked],yes,r/Parenting,Relationships
2020-01-09,No one has heard from my sister since before Thanksgiving.,https://www.reddit.com/r/family/comments/elztoe/no_one_has_heard_from_my_sister_since_before/,[masked],yes,r/family,Relationships
2020-04-21,My [21M] girlfriend [23F] of two weeks is very emotionally dependent on me and I feel exhausted,https://www.reddit.com/r/relationships/comments/g56p07/my_21m_girlfriend_23f_of_two_weeks_is_very/,[masked],yes,r/relationships,Relationships
2020-09-29,Divorce because lack of trust??,https://www.reddit.com/r/Marriage/comments/j1o4z3/divorce_because_lack_of_trust/,[masked],yes,r/Marriage,Relationships
2023-06-03,Cry it out question for 7.5 month old,https://www.reddit.com/r/Parenting/comments/13zc9ux/cry_it_out_question_for_75_month_old/,[masked],yes,r/Parenting,Relationships
2020-01-23,"My dad forces me to call my stepmom ""stepmom"" and not by her first name",https://www.reddit.com/r/family/comments/esgwac/my_dad_forces_me_to_call_my_stepmom_stepmom_and/,[masked],yes,r/family,Relationships
2023-04-26,I (23 f) have been married to my husband (24 m) for a little over 6 months and I haven’t told my father yet because I’m scared.,https://www.reddit.com/r/Marriage/comments/12zkz6z/i_23_f_have_been_married_to_my_husband_24_m_for_a/,[masked],yes,r/Marriage,Relationships
2022-02-15,kid doesn't like organized sports/activities,https://www.reddit.com/r/Parenting/comments/ssnbrk/kid_doesnt_like_organized_sportsactivities/,[masked],yes,r/Parenting,Relationships
2020-08-18,What experiences do you have with weighted blankets for kids who find it hard to sleep?,https://www.reddit.com/r/Parenting/comments/ibyb06/what_experiences_do_you_have_with_weighted/,[masked],yes,r/Parenting,Relationships
2023-09-04,"My husband started to make steps towards change, but I have already grown resentful",https://www.reddit.com/r/Marriage/comments/169ruh1/my_husband_started_to_make_steps_towards_change/,[masked],yes,r/Marriage,Relationships
2023-09-05,Ex addicted affected by bipolarism. When/how to speak about it to my children?,https://www.reddit.com/r/Parenting/comments/16a1s86/ex_addicted_affected_by_bipolarism_whenhow_to/,[masked],yes,r/Parenting,Relationships
2022-12-06,Co-sleeping with 3 month old.,https://www.reddit.com/r/Parenting/comments/zdxbqv/cosleeping_with_3_month_old/,[masked],yes,r/Parenting,Relationships
2023-12-18,Kids doing school online?,https://www.reddit.com/r/Parenting/comments/18kwv19/kids_doing_school_online/,[masked],yes,r/Parenting,Relationships
2021-09-25,Wife's friends influence her too much,https://www.reddit.com/r/Marriage/comments/puyowa/wifes_friends_influence_her_too_much/,[masked],yes,r/Marriage,Relationships
2022-05-30,my parents caught a guy leaving my house,https://www.reddit.com/r/family/comments/v0ivaz/my_parents_caught_a_guy_leaving_my_house/,[masked],yes,r/family,Relationships
2021-07-21,Montessori school,https://www.reddit.com/r/Parenting/comments/oohch8/montessori_school/,[masked],yes,r/Parenting,Relationships
2021-09-26,My siblings are gone and i dont know why,https://www.reddit.com/r/family/comments/pvvqjc/my_siblings_are_gone_and_i_dont_know_why/,[masked],yes,r/family,Relationships
2022-07-16,My (29F) Dad (54m) hospitalised. Now my Mum (F51) completely ignoring me.,https://www.reddit.com/r/relationships/comments/w0f0k6/my_29f_dad_54m_hospitalised_now_my_mum_f51/,[masked],yes,r/relationships,Relationships
2023-08-02,My (19F) bf (21M) hasn’t posted me on anything and it’s starting to really bother me.,https://www.reddit.com/r/relationships/comments/15fn3hq/my_19f_bf_21m_hasnt_posted_me_on_anything_and_its/,[masked],yes,r/relationships,Relationships
2024-09-05,I have almost no relationship with my parents,https://www.reddit.com/r/family/comments/1f957r4/i_have_almost_no_relationship_with_my_parents/,[masked],yes,r/family,Relationships
2022-04-05,Husband keeps lying,https://www.reddit.com/r/Marriage/comments/tw6v9v/husband_keeps_lying/,[masked],yes,r/Marriage,Relationships
2022-11-21,Ideas for talking games with Speech Delayed toddler,https://www.reddit.com/r/Parenting/comments/z0djjj/ideas_for_talking_games_with_speech_delayed/,[masked],yes,r/Parenting,Relationships
2022-10-05,Teaching multiple languages that I am not fluent in,https://www.reddit.com/r/Parenting/comments/xwc79p/teaching_multiple_languages_that_i_am_not_fluent/,[masked],yes,r/Parenting,Relationships
2023-09-22,Sending my child to Christian school,https://www.reddit.com/r/Parenting/comments/16oz17o/sending_my_child_to_christian_school/,[masked],yes,r/Parenting,Relationships
2022-06-13,Honest question (I’m very annoyed),https://www.reddit.com/r/Marriage/comments/vavn8e/honest_question_im_very_annoyed/,[masked],yes,r/Marriage,Relationships
2024-01-23,Separate the houses but keep the relationship,https://www.reddit.com/r/Marriage/comments/19do7s8/separate_the_houses_but_keep_the_relationship/,[masked],yes,r/Marriage,Relationships
2020-03-01,What should I do??,https://www.reddit.com/r/relationships/comments/fbkyb5/what_should_i_do/,[masked],yes,r/relationships,Relationships
2024-06-14,I (14F) am meeting my half sister (21f) for the first time,https://www.reddit.com/r/family/comments/1dffycb/i_14f_am_meeting_my_half_sister_21f_for_the_first/,[masked],yes,r/family,Relationships
2022-10-11,Boyfriend kissed his male bff infront of me and it kinda hurt,https://www.reddit.com/r/relationships/comments/y0xroo/boyfriend_kissed_his_male_bff_infront_of_me_and/,[masked],yes,r/relationships,Relationships
2020-08-10,Childcare and COVID,https://www.reddit.com/r/Parenting/comments/i6me4c/childcare_and_covid/,[masked],yes,r/Parenting,Relationships
2023-08-25,Do you check your spouses phone?,https://www.reddit.com/r/Marriage/comments/1611y0s/do_you_check_your_spouses_phone/,[masked],yes,r/Marriage,Relationships
2021-05-07,My (14m) mom (48f) has been loving my half sister more than me (20f) for as long as I can remember and she won’t admit it.,https://www.reddit.com/r/relationships/comments/n6oyit/my_14m_mom_48f_has_been_loving_my_half_sister/,[masked],yes,r/relationships,Relationships
2022-10-12,How do I feed my bf's love language? Asking for advice!,https://www.reddit.com/r/relationships/comments/y1t9so/how_do_i_feed_my_bfs_love_language_asking_for/,[masked],yes,r/relationships,Relationships
2023-08-21,"My family has abandoned me, they never cared about me at all and it breaks my heart",https://www.reddit.com/r/family/comments/15x9oc2/my_family_has_abandoned_me_they_never_cared_about/,[masked],yes,r/family,Relationships
2021-10-14,How to you be less lonely after university?,https://www.reddit.com/r/relationships/comments/q7hazz/how_to_you_be_less_lonely_after_university/,[masked],yes,r/relationships,Relationships
2021-05-14,I told my mother and brother to shut up.,https://www.reddit.com/r/family/comments/nbxesu/i_told_my_mother_and_brother_to_shut_up/,[masked],yes,r/family,Relationships
2021-06-18,Exhausted idk how to deal with this anymore,https://www.reddit.com/r/Marriage/comments/o2s462/exhausted_idk_how_to_deal_with_this_anymore/,[masked],yes,r/Marriage,Relationships
2024-05-04,Was not invited to family wedding ,https://www.reddit.com/r/family/comments/1cjq6xo/was_not_invited_to_family_wedding/,[masked],yes,r/family,Relationships
2023-11-25,I'm a 25F and a total emotional wreck. How can I move past the hurt of past relationships and not ruin what I have now,https://www.reddit.com/r/relationships/comments/1839rih/im_a_25f_and_a_total_emotional_wreck_how_can_i/,[masked],yes,r/relationships,Relationships
2022-05-15,My (62M) kid (25F) won't let my wife and I help her apartment shop?,https://www.reddit.com/r/relationships/comments/upwei6/my_62m_kid_25f_wont_let_my_wife_and_i_help_her/,[masked],yes,r/relationships,Relationships
2024-11-08,relationship navigating,https://www.reddit.com/r/relationships/comments/1gm54u3/relationship_navigating/,[masked],yes,r/relationships,Relationships
2021-09-11,I (M27) told my friend (F30) I have feelings for her and now my friendship is in trouble.,https://www.reddit.com/r/relationships/comments/pm0ybe/i_m27_told_my_friend_f30_i_have_feelings_for_her/,[masked],yes,r/relationships,Relationships
2024-10-10,I’m not romantic enough for her… I need help!,https://www.reddit.com/r/relationships/comments/1g06sh0/im_not_romantic_enough_for_her_i_need_help/,[masked],yes,r/relationships,Relationships
2024-04-24,Advice on how to tell your mom you (24F) aren’t going to your cousin’s (24F) wedding,https://www.reddit.com/r/family/comments/1cbijt0/advice_on_how_to_tell_your_mom_you_24f_arent/,[masked],yes,r/family,Relationships
2020-04-09,"Me [20F] with my boyfriend [22M] 1 year, does not like calling me",https://www.reddit.com/r/relationships/comments/fxaz0m/me_20f_with_my_boyfriend_22m_1_year_does_not_like/,[masked],yes,r/relationships,Relationships
2020-10-30,Backpack leashes,https://www.reddit.com/r/Parenting/comments/jkmn8r/backpack_leashes/,[masked],yes,r/Parenting,Relationships
2023-08-16,Is It Bad I Keep Looking For Reasons To Be Unattracted To My Ex?,https://www.reddit.com/r/relationships/comments/15s5yju/is_it_bad_i_keep_looking_for_reasons_to_be/,[masked],yes,r/relationships,Relationships
2020-03-27,What are the benefits to being married?,https://www.reddit.com/r/Marriage/comments/fpqw1v/what_are_the_benefits_to_being_married/,[masked],yes,r/Marriage,Relationships
2020-06-20,"My now ex-friend (23M) has been displaying concerning behaviors,and seems to be harassing women he has been involved with. I’m not sure if ending our friendship was enough,or if I need to take other steps to address his behavior.",https://www.reddit.com/r/relationships/comments/hchcky/my_now_exfriend_23m_has_been_displaying/,[masked],yes,r/relationships,Relationships
2023-07-11,Ways you signal to each other you’re in the mood after having kids,https://www.reddit.com/r/Marriage/comments/14w9ekh/ways_you_signal_to_each_other_youre_in_the_mood/,[masked],yes,r/Marriage,Relationships
2024-12-31,Final straw with husband ,https://www.reddit.com/r/Marriage/comments/1hq7oui/final_straw_with_husband/,[masked],yes,r/Marriage,Relationships
2020-03-28,Did I/am I giving my baby enough opportunities to play and learn?,https://www.reddit.com/r/Parenting/comments/fqatkd/did_iam_i_giving_my_baby_enough_opportunities_to/,[masked],yes,r/Parenting,Relationships
2023-04-18,Me (M21) and my best friend (F20) don’t know what to do…,https://www.reddit.com/r/relationships/comments/12qow6v/me_m21_and_my_best_friend_f20_dont_know_what_to_do/,[masked],yes,r/relationships,Relationships
2021-03-12,How to manage my (27F) close but tense relationship with dad (55M)?,https://www.reddit.com/r/relationships/comments/m2z4er/how_to_manage_my_27f_close_but_tense_relationship/,[masked],yes,r/relationships,Relationships
2020-08-05,What is the right answer?,https://www.reddit.com/r/Marriage/comments/i3z21u/what_is_the_right_answer/,[masked],yes,r/Marriage,Relationships
2023-06-25,"I want to date, but I’m not sure I’m ready for anything serious?",https://www.reddit.com/r/relationships/comments/14ijd0f/i_want_to_date_but_im_not_sure_im_ready_for/,[masked],yes,r/relationships,Relationships
2022-07-28,I have a date with someone I really like but I feel weird about it.,https://www.reddit.com/r/relationships/comments/w9oz5f/i_have_a_date_with_someone_i_really_like_but_i/,[masked],yes,r/relationships,Relationships
2020-06-14,I [20 M] have seen how differently my friend [21 M] is treated for being tall and I'm starting to think dating isn't for me.,https://www.reddit.com/r/relationships/comments/h8j1v3/i_20_m_have_seen_how_differently_my_friend_21_m/,[masked],yes,r/relationships,Relationships
2020-07-31,Help With Romancing Wife After Fight About Not Being Romantic,https://www.reddit.com/r/Marriage/comments/i0pysn/help_with_romancing_wife_after_fight_about_not/,[masked],yes,r/Marriage,Relationships
2021-06-02,Me (13 m) have a friend (12 f) who says she likes me but I have a really hard time talking about stuff like that.,https://www.reddit.com/r/relationships/comments/nqb7jq/me_13_m_have_a_friend_12_f_who_says_she_likes_me/,[masked],yes,r/relationships,Relationships
2021-07-03,Can you actually have a good marriage?,https://www.reddit.com/r/Marriage/comments/oczgwl/can_you_actually_have_a_good_marriage/,[masked],yes,r/Marriage,Relationships
2024-12-06,Am I just being insecure? ,https://www.reddit.com/r/Marriage/comments/1h7u8oi/am_i_just_being_insecure/,[masked],yes,r/Marriage,Relationships
2022-03-27,How much is too much?,https://www.reddit.com/r/Marriage/comments/tpbvxd/how_much_is_too_much/,[masked],yes,r/Marriage,Relationships
2023-08-07,Just need some advice,https://www.reddit.com/r/Marriage/comments/15ka1e2/just_need_some_advice/,[masked],yes,r/Marriage,Relationships
2023-04-02,How to you know you’re ready to date (again),https://www.reddit.com/r/relationships/comments/1297rmh/how_to_you_know_youre_ready_to_date_again/,[masked],yes,r/relationships,Relationships
2023-06-06,To underwear or not to underwear?,https://www.reddit.com/r/Parenting/comments/141nubp/to_underwear_or_not_to_underwear/,[masked],yes,r/Parenting,Relationships
2022-04-23,Regret or reconnect? LDR Advice needed?,https://www.reddit.com/r/relationships/comments/u9ntra/regret_or_reconnect_ldr_advice_needed/,[masked],yes,r/relationships,Relationships
2023-12-12,My (21M) girlfriend (22F) still communicates with her ex boyfriend’s mom on a regular basis,https://www.reddit.com/r/relationships/comments/18fxtm9/my_21m_girlfriend_22f_still_communicates_with_her/,[masked],yes,r/relationships,Relationships
2020-01-03,I feel like a loser partner,https://www.reddit.com/r/Marriage/comments/ej75iw/i_feel_like_a_loser_partner/,[masked],yes,r/Marriage,Relationships
2023-07-13,I feel trapped,https://www.reddit.com/r/family/comments/14ymg2l/i_feel_trapped/,[masked],yes,r/family,Relationships
2024-07-17,Angry at my stepdaughter ,https://www.reddit.com/r/family/comments/1e4y2wv/angry_at_my_stepdaughter/,[masked],yes,r/family,Relationships
2020-04-15,How can I deal with my boyfriend’s mistakes? Advice please?,https://www.reddit.com/r/relationships/comments/g1umps/how_can_i_deal_with_my_boyfriends_mistakes_advice/,[masked],yes,r/relationships,Relationships
2022-03-05,"My dad is set on going to fight for Ukraine, he has no military experience, how do we stop him?",https://www.reddit.com/r/family/comments/t6rbvu/my_dad_is_set_on_going_to_fight_for_ukraine_he/,[masked],yes,r/family,Relationships
2024-10-02,What Would You Do?,https://www.reddit.com/r/Parenting/comments/1fugeba/what_would_you_do/,[masked],yes,r/Parenting,Relationships
2020-01-07,Gf (27f) won't tell me (32m) why she changed her mind about committing to our relationship,https://www.reddit.com/r/relationships/comments/el606m/gf_27f_wont_tell_me_32m_why_she_changed_her_mind/,[masked],yes,r/relationships,Relationships
2023-10-16,My sister is not mature enough to be having kids it’s driving me nuts,https://www.reddit.com/r/family/comments/178izvj/my_sister_is_not_mature_enough_to_be_having_kids/,[masked],yes,r/family,Relationships
2022-06-08,"How do deal with the biting, pinching and hair pulling?",https://www.reddit.com/r/Parenting/comments/v7ss6a/how_do_deal_with_the_biting_pinching_and_hair/,[masked],yes,r/Parenting,Relationships
2020-12-27,My parents are disappointing me so hard,https://www.reddit.com/r/family/comments/kky38l/my_parents_are_disappointing_me_so_hard/,[masked],yes,r/family,Relationships
2021-05-24,"Boyfriend (M17) ended past friendship with best friend due to toxic behavior, and is now years later considering rekindling the friendship. Do you think it's a smart decision?",https://www.reddit.com/r/relationships/comments/njmp3b/boyfriend_m17_ended_past_friendship_with_best/,[masked],yes,r/relationships,Relationships
2022-04-05,3 yr old socialising.,https://www.reddit.com/r/Parenting/comments/tweao6/3_yr_old_socialising/,[masked],yes,r/Parenting,Relationships
2022-03-24,I don't know how to tell my family I'm moving out.,https://www.reddit.com/r/relationships/comments/tmcfew/i_dont_know_how_to_tell_my_family_im_moving_out/,[masked],yes,r/relationships,Relationships
2020-12-01,How do you teach your kids to take care of things?,https://www.reddit.com/r/Parenting/comments/k4atww/how_do_you_teach_your_kids_to_take_care_of_things/,[masked],yes,r/Parenting,Relationships
2021-12-12,I'm not sure if he's asking me out or not?,https://www.reddit.com/r/relationships/comments/renpz3/im_not_sure_if_hes_asking_me_out_or_not/,[masked],yes,r/relationships,Relationships
2022-08-20,I’m Drowning,https://www.reddit.com/r/family/comments/wsu2pg/im_drowning/,[masked],yes,r/family,Relationships
2023-06-26,I’m so tired of my mom trying to convince me that something is wrong with my baby.,https://www.reddit.com/r/Parenting/comments/14j46uq/im_so_tired_of_my_mom_trying_to_convince_me_that/,[masked],yes,r/Parenting,Relationships
2022-07-01,WFH + Children feeling neglected,https://www.reddit.com/r/Parenting/comments/voijwh/wfh_children_feeling_neglected/,[masked],yes,r/Parenting,Relationships
2020-04-26,Am I the only one that loses sleep for a few hours of blissful peace and quiet?,https://www.reddit.com/r/Parenting/comments/g8adgx/am_i_the_only_one_that_loses_sleep_for_a_few/,[masked],yes,r/Parenting,Relationships
2020-08-06,8 month old just started standing!,https://www.reddit.com/r/Parenting/comments/i4sk3b/8_month_old_just_started_standing/,[masked],yes,r/Parenting,Relationships
2021-08-15,Anniversary Gifts,https://www.reddit.com/r/Marriage/comments/p4cgja/anniversary_gifts/,[masked],yes,r/Marriage,Relationships
2020-01-28,What is it like to have a good relationship with your father?,https://www.reddit.com/r/family/comments/ev5udo/what_is_it_like_to_have_a_good_relationship_with/,[masked],yes,r/family,Relationships
2020-04-09,My 3mo old daughter cries a lot,https://www.reddit.com/r/Parenting/comments/fxlwma/my_3mo_old_daughter_cries_a_lot/,[masked],yes,r/Parenting,Relationships
2022-03-28,Older dog scared of baby now that he’s mobile,https://www.reddit.com/r/Parenting/comments/tpvljh/older_dog_scared_of_baby_now_that_hes_mobile/,[masked],yes,r/Parenting,Relationships
2024-07-14,Seeking advice on dealing with a SIL’s behaviour! ,https://www.reddit.com/r/Marriage/comments/1e2wffv/seeking_advice_on_dealing_with_a_sils_behaviour/,[masked],yes,r/Marriage,Relationships
2021-08-13,Is it okay to be upset about a family celebration the day after my birthday?,https://www.reddit.com/r/family/comments/p3434l/is_it_okay_to_be_upset_about_a_family_celebration/,[masked],yes,r/family,Relationships
2024-12-13,I don’t care about my mom. ,https://www.reddit.com/r/family/comments/1hcxhlb/i_dont_care_about_my_mom/,[masked],yes,r/family,Relationships
2024-08-08,Ugh today is ruined and I feel like it’s my fault,https://www.reddit.com/r/Marriage/comments/1emgpbs/ugh_today_is_ruined_and_i_feel_like_its_my_fault/,[masked],yes,r/Marriage,Relationships
2020-05-29,Overreacted?,https://www.reddit.com/r/Parenting/comments/gsbmlx/overreacted/,[masked],yes,r/Parenting,Relationships
2020-01-14,How do I (28m) talk to my girlfriend (30f) about lack of affection,https://www.reddit.com/r/relationships/comments/eoc6kv/how_do_i_28m_talk_to_my_girlfriend_30f_about_lack/,[masked],yes,r/relationships,Relationships
2023-07-29,My daughter says “no” all the time,https://www.reddit.com/r/Parenting/comments/15c9sjk/my_daughter_says_no_all_the_time/,[masked],yes,r/Parenting,Relationships
2021-02-25,Boyfriend never uses the bathroom. WHY???,https://www.reddit.com/r/relationships/comments/lrpn7e/boyfriend_never_uses_the_bathroom_why/,[masked],yes,r/relationships,Relationships
2022-07-09,Husband keeps lying about vaping... and I don't care if he vapes,https://www.reddit.com/r/Marriage/comments/vuhmyn/husband_keeps_lying_about_vaping_and_i_dont_care/,[masked],yes,r/Marriage,Relationships
2024-11-07,My wife actually put me first,https://www.reddit.com/r/Marriage/comments/1gli1c8/my_wife_actually_put_me_first/,[masked],yes,r/Marriage,Relationships
2024-09-16,Need advice on wedding gifts. Apologies if this isn't the right sub. ,https://www.reddit.com/r/Marriage/comments/1fi1k1b/need_advice_on_wedding_gifts_apologies_if_this/,[masked],yes,r/Marriage,Relationships
2024-10-18,My family is falling apart and I don't know what to do. ,https://www.reddit.com/r/family/comments/1g6b1uk/my_family_is_falling_apart_and_i_dont_know_what/,[masked],yes,r/family,Relationships
2020-05-10,I (21m) think I have feelings for my childhood best friend (20m),https://www.reddit.com/r/relationships/comments/ggtc5t/i_21m_think_i_have_feelings_for_my_childhood_best/,[masked],yes,r/relationships,Relationships
2021-07-04,7 month old wont sleep through the day unless being held.,https://www.reddit.com/r/Parenting/comments/odn81u/7_month_old_wont_sleep_through_the_day_unless/,[masked],yes,r/Parenting,Relationships
2022-04-05,Daycare Comfort Blanket,https://www.reddit.com/r/Parenting/comments/twvb5e/daycare_comfort_blanket/,[masked],yes,r/Parenting,Relationships
2020-03-11,felt anxious after intimacy,https://www.reddit.com/r/relationships/comments/fgpu7f/felt_anxious_after_intimacy/,[masked],yes,r/relationships,Relationships
2020-02-25,What are the differences between a marriage and a long term relationship?,https://www.reddit.com/r/Marriage/comments/f90ca2/what_are_the_differences_between_a_marriage_and_a/,[masked],yes,r/Marriage,Relationships
2024-10-11,25F living w uncle ,https://www.reddit.com/r/family/comments/1g0wpwp/25f_living_w_uncle/,[masked],yes,r/family,Relationships
2024-12-15,Feeling sad and bad for my mother who never left my abusive father  ,https://www.reddit.com/r/family/comments/1hej1ux/feeling_sad_and_bad_for_my_mother_who_never_left/,[masked],yes,r/family,Relationships
2022-12-01,Advice on Elf on a Shelf please…,https://www.reddit.com/r/Parenting/comments/z9h8al/advice_on_elf_on_a_shelf_please/,[masked],yes,r/Parenting,Relationships
2021-12-06,My (25M) Friend (40F) feels that my normal questions are putting pressure on her to do X thing,https://www.reddit.com/r/relationships/comments/r9kddz/my_25m_friend_40f_feels_that_my_normal_questions/,[masked],yes,r/relationships,Relationships
2023-08-15,"i need some help, i dont know what im doing wrong or how to fix it",https://www.reddit.com/r/relationships/comments/15rgs8b/i_need_some_help_i_dont_know_what_im_doing_wrong/,[masked],yes,r/relationships,Relationships
2024-05-20,My best friend (22F) extremely attached to her boyfriend (22M),https://www.reddit.com/r/relationships/comments/1cwebtn/my_best_friend_22f_extremely_attached_to_her/,[masked],yes,r/relationships,Relationships
2020-07-15,Is this romantic?,https://www.reddit.com/r/Marriage/comments/hrpdda/is_this_romantic/,[masked],yes,r/Marriage,Relationships
2022-12-31,I (16M) want to know how to apologize to classmate,https://www.reddit.com/r/relationships/comments/zzn5er/i_16m_want_to_know_how_to_apologize_to_classmate/,[masked],yes,r/relationships,Relationships
2022-02-13,Kid holds his pee - what to do?,https://www.reddit.com/r/Parenting/comments/srg3va/kid_holds_his_pee_what_to_do/,[masked],yes,r/Parenting,Relationships
2021-01-06,My boyfriend seems to have lost interest in our baby now that she’s here.,https://www.reddit.com/r/Parenting/comments/krdo1m/my_boyfriend_seems_to_have_lost_interest_in_our/,[masked],yes,r/Parenting,Relationships
2024-04-08,I have to stay off social media ,https://www.reddit.com/r/Parenting/comments/1byf5t7/i_have_to_stay_off_social_media/,[masked],yes,r/Parenting,Relationships
2021-10-09,Me (23m) wanting to know what does a normal relationship look like in terms of trust and space,https://www.reddit.com/r/relationships/comments/q4cy9h/me_23m_wanting_to_know_what_does_a_normal/,[masked],yes,r/relationships,Relationships
2024-09-19,"Struggling over past cheating (F25, M25)",https://www.reddit.com/r/relationships/comments/1fkhu4o/struggling_over_past_cheating_f25_m25/,[masked],yes,r/relationships,Relationships
2023-05-15,Feeling let down by husband today,https://www.reddit.com/r/Parenting/comments/13i3802/feeling_let_down_by_husband_today/,[masked],yes,r/Parenting,Relationships
2024-02-10,My 6 year old keeps stealing sweets,https://www.reddit.com/r/Parenting/comments/1amz4kw/my_6_year_old_keeps_stealing_sweets/,[masked],yes,r/Parenting,Relationships
2022-03-29,My mom and dad are having a disagreement about me and college,https://www.reddit.com/r/family/comments/tqj4rr/my_mom_and_dad_are_having_a_disagreement_about_me/,[masked],yes,r/family,Relationships
2023-09-25,Kids,https://www.reddit.com/r/Marriage/comments/16ri2d2/kids/,[masked],yes,r/Marriage,Relationships
2021-07-06,The Girl that I’m seeing feels held back because of past traumatic relationships - need tips!,https://www.reddit.com/r/relationships/comments/oetgsh/the_girl_that_im_seeing_feels_held_back_because/,[masked],yes,r/relationships,Relationships
2022-04-18,My husband left,https://www.reddit.com/r/Marriage/comments/u62m6o/my_husband_left/,[masked],yes,r/Marriage,Relationships
2021-11-04,I am really bad at keeping in touch with my girlfriend,https://www.reddit.com/r/relationships/comments/qmcdmf/i_am_really_bad_at_keeping_in_touch_with_my/,[masked],yes,r/relationships,Relationships
2023-07-23,What does healthy love look like?,https://www.reddit.com/r/Marriage/comments/1577rvk/what_does_healthy_love_look_like/,[masked],yes,r/Marriage,Relationships
2023-05-15,19-year-old son having sex in his basement bedroom -- just let it go?,https://www.reddit.com/r/Parenting/comments/13hghyz/19yearold_son_having_sex_in_his_basement_bedroom/,[masked],yes,r/Parenting,Relationships
2022-01-16,How can I help my son?,https://www.reddit.com/r/family/comments/s4q64m/how_can_i_help_my_son/,[masked],yes,r/family,Relationships
2023-08-15,Can I convince my wife to get a divorce?,https://www.reddit.com/r/relationships/comments/15rscf2/can_i_convince_my_wife_to_get_a_divorce/,[masked],yes,r/relationships,Relationships
2022-01-05,Switching preschool?,https://www.reddit.com/r/Parenting/comments/rw4hn2/switching_preschool/,[masked],yes,r/Parenting,Relationships
2021-01-06,My cousin keeps sending me inappropriate messages...,https://www.reddit.com/r/family/comments/krf1bs/my_cousin_keeps_sending_me_inappropriate_messages/,[masked],yes,r/family,Relationships
2023-10-07,I want to Cut Off my Loving Family,https://www.reddit.com/r/family/comments/1720dlq/i_want_to_cut_off_my_loving_family/,[masked],yes,r/family,Relationships
2024-12-01,How do I avoid turning my child into a people pleaser? ,https://www.reddit.com/r/Parenting/comments/1h43p3l/how_do_i_avoid_turning_my_child_into_a_people/,[masked],yes,r/Parenting,Relationships
2023-10-01,My parents added a 3 participant what do I do,https://www.reddit.com/r/family/comments/16wb0cn/my_parents_added_a_3_participant_what_do_i_do/,[masked],yes,r/family,Relationships
2022-01-08,Telling a girl you're dating/having sex with that you have herpes,https://www.reddit.com/r/relationships/comments/ryjkrf/telling_a_girl_youre_datinghaving_sex_with_that/,[masked],yes,r/relationships,Relationships
2020-12-19,I [29/f] feel like I need to spend more “interacting time” with my live-in boyfriend but he doesn’t agree. Is this too much of an incompatibility?,https://www.reddit.com/r/relationships/comments/kfvjij/i_29f_feel_like_i_need_to_spend_more_interacting/,[masked],yes,r/relationships,Relationships
2020-11-05,How do you deal with your kid genuinely wanting to know “why” about everything?,https://www.reddit.com/r/Parenting/comments/jocol5/how_do_you_deal_with_your_kid_genuinely_wanting/,[masked],yes,r/Parenting,Relationships
2022-12-30,i (18f) feel like i’m not enough for my boyfriend (21m),https://www.reddit.com/r/relationships/comments/zyrtkr/i_18f_feel_like_im_not_enough_for_my_boyfriend_21m/,[masked],yes,r/relationships,Relationships
2021-09-16,SO lives with ex and their children and refuses any slow integration of new SOs to kids,https://www.reddit.com/r/Parenting/comments/pov4qu/so_lives_with_ex_and_their_children_and_refuses/,[masked],yes,r/Parenting,Relationships
2022-07-26,My mom keeps insulting me and my relationship,https://www.reddit.com/r/family/comments/w82o7p/my_mom_keeps_insulting_me_and_my_relationship/,[masked],yes,r/family,Relationships
2021-03-30,How should I react?,https://www.reddit.com/r/Parenting/comments/mg64rz/how_should_i_react/,[masked],yes,r/Parenting,Relationships
2021-08-29,Is it cheating!?,https://www.reddit.com/r/Marriage/comments/pdvsm1/is_it_cheating/,[masked],yes,r/Marriage,Relationships
2020-08-18,"Need some advice on what to do, 1 year old will not sleep alone M(30)",https://www.reddit.com/r/Parenting/comments/ic0r84/need_some_advice_on_what_to_do_1_year_old_will/,[masked],yes,r/Parenting,Relationships
2024-05-27,Help with childhood anxiety/fear,https://www.reddit.com/r/Parenting/comments/1d1guup/help_with_childhood_anxietyfear/,[masked],yes,r/Parenting,Relationships
2024-06-25,My 60 year old husband needs praise and sympathy from his parents ,https://www.reddit.com/r/Marriage/comments/1dnj7i6/my_60_year_old_husband_needs_praise_and_sympathy/,[masked],yes,r/Marriage,Relationships
2024-11-26,"Struggling with Family Expectations, Marital Conflicts, and Inner Child Healing",https://www.reddit.com/r/Marriage/comments/1h05m0k/struggling_with_family_expectations_marital/,[masked],yes,r/Marriage,Relationships
2024-12-14,"Please, stop singing along!",https://www.reddit.com/r/relationships/comments/1hdv63m/please_stop_singing_along/,[masked],yes,r/relationships,Relationships
2023-12-20,To Share or not to Share: A Room,https://www.reddit.com/r/Parenting/comments/18mx3cm/to_share_or_not_to_share_a_room/,[masked],yes,r/Parenting,Relationships
2020-11-26,interacting with dangerous cousins,https://www.reddit.com/r/Parenting/comments/k10o16/interacting_with_dangerous_cousins/,[masked],yes,r/Parenting,Relationships
2020-05-02,"My partner of 1 year isn't taking care of himself and it's impacting me too. (29M, 23F)",https://www.reddit.com/r/relationships/comments/gbsmav/my_partner_of_1_year_isnt_taking_care_of_himself/,[masked],yes,r/relationships,Relationships
2024-08-05,Ridiculous request? ,https://www.reddit.com/r/Marriage/comments/1ek2mw1/ridiculous_request/,[masked],yes,r/Marriage,Relationships
2021-11-03,Can’t decide whether to return to work…,https://www.reddit.com/r/Parenting/comments/qlcjdq/cant_decide_whether_to_return_to_work/,[masked],yes,r/Parenting,Relationships
2022-01-30,My (19F) Dad (58M) Keeps Trying To Make Up For Not Being Around When I Was A Teenager,https://www.reddit.com/r/family/comments/sg4dpb/my_19f_dad_58m_keeps_trying_to_make_up_for_not/,[masked],yes,r/family,Relationships
2024-05-03,I 19F am unsure of what my best friend 19M feels,https://www.reddit.com/r/relationships/comments/1cj1ned/i_19f_am_unsure_of_what_my_best_friend_19m_feels/,[masked],yes,r/relationships,Relationships
2024-04-12,Sexual anxiety and stress,https://www.reddit.com/r/Marriage/comments/1c26dw2/sexual_anxiety_and_stress/,[masked],yes,r/Marriage,Relationships
2022-01-29,I’m (30f) struggling with how to move forward in my relationship (34m).,https://www.reddit.com/r/relationships/comments/sfcvko/im_30f_struggling_with_how_to_move_forward_in_my/,[masked],yes,r/relationships,Relationships
2020-08-03,Please help me see another side!,https://www.reddit.com/r/Parenting/comments/i2mppo/please_help_me_see_another_side/,[masked],yes,r/Parenting,Relationships
2020-07-28,Advice for finding a psychologist?,https://www.reddit.com/r/Parenting/comments/hzd8rr/advice_for_finding_a_psychologist/,[masked],yes,r/Parenting,Relationships
2023-09-19,Wife has me seething right now,https://www.reddit.com/r/Marriage/comments/16mg8n9/wife_has_me_seething_right_now/,[masked],yes,r/Marriage,Relationships
2022-12-12,Hair accessories and makeup for 9 year old girl?,https://www.reddit.com/r/Parenting/comments/zjjcmz/hair_accessories_and_makeup_for_9_year_old_girl/,[masked],yes,r/Parenting,Relationships
2020-11-29,Too close to Christmas to breakup? Should I (19f) just work things out with my boyfriend (19m) of three years?,https://www.reddit.com/r/relationships/comments/k2xdom/too_close_to_christmas_to_breakup_should_i_19f/,[masked],yes,r/relationships,Relationships
2024-02-24,What do you think is more important? Chemistry or Compatibility?,https://www.reddit.com/r/Marriage/comments/1ayk8rf/what_do_you_think_is_more_important_chemistry_or/,[masked],yes,r/Marriage,Relationships
2022-02-04,I (21f) wish he (25m) would surprise me sometimes,https://www.reddit.com/r/relationships/comments/sjx4cp/i_21f_wish_he_25m_would_surprise_me_sometimes/,[masked],yes,r/relationships,Relationships
2023-03-14,Boyfriend (M21) can be snarky at times and it drives me (F20) a bit crazy.,https://www.reddit.com/r/relationships/comments/11qm1wl/boyfriend_m21_can_be_snarky_at_times_and_it/,[masked],yes,r/relationships,Relationships
2020-06-03,How soon is too soon.... buying a house together.,https://www.reddit.com/r/relationships/comments/gvc1gt/how_soon_is_too_soon_buying_a_house_together/,[masked],yes,r/relationships,Relationships
2020-07-09,Aging mother,https://www.reddit.com/r/family/comments/hnsujy/aging_mother/,[masked],yes,r/family,Relationships
2020-02-02,I need help leaving my long distance marriage,https://www.reddit.com/r/relationships/comments/exaf27/i_need_help_leaving_my_long_distance_marriage/,[masked],yes,r/relationships,Relationships
2021-03-07,I (32f) am feeling stupid because I'm really hurt that my boyfriend (33m) basically ignored my gift,https://www.reddit.com/r/relationships/comments/lzcpbp/i_32f_am_feeling_stupid_because_im_really_hurt/,[masked],yes,r/relationships,Relationships
2024-05-24,How do I approach this with my mother about daughter spending June by her?,https://www.reddit.com/r/family/comments/1cz8bdu/how_do_i_approach_this_with_my_mother_about/,[masked],yes,r/family,Relationships
2021-04-12,I hate my husbands hair,https://www.reddit.com/r/Marriage/comments/moxhet/i_hate_my_husbands_hair/,[masked],yes,r/Marriage,Relationships
2020-06-01,My boyfriend (32M) and I have been together for 5 years. Today I (29F) found out he's been forwarding nudes of his ex to himself.,https://www.reddit.com/r/relationships/comments/gukfea/my_boyfriend_32m_and_i_have_been_together_for_5/,[masked],yes,r/relationships,Relationships
2021-11-06,Can someone explain Roblox?,https://www.reddit.com/r/Parenting/comments/qo1e5t/can_someone_explain_roblox/,[masked],yes,r/Parenting,Relationships
2024-05-07,I feel I don't put in as much into my friendships as I recieve M18,https://www.reddit.com/r/relationships/comments/1cm055i/i_feel_i_dont_put_in_as_much_into_my_friendships/,[masked],yes,r/relationships,Relationships
2021-08-25,3-year-old and social anxiety,https://www.reddit.com/r/Parenting/comments/pb7zla/3yearold_and_social_anxiety/,[masked],yes,r/Parenting,Relationships
2021-01-08,I [F19] don't know if I should move to the other side of the world for my boyfriend [M22].,https://www.reddit.com/r/relationships/comments/ksnp63/i_f19_dont_know_if_i_should_move_to_the_other/,[masked],yes,r/relationships,Relationships
2021-04-12,Seeking advice after having a fight with my mother I (23F) don't have a relationship with.,https://www.reddit.com/r/family/comments/mp1okw/seeking_advice_after_having_a_fight_with_my/,[masked],yes,r/family,Relationships
2024-07-24,Bragging by 4yo’s ,https://www.reddit.com/r/Parenting/comments/1ead2w5/bragging_by_4yos/,[masked],yes,r/Parenting,Relationships
2024-07-31,My wife made me cry during sex ,https://www.reddit.com/r/Marriage/comments/1eg2oa5/my_wife_made_me_cry_during_sex/,[masked],yes,r/Marriage,Relationships
2023-12-14,life sucks what do i do?,https://www.reddit.com/r/family/comments/18hka73/life_sucks_what_do_i_do/,[masked],yes,r/family,Relationships
2023-02-16,"Wrist injury is slowly ruining my relationship (24f, 24m)",https://www.reddit.com/r/relationships/comments/113qrsn/wrist_injury_is_slowly_ruining_my_relationship/,[masked],yes,r/relationships,Relationships
2023-06-25,My mom makes it hard to talk to her,https://www.reddit.com/r/family/comments/14i5he5/my_mom_makes_it_hard_to_talk_to_her/,[masked],yes,r/family,Relationships
2020-06-19,Contacting long lost sibling,https://www.reddit.com/r/family/comments/hbnpz1/contacting_long_lost_sibling/,[masked],yes,r/family,Relationships
2024-06-23,My husband threatens me.,https://www.reddit.com/r/Marriage/comments/1dmb6np/my_husband_threatens_me/,[masked],yes,r/Marriage,Relationships
2023-02-27,I'm worried about my younger brother,https://www.reddit.com/r/family/comments/11d9q4h/im_worried_about_my_younger_brother/,[masked],yes,r/family,Relationships
2021-04-24,Sister-in-law dead at 35,https://www.reddit.com/r/family/comments/mx7fnc/sisterinlaw_dead_at_35/,[masked],yes,r/family,Relationships
2021-07-01,I don't want to go to my brother's wedding,https://www.reddit.com/r/family/comments/ob8xxz/i_dont_want_to_go_to_my_brothers_wedding/,[masked],yes,r/family,Relationships
2023-05-03,Feeling rather blah & weird,https://www.reddit.com/r/family/comments/13607od/feeling_rather_blah_weird/,[masked],yes,r/family,Relationships
2020-04-27,Am I being way too selfish for wanting to keep distance from my family?,https://www.reddit.com/r/family/comments/g8roye/am_i_being_way_too_selfish_for_wanting_to_keep/,[masked],yes,r/family,Relationships
2023-01-10,Pregnant and wanting to stay at family members overnight,https://www.reddit.com/r/Parenting/comments/107zgq9/pregnant_and_wanting_to_stay_at_family_members/,[masked],yes,r/Parenting,Relationships
2024-03-19,How to deal with preschooler pushing the limits/not listening,https://www.reddit.com/r/Parenting/comments/1biip8f/how_to_deal_with_preschooler_pushing_the/,[masked],yes,r/Parenting,Relationships
2022-10-24,Advice on feeling guilty for kicking myself out of the crazy family,https://www.reddit.com/r/family/comments/ybq9nf/advice_on_feeling_guilty_for_kicking_myself_out/,[masked],yes,r/family,Relationships
2024-08-11,jealous of the past girls he’s been with (22f) (22m) ,https://www.reddit.com/r/relationships/comments/1epefla/jealous_of_the_past_girls_hes_been_with_22f_22m/,[masked],yes,r/relationships,Relationships
2024-05-02,Do I (29m) have a right to be annoyed about my gf (27f) gay bestfriend sleeping in the same bed as her? ,https://www.reddit.com/r/relationships/comments/1chs6wk/do_i_29m_have_a_right_to_be_annoyed_about_my_gf/,[masked],yes,r/relationships,Relationships
2020-03-07,How can I handle my half estranged brother’s upcoming birthday?,https://www.reddit.com/r/relationships/comments/feht4n/how_can_i_handle_my_half_estranged_brothers/,[masked],yes,r/relationships,Relationships
2021-07-30,Very Weird Situation,https://www.reddit.com/r/Marriage/comments/ouma3k/very_weird_situation/,[masked],yes,r/Marriage,Relationships
2020-05-22,How to re-connect with my little sister ?,https://www.reddit.com/r/family/comments/go92rz/how_to_reconnect_with_my_little_sister/,[masked],yes,r/family,Relationships
2023-11-17,Met in College turned LDR,https://www.reddit.com/r/Marriage/comments/17x7oht/met_in_college_turned_ldr/,[masked],yes,r/Marriage,Relationships
2022-09-05,My(30f) new boyfriend (36m) slept with a woman (26f) who works for him,https://www.reddit.com/r/relationships/comments/x62237/my30f_new_boyfriend_36m_slept_with_a_woman_26f/,[masked],yes,r/relationships,Relationships
2024-12-26,My boyfriend (26M) went too far with his actions and words with me (25F),https://www.reddit.com/r/relationships/comments/1hmpy9t/my_boyfriend_26m_went_too_far_with_his_actions/,[masked],yes,r/relationships,Relationships
2022-12-16,Am I M (28) in the wrong for social media following F (27),https://www.reddit.com/r/relationships/comments/zn81g1/am_i_m_28_in_the_wrong_for_social_media_following/,[masked],yes,r/relationships,Relationships
2020-05-19,Toxic family or am I just overthinking?,https://www.reddit.com/r/family/comments/gmfy3o/toxic_family_or_am_i_just_overthinking/,[masked],yes,r/family,Relationships
2022-06-28,4.5yo having constant accidents,https://www.reddit.com/r/Parenting/comments/vm5z4t/45yo_having_constant_accidents/,[masked],yes,r/Parenting,Relationships
2024-07-08,Struggling with mom anger issues.,https://www.reddit.com/r/family/comments/1dxmiqw/struggling_with_mom_anger_issues/,[masked],yes,r/family,Relationships
2021-05-17,How to ask friend if I can come over to cuddle,https://www.reddit.com/r/relationships/comments/ndxfnp/how_to_ask_friend_if_i_can_come_over_to_cuddle/,[masked],yes,r/relationships,Relationships
2023-10-09,"International Travel with 2-month-old and 2-year-old, bad idea?",https://www.reddit.com/r/Parenting/comments/173dtrp/international_travel_with_2monthold_and_2yearold/,[masked],yes,r/Parenting,Relationships
2020-05-29,Can someone help me clarify this “forever” concept?,https://www.reddit.com/r/Marriage/comments/gstv9t/can_someone_help_me_clarify_this_forever_concept/,[masked],yes,r/Marriage,Relationships
2020-01-27,Confused about my wife,https://www.reddit.com/r/Marriage/comments/eupnj1/confused_about_my_wife/,[masked],yes,r/Marriage,Relationships
2022-12-26,My could be considered step family,https://www.reddit.com/r/family/comments/zvgyx2/my_could_be_considered_step_family/,[masked],yes,r/family,Relationships
2024-06-25,Toddler refusing to hug mom (but hugs dad),https://www.reddit.com/r/Parenting/comments/1dnp0et/toddler_refusing_to_hug_mom_but_hugs_dad/,[masked],yes,r/Parenting,Relationships
2022-12-07,What's the next step in intimacy?,https://www.reddit.com/r/relationships/comments/zengnf/whats_the_next_step_in_intimacy/,[masked],yes,r/relationships,Relationships
2022-09-23,What's less bad for the baby: divorce or stay together?,https://www.reddit.com/r/family/comments/xlb36d/whats_less_bad_for_the_baby_divorce_or_stay/,[masked],yes,r/family,Relationships
2020-06-07,I (26T) have permanently ceased my relationship with my father (50M). I'm frustrated and torn. Where do I go from here?,https://www.reddit.com/r/relationships/comments/gy400f/i_26t_have_permanently_ceased_my_relationship/,[masked],yes,r/relationships,Relationships
2024-05-28,I 20 M don’t want to have sex with my girlfriend 20 F,https://www.reddit.com/r/relationships/comments/1d2hieh/i_20_m_dont_want_to_have_sex_with_my_girlfriend/,[masked],yes,r/relationships,Relationships
2023-10-31,My (28f) bf (30m) started working out of town - I am struggling.,https://www.reddit.com/r/relationships/comments/17k85jr/my_28f_bf_30m_started_working_out_of_town_i_am/,[masked],yes,r/relationships,Relationships
2021-07-31,How long did your baby's reflux symptoms last?,https://www.reddit.com/r/Parenting/comments/oussww/how_long_did_your_babys_reflux_symptoms_last/,[masked],yes,r/Parenting,Relationships
2024-07-18,Is mom cheating on my dad? ,https://www.reddit.com/r/family/comments/1e664qm/is_mom_cheating_on_my_dad/,[masked],yes,r/family,Relationships
2020-08-02,Coming to an end?,https://www.reddit.com/r/Marriage/comments/i27e9j/coming_to_an_end/,[masked],yes,r/Marriage,Relationships
2022-03-13,My father wants to divorce my mother,https://www.reddit.com/r/family/comments/td8qvx/my_father_wants_to_divorce_my_mother/,[masked],yes,r/family,Relationships
2024-04-02,I’m in a crazy situation ,https://www.reddit.com/r/family/comments/1btok7x/im_in_a_crazy_situation/,[masked],yes,r/family,Relationships
2021-07-07,my (34f) bf (28m) told his sister about a fight we had about her,https://www.reddit.com/r/relationships/comments/of4xmp/my_34f_bf_28m_told_his_sister_about_a_fight_we/,[masked],yes,r/relationships,Relationships
2021-12-21,Is my mom okay??,https://www.reddit.com/r/family/comments/rl5dv9/is_my_mom_okay/,[masked],yes,r/family,Relationships
2024-04-26,Older Friend Keeps Hugging Me?,https://www.reddit.com/r/relationships/comments/1cddf9u/older_friend_keeps_hugging_me/,[masked],yes,r/relationships,Relationships
2023-12-06,Age gap and meeting one’s needs,https://www.reddit.com/r/Marriage/comments/18c2nbr/age_gap_and_meeting_ones_needs/,[masked],yes,r/Marriage,Relationships
2023-07-18,Want to get some opinions on a possible business idea!,https://www.reddit.com/r/Parenting/comments/152m8px/want_to_get_some_opinions_on_a_possible_business/,[masked],yes,r/Parenting,Relationships
2024-02-25,How do I F(28)forgive my boyfriend M(30) for lying to me about his past?,https://www.reddit.com/r/relationships/comments/1azlh0w/how_do_i_f28forgive_my_boyfriend_m30_for_lying_to/,[masked],yes,r/relationships,Relationships
2021-12-07,Crazy sisters,https://www.reddit.com/r/family/comments/rar3du/crazy_sisters/,[masked],yes,r/family,Relationships
2023-08-08,I (21m) am frustrated with my partner (21nb) not treating me well,https://www.reddit.com/r/relationships/comments/15kw0l1/i_21m_am_frustrated_with_my_partner_21nb_not/,[masked],yes,r/relationships,Relationships
2023-12-02,Hoarding(?) behavior in 5 year old,https://www.reddit.com/r/Parenting/comments/188h965/hoarding_behavior_in_5_year_old/,[masked],yes,r/Parenting,Relationships
2024-03-19,Update to previous post f26 married to m28 who has shown emotionally abusive tendencies ,https://www.reddit.com/r/relationships/comments/1bhwvob/update_to_previous_post_f26_married_to_m28_who/,[masked],yes,r/relationships,Relationships
2022-01-06,10-Month-Old Biter,https://www.reddit.com/r/Parenting/comments/rxgvfl/10monthold_biter/,[masked],yes,r/Parenting,Relationships
2023-06-04,How to get him to accept we are over?,https://www.reddit.com/r/relationships/comments/13zoogn/how_to_get_him_to_accept_we_are_over/,[masked],yes,r/relationships,Relationships
2020-09-30,Just a worried giraffe.,https://www.reddit.com/r/family/comments/j2aqkb/just_a_worried_giraffe/,[masked],yes,r/family,Relationships
2020-02-14,Explosive behavior at school,https://www.reddit.com/r/Parenting/comments/f3twjd/explosive_behavior_at_school/,[masked],yes,r/Parenting,Relationships
2024-07-15,My sister used all of us for childcare and now she refuses to talk to us.,https://www.reddit.com/r/family/comments/1e3g5px/my_sister_used_all_of_us_for_childcare_and_now/,[masked],yes,r/family,Relationships
2024-07-21,Selfish DIL keeps my grandkids away from me,https://www.reddit.com/r/family/comments/1e8dc7t/selfish_dil_keeps_my_grandkids_away_from_me/,[masked],yes,r/family,Relationships
2020-11-07,Butt in or stay out of it? Could use some advice from people not emotionally involved.,https://www.reddit.com/r/relationships/comments/jps3oc/butt_in_or_stay_out_of_it_could_use_some_advice/,[masked],yes,r/relationships,Relationships
2022-02-13,Picky child,https://www.reddit.com/r/Parenting/comments/sr8j6a/picky_child/,[masked],yes,r/Parenting,Relationships
2023-11-05,my (19F) boyfriend (19M) still has his ex’s contact information,https://www.reddit.com/r/relationships/comments/17nwsl0/my_19f_boyfriend_19m_still_has_his_exs_contact/,[masked],yes,r/relationships,Relationships
2020-01-24,"I (29F) become unreasonably angry any time my boyfriend (26M) comes home later than expected when out with friends, and I cannot seem to change.",https://www.reddit.com/r/relationships/comments/esx67z/i_29f_become_unreasonably_angry_any_time_my/,[masked],yes,r/relationships,Relationships
2023-06-19,My(16m) mom wants me to visit my brother in prison,https://www.reddit.com/r/family/comments/14d1ovj/my16m_mom_wants_me_to_visit_my_brother_in_prison/,[masked],yes,r/family,Relationships
2023-07-25,My [29M] ex-fiancée [26F] fucked 3 men in as many nights in my apartment while I was on work travel,https://www.reddit.com/r/relationships/comments/158nqdp/my_29m_exfiancée_26f_fucked_3_men_in_as_many/,[masked],yes,r/relationships,Relationships
2020-08-20,Wife interferes while I cook.,https://www.reddit.com/r/Marriage/comments/icxwjo/wife_interferes_while_i_cook/,[masked],yes,r/Marriage,Relationships
2022-10-01,I just need to type it out,https://www.reddit.com/r/Parenting/comments/xsd4l5/i_just_need_to_type_it_out/,[masked],yes,r/Parenting,Relationships
2020-11-16,Was anything beyond expectations?,https://www.reddit.com/r/Marriage/comments/juxo0n/was_anything_beyond_expectations/,[masked],yes,r/Marriage,Relationships
2022-08-07,am i being dramatic or is this a real reason to end a relationship ?,https://www.reddit.com/r/relationships/comments/wib4y5/am_i_being_dramatic_or_is_this_a_real_reason_to/,[masked],yes,r/relationships,Relationships
2023-04-20,My boyfriend hasn’t been fucking me,https://www.reddit.com/r/relationships/comments/12sw6js/my_boyfriend_hasnt_been_fucking_me/,[masked],yes,r/relationships,Relationships
2024-12-17,Is my boyfriend embarrassed of me?,https://www.reddit.com/r/relationships/comments/1hgc0gy/is_my_boyfriend_embarrassed_of_me/,[masked],yes,r/relationships,Relationships
2024-07-09,Do I have to baby proof my house to babysit my new nephew? ,https://www.reddit.com/r/Parenting/comments/1dz55uf/do_i_have_to_baby_proof_my_house_to_babysit_my/,[masked],yes,r/Parenting,Relationships
2021-06-13,Boyfriend (38m) did not tell me (31f) about having hsv2,https://www.reddit.com/r/relationships/comments/nymygj/boyfriend_38m_did_not_tell_me_31f_about_having/,[masked],yes,r/relationships,Relationships
2023-09-28,Husband lied about porn use,https://www.reddit.com/r/Marriage/comments/16tuklh/husband_lied_about_porn_use/,[masked],yes,r/Marriage,Relationships
2021-07-02,[F20] Girlfriend won't do anything for me [M20] or the relationship voluntarily,https://www.reddit.com/r/relationships/comments/oc7mgr/f20_girlfriend_wont_do_anything_for_me_m20_or_the/,[masked],yes,r/relationships,Relationships
2020-04-23,Bf (20m) is bad at showing me (20f) affection,https://www.reddit.com/r/relationships/comments/g6jb27/bf_20m_is_bad_at_showing_me_20f_affection/,[masked],yes,r/relationships,Relationships
2023-06-06,husband doesn’t support surgery/treatments,https://www.reddit.com/r/Marriage/comments/141rr4t/husband_doesnt_support_surgerytreatments/,[masked],yes,r/Marriage,Relationships
2022-08-17,Behavioural changes in 2.5yr old have left us stumped!,https://www.reddit.com/r/Parenting/comments/wqba6f/behavioural_changes_in_25yr_old_have_left_us/,[masked],yes,r/Parenting,Relationships
2023-12-26,Why is my brother only loud during the night?,https://www.reddit.com/r/family/comments/18quahv/why_is_my_brother_only_loud_during_the_night/,[masked],yes,r/family,Relationships
2022-02-09,How do you set healthy boundaries for grandparents,https://www.reddit.com/r/Parenting/comments/sntug3/how_do_you_set_healthy_boundaries_for_grandparents/,[masked],yes,r/Parenting,Relationships
2021-12-26,I think my husband likes video games more than me and the kids.,https://www.reddit.com/r/Marriage/comments/rowthz/i_think_my_husband_likes_video_games_more_than_me/,[masked],yes,r/Marriage,Relationships
2022-11-05,breaking off an engagement,https://www.reddit.com/r/Marriage/comments/yminja/breaking_off_an_engagement/,[masked],yes,r/Marriage,Relationships
2021-08-02,How do I ask the guy I’ve been snap chatting with for months on a date?,https://www.reddit.com/r/relationships/comments/ow20lb/how_do_i_ask_the_guy_ive_been_snap_chatting_with/,[masked],yes,r/relationships,Relationships
2020-06-14,I (20F) need advice about my father (53?M),https://www.reddit.com/r/relationships/comments/h8gd83/i_20f_need_advice_about_my_father_53m/,[masked],yes,r/relationships,Relationships
2021-07-16,My little sister is dating a loser,https://www.reddit.com/r/family/comments/oleyfi/my_little_sister_is_dating_a_loser/,[masked],yes,r/family,Relationships
2021-06-19,Desperate for Advice on a Family Situation,https://www.reddit.com/r/family/comments/o2xouw/desperate_for_advice_on_a_family_situation/,[masked],yes,r/family,Relationships
2020-07-11,I [21F] constantly think about the pain my ex-boyfriend [22M] inflicted on me. I find it hard to heal from. I'm not sure whether to call it manipulation or not.,https://www.reddit.com/r/relationships/comments/hp861c/i_21f_constantly_think_about_the_pain_my/,[masked],yes,r/relationships,Relationships
2023-01-17,separated for 6 months. we were trying to work on things but he started seeing someone. we forgave but he's still talking to her.,https://www.reddit.com/r/Marriage/comments/10efbya/separated_for_6_months_we_were_trying_to_work_on/,[masked],yes,r/Marriage,Relationships
2023-01-28,My (19M) girlfriend (18F) have had some struggles with things in the past but this is something that really confuses me,https://www.reddit.com/r/relationships/comments/10n5hut/my_19m_girlfriend_18f_have_had_some_struggles/,[masked],yes,r/relationships,Relationships
2022-06-09,"I (22F) started dating my housemate (27M) but I think we’re incompatible, what should I do",https://www.reddit.com/r/relationships/comments/v86lv7/i_22f_started_dating_my_housemate_27m_but_i_think/,[masked],yes,r/relationships,Relationships
2024-12-02,I 29 (F) am triggered by my 34-year-old brother,https://www.reddit.com/r/family/comments/1h48oqq/i_29_f_am_triggered_by_my_34yearold_brother/,[masked],yes,r/family,Relationships
2022-02-10,She’s spending my birthday with someone else,https://www.reddit.com/r/relationships/comments/souwl1/shes_spending_my_birthday_with_someone_else/,[masked],yes,r/relationships,Relationships
2024-09-15,Mother in law hasn’t given us a wedding present,https://www.reddit.com/r/Marriage/comments/1fhb3eo/mother_in_law_hasnt_given_us_a_wedding_present/,[masked],yes,r/Marriage,Relationships
2022-03-21,I need some opinions here.,https://www.reddit.com/r/Marriage/comments/tjbinh/i_need_some_opinions_here/,[masked],yes,r/Marriage,Relationships
2020-03-20,"My spouse never has anything fun, encouraging, or supportive to say. Ever.",https://www.reddit.com/r/Marriage/comments/flhh4i/my_spouse_never_has_anything_fun_encouraging_or/,[masked],yes,r/Marriage,Relationships
2020-10-30,How do I entertain a 14 week old?,https://www.reddit.com/r/Parenting/comments/jkuvwv/how_do_i_entertain_a_14_week_old/,[masked],yes,r/Parenting,Relationships
2021-03-05,Back from the brink?,https://www.reddit.com/r/Marriage/comments/lxwhn3/back_from_the_brink/,[masked],yes,r/Marriage,Relationships
2023-11-19,My child is falling more often.,https://www.reddit.com/r/Parenting/comments/17yj33y/my_child_is_falling_more_often/,[masked],yes,r/Parenting,Relationships
2021-01-28,"Husband (39M) cheated on me (39F). I don't want to leave him until our kids (17F, 17M) are out of the house. My mother and sister are refusing to even talk to him, which is arousing suspicion. How do I get them to act normal?",https://www.reddit.com/r/relationships/comments/l6o865/husband_39m_cheated_on_me_39f_i_dont_want_to/,[masked],yes,r/relationships,Relationships
2024-03-18,Baby eating problem,https://www.reddit.com/r/Parenting/comments/1bhpwxu/baby_eating_problem/,[masked],yes,r/Parenting,Relationships
2024-09-23,Is my boyfriend’s past making me insecure or is there something missing in the relationship? (26F) and (30M) ,https://www.reddit.com/r/relationships/comments/1fnmvnj/is_my_boyfriends_past_making_me_insecure_or_is/,[masked],yes,r/relationships,Relationships
2020-04-09,Should I break contact? Should I close this chapter completely?,https://www.reddit.com/r/relationships/comments/fxuja1/should_i_break_contact_should_i_close_this/,[masked],yes,r/relationships,Relationships
2020-03-04,We're both struggling and bringing up my issues are just another weight on her...,https://www.reddit.com/r/Marriage/comments/fcwy4y/were_both_struggling_and_bringing_up_my_issues/,[masked],yes,r/Marriage,Relationships
2024-01-15,How to move on,https://www.reddit.com/r/Marriage/comments/196nh6r/how_to_move_on/,[masked],yes,r/Marriage,Relationships
2023-07-23,Found my exwife on Hinge a week after she told me she didn't want a relationship with anyone and needed to be alone,https://www.reddit.com/r/Marriage/comments/157e7q2/found_my_exwife_on_hinge_a_week_after_she_told_me/,[masked],yes,r/Marriage,Relationships
2024-05-10,Should I (29F) move in with my boyfriend (37M)? ,https://www.reddit.com/r/relationships/comments/1co2uj8/should_i_29f_move_in_with_my_boyfriend_37m/,[masked],yes,r/relationships,Relationships
2024-09-11,How to get over it,https://www.reddit.com/r/relationships/comments/1fdryl8/how_to_get_over_it/,[masked],yes,r/relationships,Relationships
2023-03-29,The nature of disagreements,https://www.reddit.com/r/Marriage/comments/124uefa/the_nature_of_disagreements/,[masked],yes,r/Marriage,Relationships
2020-06-20,My ex broke up with me because he’s too depressed but said there’s a possibility we could get back together. What can I do?,https://www.reddit.com/r/relationships/comments/hcgt0r/my_ex_broke_up_with_me_because_hes_too_depressed/,[masked],yes,r/relationships,Relationships
2022-01-22,Really need advice please.,https://www.reddit.com/r/Parenting/comments/s9tcex/really_need_advice_please/,[masked],yes,r/Parenting,Relationships
2020-07-10,"When my boyfriend (25M) and I (27F) get in arguments/discussions, if he isn't clear enough about what he means I will say ""So you're saying......?"" as a way to get him to clarify. He sees this as me putting words in his mouth.",https://www.reddit.com/r/relationships/comments/hopqdl/when_my_boyfriend_25m_and_i_27f_get_in/,[masked],yes,r/relationships,Relationships
2022-09-06,Help! potty training.,https://www.reddit.com/r/Parenting/comments/x6o4oq/help_potty_training/,[masked],yes,r/Parenting,Relationships
2022-05-05,Am I alone here?,https://www.reddit.com/r/Parenting/comments/uip6au/am_i_alone_here/,[masked],yes,r/Parenting,Relationships
2021-09-23,"Roommate issues, struggling to move past them",https://www.reddit.com/r/relationships/comments/ptie7p/roommate_issues_struggling_to_move_past_them/,[masked],yes,r/relationships,Relationships
2021-09-12,My kid… is an asshole.,https://www.reddit.com/r/Parenting/comments/pmntew/my_kid_is_an_asshole/,[masked],yes,r/Parenting,Relationships
2023-12-02,I truly believe that there should be boundaries with certain relatives to be a healthy family unit. Does anybody else think that?,https://www.reddit.com/r/family/comments/188nq3a/i_truly_believe_that_there_should_be_boundaries/,[masked],yes,r/family,Relationships
2021-01-02,Was my ex emotionally abusive?,https://www.reddit.com/r/relationships/comments/korcqd/was_my_ex_emotionally_abusive/,[masked],yes,r/relationships,Relationships
2022-02-22,"Not entirely happy with my relationship, but unsure if that’s valid, or if the things I’m unhappy about are just part of being in a relationship.",https://www.reddit.com/r/relationships/comments/sy43gx/not_entirely_happy_with_my_relationship_but/,[masked],yes,r/relationships,Relationships
2022-01-22,Should I let my drug addict cousin move in with me?,https://www.reddit.com/r/family/comments/s9vta8/should_i_let_my_drug_addict_cousin_move_in_with_me/,[masked],yes,r/family,Relationships
2024-09-27,Just got assaulted by my GF 23 F with my Bluetooth speaker time to end it?,https://www.reddit.com/r/relationships/comments/1fqg0cx/just_got_assaulted_by_my_gf_23_f_with_my/,[masked],yes,r/relationships,Relationships
2022-08-05,To trust him or not,https://www.reddit.com/r/relationships/comments/wgul8x/to_trust_him_or_not/,[masked],yes,r/relationships,Relationships
2022-01-04,why am i always lashing out at my parents for no reason?,https://www.reddit.com/r/family/comments/rv6uyw/why_am_i_always_lashing_out_at_my_parents_for_no/,[masked],yes,r/family,Relationships
2024-08-10,does anyone else just lay there and let him do what he wants?,https://www.reddit.com/r/Marriage/comments/1eof2kk/does_anyone_else_just_lay_there_and_let_him_do/,[masked],yes,r/Marriage,Relationships
2020-02-03,"[M32] - I can't say 'no' to having sex, and I don't know when to say 'yes' again, plz help.",https://www.reddit.com/r/relationships/comments/extdlm/m32_i_cant_say_no_to_having_sex_and_i_dont_know/,[masked],yes,r/relationships,Relationships
2023-02-01,I (32 F) am about to get divorced and don't want my husband (33 M) and his family to come to my sisters wedding. How do I ask them not to come?,https://www.reddit.com/r/family/comments/10q3dtc/i_32_f_am_about_to_get_divorced_and_dont_want_my/,[masked],yes,r/family,Relationships
2023-06-29,Poo-ing in the toilet,https://www.reddit.com/r/Parenting/comments/14m2mpz/pooing_in_the_toilet/,[masked],yes,r/Parenting,Relationships
2020-04-30,Should I be more worried my family never said anything when they thought I got married?,https://www.reddit.com/r/family/comments/gao0wi/should_i_be_more_worried_my_family_never_said/,[masked],yes,r/family,Relationships
2024-05-13,ON WUE DAY I ALMOST KILLED MY STEP-BROTHERS,https://www.reddit.com/r/family/comments/1cqsxqu/on_wue_day_i_almost_killed_my_stepbrothers/,[masked],yes,r/family,Relationships
2020-06-02,Taking some time on my relationship (but I don't want to),https://www.reddit.com/r/relationships/comments/gv1q7w/taking_some_time_on_my_relationship_but_i_dont/,[masked],yes,r/relationships,Relationships
2021-04-20,"I absolutely detest the idea of ultimatums, but . . .",https://www.reddit.com/r/Marriage/comments/mur3xs/i_absolutely_detest_the_idea_of_ultimatums_but/,[masked],yes,r/Marriage,Relationships
2020-12-04,"What are some remote family traditions you are starting this year, or how are you adapting old ones to work?",https://www.reddit.com/r/family/comments/k63olt/what_are_some_remote_family_traditions_you_are/,[masked],yes,r/family,Relationships
2024-05-17,Nearly 17 y/o wants no contact.  Requesting advice.,https://www.reddit.com/r/family/comments/1ctj0qk/nearly_17_yo_wants_no_contact_requesting_advice/,[masked],yes,r/family,Relationships
2023-11-26,Suicide threat,https://www.reddit.com/r/Marriage/comments/183qiwz/suicide_threat/,[masked],yes,r/Marriage,Relationships
2022-08-11,My mom always favors my brothers,https://www.reddit.com/r/family/comments/wl9jmv/my_mom_always_favors_my_brothers/,[masked],yes,r/family,Relationships
2021-08-07,"Really like someone, but her friends are just awful",https://www.reddit.com/r/relationships/comments/ozaynu/really_like_someone_but_her_friends_are_just_awful/,[masked],yes,r/relationships,Relationships
2024-10-15,"My bf 28m hid something from me 26f. It hurt me so much, not sure what to do.",https://www.reddit.com/r/relationships/comments/1g3w0wh/my_bf_28m_hid_something_from_me_26f_it_hurt_me_so/,[masked],yes,r/relationships,Relationships
2020-10-17,"Men of Reddit, what does being in love mean to you?",https://www.reddit.com/r/Marriage/comments/jcfeju/men_of_reddit_what_does_being_in_love_mean_to_you/,[masked],yes,r/Marriage,Relationships
2024-04-20,Feels like my marriage is over. ,https://www.reddit.com/r/Marriage/comments/1c836aw/feels_like_my_marriage_is_over/,[masked],yes,r/Marriage,Relationships
2021-11-04,Getting irritable when coming home,https://www.reddit.com/r/Marriage/comments/qmmqb0/getting_irritable_when_coming_home/,[masked],yes,r/Marriage,Relationships
2021-11-22,How to do thanksgiving with your racist &amp; hateful grandfather ?,https://www.reddit.com/r/family/comments/qzbgzm/how_to_do_thanksgiving_with_your_racist_hateful/,[masked],yes,r/family,Relationships
2022-02-17,What to talk about with parents,https://www.reddit.com/r/family/comments/succ4n/what_to_talk_about_with_parents/,[masked],yes,r/family,Relationships
2020-04-18,Struggles parenting 2.5 yr. old &amp; 6 mo. old boys - when does it get better? (honestly),https://www.reddit.com/r/Parenting/comments/g37taa/struggles_parenting_25_yr_old_6_mo_old_boys_when/,[masked],yes,r/Parenting,Relationships
2020-10-20,Married but Separated - Don’t Know What to Do,https://www.reddit.com/r/Marriage/comments/jejqlc/married_but_separated_dont_know_what_to_do/,[masked],yes,r/Marriage,Relationships
2024-09-27,"""We need to discuss this as adults"" coming from an adult child.",https://www.reddit.com/r/family/comments/1fqldqw/we_need_to_discuss_this_as_adults_coming_from_an/,[masked],yes,r/family,Relationships
2024-02-16,how can i save my marriage after being caught cheating,https://www.reddit.com/r/Marriage/comments/1arvot0/how_can_i_save_my_marriage_after_being_caught/,[masked],yes,r/Marriage,Relationships
2022-04-11,How can I get my boyfriend back?,https://www.reddit.com/r/relationships/comments/u0q01n/how_can_i_get_my_boyfriend_back/,[masked],yes,r/relationships,Relationships
2022-04-14,Gf’s father in trouble; don’t know how to support her,https://www.reddit.com/r/relationships/comments/u3da33/gfs_father_in_trouble_dont_know_how_to_support_her/,[masked],yes,r/relationships,Relationships
2022-06-11,Very lost,https://www.reddit.com/r/Marriage/comments/v9qt0r/very_lost/,[masked],yes,r/Marriage,Relationships
2022-01-18,What to do if my mom refuses to be responsible for me?,https://www.reddit.com/r/family/comments/s6rybe/what_to_do_if_my_mom_refuses_to_be_responsible/,[masked],yes,r/family,Relationships
2024-05-22,I feel broken,https://www.reddit.com/r/family/comments/1cxhu2z/i_feel_broken/,[masked],yes,r/family,Relationships
2023-07-13,I love my daughter so much but I couldn't connect with her straight away,https://www.reddit.com/r/Parenting/comments/14xwi5i/i_love_my_daughter_so_much_but_i_couldnt_connect/,[masked],yes,r/Parenting,Relationships
2020-04-16,Last night I (21M) ended a 2.5 year long friendship with another dude (20M) after being cussed out and blocked off. Need advice where to go from here.,https://www.reddit.com/r/relationships/comments/g2dvqd/last_night_i_21m_ended_a_25_year_long_friendship/,[masked],yes,r/relationships,Relationships
2020-07-10,Help. My 5 yo will not poop in the potty,https://www.reddit.com/r/Parenting/comments/hobjly/help_my_5_yo_will_not_poop_in_the_potty/,[masked],yes,r/Parenting,Relationships
2020-08-01,In love with my wife's best friend and they both know,https://www.reddit.com/r/Marriage/comments/i1popt/in_love_with_my_wifes_best_friend_and_they_both/,[masked],yes,r/Marriage,Relationships
2021-03-20,Lacking in the bedroom.,https://www.reddit.com/r/Marriage/comments/m8zxo6/lacking_in_the_bedroom/,[masked],yes,r/Marriage,Relationships
2022-09-23,My uncle attacked my boyfriend?,https://www.reddit.com/r/family/comments/xll4ad/my_uncle_attacked_my_boyfriend/,[masked],yes,r/family,Relationships
2021-06-15,I don’t want to sleep next to my husband,https://www.reddit.com/r/Marriage/comments/o04czd/i_dont_want_to_sleep_next_to_my_husband/,[masked],yes,r/Marriage,Relationships
2023-12-11,Family History,https://www.reddit.com/r/family/comments/18fas8a/family_history/,[masked],yes,r/family,Relationships
2021-04-04,Want to leave loving family,https://www.reddit.com/r/family/comments/mjkzs1/want_to_leave_loving_family/,[masked],yes,r/family,Relationships
2021-07-01,Son Meeting Ex’s New Partner,https://www.reddit.com/r/Parenting/comments/ob58vc/son_meeting_exs_new_partner/,[masked],yes,r/Parenting,Relationships
2020-04-28,How did you know it was really time to call it quits?,https://www.reddit.com/r/Marriage/comments/g98flm/how_did_you_know_it_was_really_time_to_call_it/,[masked],yes,r/Marriage,Relationships
2023-09-25,"How to walk away from strong feelings of affection (37M) and a sense of belonging to save a friendship (37F, Married)?",https://www.reddit.com/r/relationships/comments/16r3yuu/how_to_walk_away_from_strong_feelings_of/,[masked],yes,r/relationships,Relationships
2024-03-07,Working in healthcare and holidays,https://www.reddit.com/r/Marriage/comments/1b8j35w/working_in_healthcare_and_holidays/,[masked],yes,r/Marriage,Relationships
2022-04-15,I never want to live away from my mom.,https://www.reddit.com/r/family/comments/u3rmxr/i_never_want_to_live_away_from_my_mom/,[masked],yes,r/family,Relationships
2022-04-23,My wife is a completely different person,https://www.reddit.com/r/Marriage/comments/ua7qr4/my_wife_is_a_completely_different_person/,[masked],yes,r/Marriage,Relationships
2024-04-24,5yr old has no filter,https://www.reddit.com/r/Parenting/comments/1cbfm8b/5yr_old_has_no_filter/,[masked],yes,r/Parenting,Relationships
2020-11-23,"Girlfriend wants space because of being burnt out, but still goes to work",https://www.reddit.com/r/relationships/comments/jzip9s/girlfriend_wants_space_because_of_being_burnt_out/,[masked],yes,r/relationships,Relationships
2024-05-09,"(Update) I gave my husband an ultimatum, quit his job or I'm leaving",https://www.reddit.com/r/Marriage/comments/1cnhygl/update_i_gave_my_husband_an_ultimatum_quit_his/,[masked],yes,r/Marriage,Relationships
2024-01-12,Has anyone’s husband ever hit them twice and never again?,https://www.reddit.com/r/Marriage/comments/194xims/has_anyones_husband_ever_hit_them_twice_and_never/,[masked],yes,r/Marriage,Relationships
2022-06-06,My husband is neat and neurotic and I'm not,https://www.reddit.com/r/Marriage/comments/v5u2m8/my_husband_is_neat_and_neurotic_and_im_not/,[masked],yes,r/Marriage,Relationships
2021-08-21,What should I do?,https://www.reddit.com/r/Parenting/comments/p8ehkb/what_should_i_do/,[masked],yes,r/Parenting,Relationships
2022-03-01,Homeschooler right now - how to teach about the Holocaust?,https://www.reddit.com/r/Parenting/comments/t3k1o9/homeschooler_right_now_how_to_teach_about_the/,[masked],yes,r/Parenting,Relationships
2023-05-18,My (23F) boyfriend (23M) hasn’t been wanting to have sex in almost 2 weeks,https://www.reddit.com/r/relationships/comments/13kz3bu/my_23f_boyfriend_23m_hasnt_been_wanting_to_have/,[masked],yes,r/relationships,Relationships
2022-06-21,Tired of overthinking/feeling clingy in my (20F) relationship with my bf (22M),https://www.reddit.com/r/relationships/comments/vhdznk/tired_of_overthinkingfeeling_clingy_in_my_20f/,[masked],yes,r/relationships,Relationships
2020-03-14,My [36M] recent partner [25F] moved in and her best friend [~30M] &amp; substance problems are complicating things,https://www.reddit.com/r/relationships/comments/ficz5u/my_36m_recent_partner_25f_moved_in_and_her_best/,[masked],yes,r/relationships,Relationships
2024-04-03,husband ended our marriage to seek other women but…,https://www.reddit.com/r/Marriage/comments/1bum9vb/husband_ended_our_marriage_to_seek_other_women_but/,[masked],yes,r/Marriage,Relationships
2021-02-27,My toddler won’t stop banging her feet on the floor. Please help me!,https://www.reddit.com/r/Parenting/comments/lt2uki/my_toddler_wont_stop_banging_her_feet_on_the/,[masked],yes,r/Parenting,Relationships
2023-09-23,Hard to relate to Family,https://www.reddit.com/r/family/comments/16pmp8b/hard_to_relate_to_family/,[masked],yes,r/family,Relationships
2024-07-29,family literally abandoned me.,https://www.reddit.com/r/family/comments/1eepwt2/family_literally_abandoned_me/,[masked],yes,r/family,Relationships
2024-02-23,I love the life we've built together,https://www.reddit.com/r/Marriage/comments/1axzsvu/i_love_the_life_weve_built_together/,[masked],yes,r/Marriage,Relationships
2024-12-27,Family get together where to put everyone ,https://www.reddit.com/r/family/comments/1hn023a/family_get_together_where_to_put_everyone/,[masked],yes,r/family,Relationships
2022-10-12,I feel numb. I feel like that when my mom is around.,https://www.reddit.com/r/family/comments/y1ikec/i_feel_numb_i_feel_like_that_when_my_mom_is_around/,[masked],yes,r/family,Relationships
2024-03-23,Am I right for leaving my ex ,https://www.reddit.com/r/relationships/comments/1blrxvv/am_i_right_for_leaving_my_ex/,[masked],yes,r/relationships,Relationships
2020-07-05,Not allowed to take a bath because I’m not a child anymore?,https://www.reddit.com/r/family/comments/hlft93/not_allowed_to_take_a_bath_because_im_not_a_child/,[masked],yes,r/family,Relationships
2022-04-12,I (m37) suspect my partner (they33) has a personality disorder,https://www.reddit.com/r/relationships/comments/u1m00w/i_m37_suspect_my_partner_they33_has_a_personality/,[masked],yes,r/relationships,Relationships
2022-06-19,Do I (30m) hold hope (22f).,https://www.reddit.com/r/Marriage/comments/vfx2o5/do_i_30m_hold_hope_22f/,[masked],yes,r/Marriage,Relationships
2020-12-11,Parents of 1 kiddo... How did you know that was enough?,https://www.reddit.com/r/Parenting/comments/kajx59/parents_of_1_kiddo_how_did_you_know_that_was/,[masked],yes,r/Parenting,Relationships
2024-11-16,My bf's friend [M26] tried to hit on his little sister [F19],https://www.reddit.com/r/relationships/comments/1gs866k/my_bfs_friend_m26_tried_to_hit_on_his_little/,[masked],yes,r/relationships,Relationships
2024-04-04,Is it okay for a Dad to teach his daughter about her period?,https://www.reddit.com/r/Parenting/comments/1bvidxg/is_it_okay_for_a_dad_to_teach_his_daughter_about/,[masked],yes,r/Parenting,Relationships
2023-11-13,"My (28f) partner (26m) doesn't talk to me like he used to, and is awkward after we had a heavy talk about his jealously over another man in my life.",https://www.reddit.com/r/relationships/comments/17u36uk/my_28f_partner_26m_doesnt_talk_to_me_like_he_used/,[masked],yes,r/relationships,Relationships
2020-05-07,My [28/M] ex [26/F] told me that she didn't feel that much during the last year or so we were together.,https://www.reddit.com/r/relationships/comments/gf06bh/my_28m_ex_26f_told_me_that_she_didnt_feel_that/,[masked],yes,r/relationships,Relationships
2021-12-25,"I [30F] think my SIL [25F] wants me to help her secretly leave my BIL [31M], what the hell do I do?",https://www.reddit.com/r/relationships/comments/rnt3q4/i_30f_think_my_sil_25f_wants_me_to_help_her/,[masked],yes,r/relationships,Relationships
2023-07-26,Terrified of needles,https://www.reddit.com/r/Parenting/comments/159t9bw/terrified_of_needles/,[masked],yes,r/Parenting,Relationships
2024-06-08,"Parents of 3+, do you still go out with all your kids solo?",https://www.reddit.com/r/Parenting/comments/1dastu1/parents_of_3_do_you_still_go_out_with_all_your/,[masked],yes,r/Parenting,Relationships
2021-10-13,Parenting is lonely,https://www.reddit.com/r/Parenting/comments/q73doq/parenting_is_lonely/,[masked],yes,r/Parenting,Relationships
2023-08-06,Advice from women re: being pushy and mansplaining,https://www.reddit.com/r/Marriage/comments/15jnkkg/advice_from_women_re_being_pushy_and_mansplaining/,[masked],yes,r/Marriage,Relationships
2024-12-27,I’m (27F) in love with my best friend (30F),https://www.reddit.com/r/relationships/comments/1hmrxkz/im_27f_in_love_with_my_best_friend_30f/,[masked],yes,r/relationships,Relationships
2022-10-04,Imposter Syndrome (Cross posted),https://www.reddit.com/r/Parenting/comments/xunf3e/imposter_syndrome_cross_posted/,[masked],yes,r/Parenting,Relationships
2022-03-12,Do I tell my gf I'm jealous?,https://www.reddit.com/r/relationships/comments/tc19lb/do_i_tell_my_gf_im_jealous/,[masked],yes,r/relationships,Relationships
2024-09-12,Feeling Trapped in My Marriage. How Do I Move Forward Without Losing My Child?,https://www.reddit.com/r/Marriage/comments/1fewz0e/feeling_trapped_in_my_marriage_how_do_i_move/,[masked],yes,r/Marriage,Relationships
2020-06-17,Friend yelled at by parents during video call,https://www.reddit.com/r/family/comments/ha8a6j/friend_yelled_at_by_parents_during_video_call/,[masked],yes,r/family,Relationships
2024-11-13,How to approach wife about one-sided intimacy.,https://www.reddit.com/r/Marriage/comments/1gpyerd/how_to_approach_wife_about_onesided_intimacy/,[masked],yes,r/Marriage,Relationships
2023-12-03,Does everyone’s family’s talk to each other?,https://www.reddit.com/r/family/comments/189h6ij/does_everyones_familys_talk_to_each_other/,[masked],yes,r/family,Relationships
2022-04-09,Starting again,https://www.reddit.com/r/Marriage/comments/tz9ra3/starting_again/,[masked],yes,r/Marriage,Relationships
2020-03-03,"My (24, F) mom wants to move to the US to be close to me but I fear I can't live my life on my terms",https://www.reddit.com/r/family/comments/fcpdxd/my_24_f_mom_wants_to_move_to_the_us_to_be_close/,[masked],yes,r/family,Relationships
2023-08-13,"My wife insists she’s contributing fairly to our relationship, is she right?",https://www.reddit.com/r/Marriage/comments/15pohxe/my_wife_insists_shes_contributing_fairly_to_our/,[masked],yes,r/Marriage,Relationships
2024-11-24,How do I ask my doctor to investigate my 2yo for leukaemia/immune disorders?,https://www.reddit.com/r/Parenting/comments/1gyl317/how_do_i_ask_my_doctor_to_investigate_my_2yo_for/,[masked],yes,r/Parenting,Relationships
2021-05-14,Thoughts on one partner taking trips without the other,https://www.reddit.com/r/relationships/comments/nbs8qx/thoughts_on_one_partner_taking_trips_without_the/,[masked],yes,r/relationships,Relationships
2020-08-26,"He says he loves me and will never get over me, but he's marrying someone else",https://www.reddit.com/r/relationships/comments/igylrr/he_says_he_loves_me_and_will_never_get_over_me/,[masked],yes,r/relationships,Relationships
2021-10-16,When people in your life can only share their perspective but not hear yours.,https://www.reddit.com/r/family/comments/q9bwtm/when_people_in_your_life_can_only_share_their/,[masked],yes,r/family,Relationships
2021-08-04,Thumb sucking,https://www.reddit.com/r/Parenting/comments/oxaoz4/thumb_sucking/,[masked],yes,r/Parenting,Relationships
2021-08-09,Parents of 2 kids - give it to me straight about having a second kid.,https://www.reddit.com/r/Parenting/comments/p0p88j/parents_of_2_kids_give_it_to_me_straight_about/,[masked],yes,r/Parenting,Relationships
2021-07-08,Parents and children fighting,https://www.reddit.com/r/family/comments/ofxisk/parents_and_children_fighting/,[masked],yes,r/family,Relationships
2022-01-03,My sister will not speak to me. I say hi and she gives a blank stare. I believe she is narcissistic. She won't speak to me because I got mad at her for years of her bullying me and everyone backed me and not her so it made her worse. Do I just not speak to her anymore?,https://www.reddit.com/r/family/comments/rue1rc/my_sister_will_not_speak_to_me_i_say_hi_and_she/,[masked],yes,r/family,Relationships
2020-09-23,When should my kid start buckling himself in his car seat?,https://www.reddit.com/r/Parenting/comments/iy8l6d/when_should_my_kid_start_buckling_himself_in_his/,[masked],yes,r/Parenting,Relationships
2023-10-13,Teenage Daughter (14f) and Issues with Lying,https://www.reddit.com/r/Parenting/comments/176dei1/teenage_daughter_14f_and_issues_with_lying/,[masked],yes,r/Parenting,Relationships
2023-08-16,My husband is depressed from not being able to get work and I don't know what to do,https://www.reddit.com/r/Marriage/comments/15sp7r7/my_husband_is_depressed_from_not_being_able_to/,[masked],yes,r/Marriage,Relationships
2024-06-27,Is this normal for a girl to do ?,https://www.reddit.com/r/relationships/comments/1dpqo2h/is_this_normal_for_a_girl_to_do/,[masked],yes,r/relationships,Relationships
2021-06-29,Aggression in Preschooler,https://www.reddit.com/r/Parenting/comments/o9pylf/aggression_in_preschooler/,[masked],yes,r/Parenting,Relationships
2020-08-15,I [24M] have never gotten butterflies / 'the honeymoon phase' when dating - is there something wrong with me or the people I'm dating?,https://www.reddit.com/r/relationships/comments/i9ot2e/i_24m_have_never_gotten_butterflies_the_honeymoon/,[masked],yes,r/relationships,Relationships
2022-10-31,RANT/Advice/Possible AMITA?,https://www.reddit.com/r/family/comments/yiexgf/rantadvicepossible_amita/,[masked],yes,r/family,Relationships
2020-01-27,"A ""bad patch"" or time for divorce: what has been the worst year of your marriage?",https://www.reddit.com/r/Marriage/comments/eugyi6/a_bad_patch_or_time_for_divorce_what_has_been_the/,[masked],yes,r/Marriage,Relationships
2020-11-15,Addiction or Lies,https://www.reddit.com/r/Marriage/comments/ju8fck/addiction_or_lies/,[masked],yes,r/Marriage,Relationships
2024-02-22,Parent bullies?,https://www.reddit.com/r/Parenting/comments/1awzapt/parent_bullies/,[masked],yes,r/Parenting,Relationships
2020-12-01,How Should I Approach this Situation?,https://www.reddit.com/r/family/comments/k4mn7c/how_should_i_approach_this_situation/,[masked],yes,r/family,Relationships
2024-05-06,Is this setchy? I'm worried tbh,https://www.reddit.com/r/relationships/comments/1cl3dlr/is_this_setchy_im_worried_tbh/,[masked],yes,r/relationships,Relationships
2021-09-25,Need advice with partner who suffers from anxiety,https://www.reddit.com/r/relationships/comments/pumsda/need_advice_with_partner_who_suffers_from_anxiety/,[masked],yes,r/relationships,Relationships
2021-11-14,Does anyone feel like their marriage is always on the back burner?,https://www.reddit.com/r/Marriage/comments/qts3vq/does_anyone_feel_like_their_marriage_is_always_on/,[masked],yes,r/Marriage,Relationships
2023-04-20,When to reward with a treat and how often?!?,https://www.reddit.com/r/Parenting/comments/12t3f9n/when_to_reward_with_a_treat_and_how_often/,[masked],yes,r/Parenting,Relationships
2023-12-21,Feel like I (21M) am being lied to and manipulated by my girlfriend (19F).,https://www.reddit.com/r/relationships/comments/18nihw6/feel_like_i_21m_am_being_lied_to_and_manipulated/,[masked],yes,r/relationships,Relationships
2024-09-09,"Needing Advice on Intimacy Issues with My Boyfriend (24F, 31M)",https://www.reddit.com/r/relationships/comments/1fcfbbj/needing_advice_on_intimacy_issues_with_my/,[masked],yes,r/relationships,Relationships
2022-11-23,Role switching,https://www.reddit.com/r/Parenting/comments/z1y9yu/role_switching/,[masked],yes,r/Parenting,Relationships
2022-06-05,"Girlfriend (24, F) continues to incite arguments with me (27, M)",https://www.reddit.com/r/relationships/comments/v5f5zk/girlfriend_24_f_continues_to_incite_arguments/,[masked],yes,r/relationships,Relationships
2023-12-30,"Dogs and babies, when do they bond?",https://www.reddit.com/r/Parenting/comments/18uc5tc/dogs_and_babies_when_do_they_bond/,[masked],yes,r/Parenting,Relationships
2024-05-04,Tips for grieving the end of having  kids ,https://www.reddit.com/r/Parenting/comments/1cjrs8k/tips_for_grieving_the_end_of_having_kids/,[masked],yes,r/Parenting,Relationships
2022-07-19,"Husband hit me last night, I am exhausted",https://www.reddit.com/r/Marriage/comments/w2tvbr/husband_hit_me_last_night_i_am_exhausted/,[masked],yes,r/Marriage,Relationships
2022-08-03,Blended Family problems,https://www.reddit.com/r/family/comments/wekuvq/blended_family_problems/,[masked],yes,r/family,Relationships
2024-06-29,DAD’S WORKMATE,https://www.reddit.com/r/family/comments/1dr6c8j/dads_workmate/,[masked],yes,r/family,Relationships
2022-03-12,Parents paid for younger siblings to go to Disney and my younger heart is hurting.,https://www.reddit.com/r/family/comments/tc6ntr/parents_paid_for_younger_siblings_to_go_to_disney/,[masked],yes,r/family,Relationships
2023-08-16,I can't parent my son and be successful at work,https://www.reddit.com/r/Parenting/comments/15sbm7r/i_cant_parent_my_son_and_be_successful_at_work/,[masked],yes,r/Parenting,Relationships
2024-12-18,Two under two,https://www.reddit.com/r/Parenting/comments/1hgv9wi/two_under_two/,[masked],yes,r/Parenting,Relationships
2024-12-15,Why Would a (22M) Create Two Personas to Deceive a (24F)?,https://www.reddit.com/r/relationships/comments/1hefkx9/why_would_a_22m_create_two_personas_to_deceive_a/,[masked],yes,r/relationships,Relationships
2021-11-07,"I (42f) need help figuring out his (43m) behavior in a dating context.....please, I'm rusty!",https://www.reddit.com/r/relationships/comments/qobxk0/i_42f_need_help_figuring_out_his_43m_behavior_in/,[masked],yes,r/relationships,Relationships
2020-09-10,Completely confused,https://www.reddit.com/r/Marriage/comments/ipt7nb/completely_confused/,[masked],yes,r/Marriage,Relationships
2021-10-18,Break up with boyfriend over vaping?,https://www.reddit.com/r/relationships/comments/qaf4og/break_up_with_boyfriend_over_vaping/,[masked],yes,r/relationships,Relationships
2021-03-28,How Long Does it Take to Get into a Daycare?,https://www.reddit.com/r/Parenting/comments/memd9v/how_long_does_it_take_to_get_into_a_daycare/,[masked],yes,r/Parenting,Relationships
2024-12-09,Im going through a stuff situation with my husband ; he recently got diagnosed with Multiple sclerosis. ,https://www.reddit.com/r/Marriage/comments/1h9vfo1/im_going_through_a_stuff_situation_with_my/,[masked],yes,r/Marriage,Relationships
2024-05-18,Me (22 M) and my bestfriend (20 F) kissed twice,https://www.reddit.com/r/relationships/comments/1cul74z/me_22_m_and_my_bestfriend_20_f_kissed_twice/,[masked],yes,r/relationships,Relationships
2020-02-29,(18M) How do I know this girl (17F) likes me after all of this happened?,https://www.reddit.com/r/relationships/comments/fb8e07/18m_how_do_i_know_this_girl_17f_likes_me_after/,[masked],yes,r/relationships,Relationships
2021-09-19,7 year old sports,https://www.reddit.com/r/Parenting/comments/pqw8kk/7_year_old_sports/,[masked],yes,r/Parenting,Relationships
2020-07-23,My big brother is moving away in September to go to Uni and I’m so scared,https://www.reddit.com/r/family/comments/hwg4hf/my_big_brother_is_moving_away_in_september_to_go/,[masked],yes,r/family,Relationships
2021-02-12,My father treats me like an idiot,https://www.reddit.com/r/relationships/comments/li7l2x/my_father_treats_me_like_an_idiot/,[masked],yes,r/relationships,Relationships
2023-01-21,My gf (19f) and I (20m) had our first argument,https://www.reddit.com/r/relationships/comments/10hp26n/my_gf_19f_and_i_20m_had_our_first_argument/,[masked],yes,r/relationships,Relationships
2022-05-12,"how to deal with my spoiled brother (m9), I'm (f16)",https://www.reddit.com/r/relationships/comments/uns5lf/how_to_deal_with_my_spoiled_brother_m9_im_f16/,[masked],yes,r/relationships,Relationships
2021-05-21,My abusive stepfather is forcing me into a career I don't want to be in because he wants to preserve our Chinese name,https://www.reddit.com/r/family/comments/nhuwd3/my_abusive_stepfather_is_forcing_me_into_a_career/,[masked],yes,r/family,Relationships
2020-05-28,Oddly potty trained,https://www.reddit.com/r/Parenting/comments/gs6orb/oddly_potty_trained/,[masked],yes,r/Parenting,Relationships
2021-12-24,Can someone help me make sense of this?,https://www.reddit.com/r/family/comments/rnmu0n/can_someone_help_me_make_sense_of_this/,[masked],yes,r/family,Relationships
2021-07-04,Are my parents too strict or is it just me in love with independency,https://www.reddit.com/r/family/comments/odavjt/are_my_parents_too_strict_or_is_it_just_me_in/,[masked],yes,r/family,Relationships
2020-01-11,Looking for advice,https://www.reddit.com/r/Marriage/comments/emtm7o/looking_for_advice/,[masked],yes,r/Marriage,Relationships
2021-06-10,How do you make your spouse feel appreciated? Is it something you strive for?,https://www.reddit.com/r/Marriage/comments/nw3tdi/how_do_you_make_your_spouse_feel_appreciated_is/,[masked],yes,r/Marriage,Relationships
2021-03-28,Boyfriend faked his salary to me 22M&amp;F,https://www.reddit.com/r/relationships/comments/mev4in/boyfriend_faked_his_salary_to_me_22mf/,[masked],yes,r/relationships,Relationships
2021-05-14,I can't stand my nephew,https://www.reddit.com/r/family/comments/nc8q27/i_cant_stand_my_nephew/,[masked],yes,r/family,Relationships
2020-06-14,My 5yo wants to eat constantly,https://www.reddit.com/r/Parenting/comments/h8tf1w/my_5yo_wants_to_eat_constantly/,[masked],yes,r/Parenting,Relationships
2023-04-04,Step daughter (8) is showing concerning signs of diet culture,https://www.reddit.com/r/Parenting/comments/12atei5/step_daughter_8_is_showing_concerning_signs_of/,[masked],yes,r/Parenting,Relationships
2020-01-23,My brother feels like a hostage,https://www.reddit.com/r/family/comments/esitqx/my_brother_feels_like_a_hostage/,[masked],yes,r/family,Relationships
2022-08-10,A family deal breaker,https://www.reddit.com/r/family/comments/wkoq4j/a_family_deal_breaker/,[masked],yes,r/family,Relationships
2024-07-13,Rant* Never getting to have sex,https://www.reddit.com/r/Marriage/comments/1e21jq2/rant_never_getting_to_have_sex/,[masked],yes,r/Marriage,Relationships
2022-08-20,How do I get my neighbor to stop trying to become my friend?,https://www.reddit.com/r/relationships/comments/wsu3qg/how_do_i_get_my_neighbor_to_stop_trying_to_become/,[masked],yes,r/relationships,Relationships
2020-11-26,My [29f] SO [35m] doesn’t post pictures of our baby on social media,https://www.reddit.com/r/relationships/comments/k1azz3/my_29f_so_35m_doesnt_post_pictures_of_our_baby_on/,[masked],yes,r/relationships,Relationships
2022-10-17,Barbie Films,https://www.reddit.com/r/family/comments/y5lzrn/barbie_films/,[masked],yes,r/family,Relationships
2024-09-22,Anyone move with a toddler right before baby #2?,https://www.reddit.com/r/Parenting/comments/1fmjkek/anyone_move_with_a_toddler_right_before_baby_2/,[masked],yes,r/Parenting,Relationships
2022-11-30,My 4 year old is up all night,https://www.reddit.com/r/Parenting/comments/z8m7wh/my_4_year_old_is_up_all_night/,[masked],yes,r/Parenting,Relationships
2021-03-29,Neeeed help,https://www.reddit.com/r/relationships/comments/mfodxg/neeeed_help/,[masked],yes,r/relationships,Relationships
2021-03-27,I met my potential boyfriend on Snapchat. Is that weird?,https://www.reddit.com/r/relationships/comments/me5aot/i_met_my_potential_boyfriend_on_snapchat_is_that/,[masked],yes,r/relationships,Relationships
2024-08-09,My husband resents me because I don’t carry our financial burden,https://www.reddit.com/r/Marriage/comments/1ensic4/my_husband_resents_me_because_i_dont_carry_our/,[masked],yes,r/Marriage,Relationships
2024-04-03,My (20M) Best Friends (20NB) Started Dating and I Don’t Know How to Feel,https://www.reddit.com/r/relationships/comments/1buoezn/my_20m_best_friends_20nb_started_dating_and_i/,[masked],yes,r/relationships,Relationships
2022-01-17,Me being born led my mom to lose her job.........,https://www.reddit.com/r/family/comments/s64277/me_being_born_led_my_mom_to_lose_her_job/,[masked],yes,r/family,Relationships
2023-02-28,what should I do about my quasi relationship with this girl 32m and 34f,https://www.reddit.com/r/relationships/comments/11doaq1/what_should_i_do_about_my_quasi_relationship_with/,[masked],yes,r/relationships,Relationships
2021-06-18,Best non-scary show/movie for 3 year old?,https://www.reddit.com/r/Parenting/comments/o295kf/best_nonscary_showmovie_for_3_year_old/,[masked],yes,r/Parenting,Relationships
2021-11-12,*Trigger Warning* GF unintentionally pregnant,https://www.reddit.com/r/Parenting/comments/qs8rdo/trigger_warning_gf_unintentionally_pregnant/,[masked],yes,r/Parenting,Relationships
2020-03-03,"Telling kids about Heaven, when you don't really believe yourself.",https://www.reddit.com/r/Parenting/comments/fcq59c/telling_kids_about_heaven_when_you_dont_really/,[masked],yes,r/Parenting,Relationships
2022-12-27,Not happy where we live but husband is–,https://www.reddit.com/r/Marriage/comments/zw8ne3/not_happy_where_we_live_but_husband_is/,[masked],yes,r/Marriage,Relationships
2023-12-10,How to deal with my sister?,https://www.reddit.com/r/family/comments/18enkxj/how_to_deal_with_my_sister/,[masked],yes,r/family,Relationships
2022-10-18,Father asking for a liver transplant,https://www.reddit.com/r/family/comments/y6g784/father_asking_for_a_liver_transplant/,[masked],yes,r/family,Relationships
2021-05-18,"The first time my estranged dad told me he loves me, I didn't say it back. The first time I told him, he nearly broke down",https://www.reddit.com/r/family/comments/neu04s/the_first_time_my_estranged_dad_told_me_he_loves/,[masked],yes,r/family,Relationships
2021-05-26,Trigger: my brother was abusive and complicit in my assault and still faced no consequences from my parents. How can I still be close with them?,https://www.reddit.com/r/family/comments/nkwuey/trigger_my_brother_was_abusive_and_complicit_in/,[masked],yes,r/family,Relationships
2021-10-11,I Feel Like Its Too Late to Start Over,https://www.reddit.com/r/relationships/comments/q5qfdm/i_feel_like_its_too_late_to_start_over/,[masked],yes,r/relationships,Relationships
2020-04-22,Im not sure if it is quarantine affecting our relationship or if I am truly unhappy,https://www.reddit.com/r/relationships/comments/g5th8y/im_not_sure_if_it_is_quarantine_affecting_our/,[masked],yes,r/relationships,Relationships
2020-08-25,Roommate or husband?,https://www.reddit.com/r/Marriage/comments/ig1enw/roommate_or_husband/,[masked],yes,r/Marriage,Relationships
2022-04-01,Please humans I need some serious help.,https://www.reddit.com/r/relationships/comments/tt5q4z/please_humans_i_need_some_serious_help/,[masked],yes,r/relationships,Relationships
2021-05-31,My family is toxic and mentally ill and I hate my hometown. I need to get out.,https://www.reddit.com/r/family/comments/nokygr/my_family_is_toxic_and_mentally_ill_and_i_hate_my/,[masked],yes,r/family,Relationships
2023-12-12,Chewing/biting problem,https://www.reddit.com/r/Parenting/comments/18goozw/chewingbiting_problem/,[masked],yes,r/Parenting,Relationships
2024-05-19,I feel like I’m not doing enough,https://www.reddit.com/r/Parenting/comments/1cv4cpj/i_feel_like_im_not_doing_enough/,[masked],yes,r/Parenting,Relationships
2021-07-05,Advice on toxic mil,https://www.reddit.com/r/Marriage/comments/oe0yhd/advice_on_toxic_mil/,[masked],yes,r/Marriage,Relationships
2022-07-17,I want to introduce my 21 year old son to drinking,https://www.reddit.com/r/Parenting/comments/w0w2ae/i_want_to_introduce_my_21_year_old_son_to_drinking/,[masked],yes,r/Parenting,Relationships
2022-09-14,A little help…,https://www.reddit.com/r/Parenting/comments/xdoco6/a_little_help/,[masked],yes,r/Parenting,Relationships
2023-11-30,Teens mental health and school.,https://www.reddit.com/r/Parenting/comments/186xy2x/teens_mental_health_and_school/,[masked],yes,r/Parenting,Relationships
2024-10-14,My wife always berate me after I clean the house,https://www.reddit.com/r/Marriage/comments/1g3j7ur/my_wife_always_berate_me_after_i_clean_the_house/,[masked],yes,r/Marriage,Relationships
2022-01-24,"I’m realizing how my addictions began with my family and feel like crying because it’s hard to heal from it, but I’m trying :,)",https://www.reddit.com/r/family/comments/sb3wjq/im_realizing_how_my_addictions_began_with_my/,[masked],yes,r/family,Relationships
2021-12-08,Waves of Feelings - regret and anger towards my parents,https://www.reddit.com/r/family/comments/rbb5un/waves_of_feelings_regret_and_anger_towards_my/,[masked],yes,r/family,Relationships
2023-03-17,Empath in the middle of blended family,https://www.reddit.com/r/family/comments/11t4u6k/empath_in_the_middle_of_blended_family/,[masked],yes,r/family,Relationships
2021-09-25,How to divide assets between my grown children,https://www.reddit.com/r/family/comments/pv588i/how_to_divide_assets_between_my_grown_children/,[masked],yes,r/family,Relationships
2021-06-12,When did you pierce your daughters ears?,https://www.reddit.com/r/Parenting/comments/ny5pfd/when_did_you_pierce_your_daughters_ears/,[masked],yes,r/Parenting,Relationships
2020-12-08,Should I (18M) check in on my crush (18F) after she’s gone dark for over a week,https://www.reddit.com/r/relationships/comments/k8pyvf/should_i_18m_check_in_on_my_crush_18f_after_shes/,[masked],yes,r/relationships,Relationships
2021-04-04,CMV: America needs to stop trying to “define” black people,https://www.reddit.com/r/changemyview/comments/mjy6ry/cmv_america_needs_to_stop_trying_to_define_black/,[masked],yes,r/changemyview,Ethics
2020-05-09,"CMV: I should support my smaller, local gyms, and not the bigger corporate gyms (LAFitness, 24 Hour Fitness, etc).",https://www.reddit.com/r/changemyview/comments/ggf82t/cmv_i_should_support_my_smaller_local_gyms_and/,[masked],yes,r/changemyview,Ethics
2023-09-10,CMV: Change in America feels and is impossible,https://www.reddit.com/r/changemyview/comments/16edeq3/cmv_change_in_america_feels_and_is_impossible/,[masked],yes,r/changemyview,Ethics
2022-03-24,AITA for commenting on me and my twin brother's height difference?,https://www.reddit.com/r/AmItheAsshole/comments/tm0vdb/aita_for_commenting_on_me_and_my_twin_brothers/,[masked],yes,r/AmItheAsshole,Ethics
2023-10-17,AITA My friend says he has neck cancer but I don't believe him.,https://www.reddit.com/r/AmItheAsshole/comments/179ygwb/aita_my_friend_says_he_has_neck_cancer_but_i_dont/,[masked],yes,r/AmItheAsshole,Ethics
2021-08-17,aita for not turning out my bathroom light?,https://www.reddit.com/r/AmItheAsshole/comments/p5wm9l/aita_for_not_turning_out_my_bathroom_light/,[masked],yes,r/AmItheAsshole,Ethics
2020-02-17,AITA for not helping classmates with their asignments?,https://www.reddit.com/r/AmItheAsshole/comments/f55wi3/aita_for_not_helping_classmates_with_their/,[masked],yes,r/AmItheAsshole,Ethics
2024-01-23,I don't understand Nietzschehe.,https://www.reddit.com/r/askphilosophy/comments/19dafi6/i_dont_understand_nietzschehe/,[masked],yes,r/askphilosophy,Ethics
2024-03-07,AITA for wanting to end my relationship of 10 years bc my husband wants to keep getting happy endings?,https://www.reddit.com/r/AmItheAsshole/comments/1b8i2e0/aita_for_wanting_to_end_my_relationship_of_10/,[masked],yes,r/AmItheAsshole,Ethics
2023-08-15,CMV:Right to Suicide,https://www.reddit.com/r/changemyview/comments/15re110/cmvright_to_suicide/,[masked],yes,r/changemyview,Ethics
2022-01-18,CMV: Theres nothing wrong with escapism,https://www.reddit.com/r/changemyview/comments/s6k1vc/cmv_theres_nothing_wrong_with_escapism/,[masked],yes,r/changemyview,Ethics
2022-01-20,CMV: Wealth gain should have diminishing returns and innovation will not stop as a result,https://www.reddit.com/r/changemyview/comments/s8lfzu/cmv_wealth_gain_should_have_diminishing_returns/,[masked],yes,r/changemyview,Ethics
2022-07-10,AITA for not leaving my apartment bc my housemate wants to bring random girls over?,https://www.reddit.com/r/AmItheAsshole/comments/vvoshk/aita_for_not_leaving_my_apartment_bc_my_housemate/,[masked],yes,r/AmItheAsshole,Ethics
2023-02-11,CMV: You're a jerk if you recline your airplane seat without checking who is sitting behind you.,https://www.reddit.com/r/changemyview/comments/10zm994/cmv_youre_a_jerk_if_you_recline_your_airplane/,[masked],yes,r/changemyview,Ethics
2020-04-03,CMV: Characters of all races in TV/film should be able to be played by actors of all races,https://www.reddit.com/r/changemyview/comments/ftqbri/cmv_characters_of_all_races_in_tvfilm_should_be/,[masked],yes,r/changemyview,Ethics
2024-10-31,"CMV: If I don't consent to one of the two parties, voting is immoral.",https://www.reddit.com/r/changemyview/comments/1gftqgg/cmv_if_i_dont_consent_to_one_of_the_two_parties/,[masked],yes,r/changemyview,Ethics
2024-09-25,CMV: Police haven't been defunded by and large they have just stopped enforcing laws and that's why crime has got so our of control in California. ,https://www.reddit.com/r/changemyview/comments/1folf4q/cmv_police_havent_been_defunded_by_and_large_they/,[masked],yes,r/changemyview,Ethics
2023-10-03,AITA for not sharing my food to a friend,https://www.reddit.com/r/AmItheAsshole/comments/16yo7j5/aita_for_not_sharing_my_food_to_a_friend/,[masked],yes,r/AmItheAsshole,Ethics
2021-04-25,Do love exists ?,https://www.reddit.com/r/askphilosophy/comments/my43ah/do_love_exists/,[masked],yes,r/askphilosophy,Ethics
2024-05-01,"CMV: For the purposes of “do the ends justify the means,” it’s inherently subjective what one labels the ends and what one labels the means.",https://www.reddit.com/r/changemyview/comments/1ch0s73/cmv_for_the_purposes_of_do_the_ends_justify_the/,[masked],yes,r/changemyview,Ethics
2021-09-13,AITA for snapping bc my fam is hypocritical over animal care?,https://www.reddit.com/r/AmItheAsshole/comments/pn97qe/aita_for_snapping_bc_my_fam_is_hypocritical_over/,[masked],yes,r/AmItheAsshole,Ethics
2021-04-22,AITA For Telling My Mom That I Will Never Live with Her Again?,https://www.reddit.com/r/AmItheAsshole/comments/mvym03/aita_for_telling_my_mom_that_i_will_never_live/,[masked],yes,r/AmItheAsshole,Ethics
2023-12-09,"Trying to understand my worldview. Am I a nihilist, an existential nihilist, or an existentialist?",https://www.reddit.com/r/askphilosophy/comments/18eewon/trying_to_understand_my_worldview_am_i_a_nihilist/,[masked],yes,r/askphilosophy,Ethics
2023-11-08,CMV: There is no compelling reason to be angry about diversity in media,https://www.reddit.com/r/changemyview/comments/17q0cl6/cmv_there_is_no_compelling_reason_to_be_angry/,[masked],yes,r/changemyview,Ethics
2024-02-25,Utilitarianism?,https://www.reddit.com/r/askphilosophy/comments/1az1cxb/utilitarianism/,[masked],yes,r/askphilosophy,Ethics
2022-08-10,CMV: being attractive doesn’t help you with romance,https://www.reddit.com/r/changemyview/comments/wkzolj/cmv_being_attractive_doesnt_help_you_with_romance/,[masked],yes,r/changemyview,Ethics
2024-03-11,AITA For telling my son to stop choosing his girlfriend over his family? ,https://www.reddit.com/r/AmItheAsshole/comments/1bc3mk9/aita_for_telling_my_son_to_stop_choosing_his/,[masked],yes,r/AmItheAsshole,Ethics
2020-02-08,CMV: Guns won't protect you from the government and are dangerous toys that give a false sense of safety and control,https://www.reddit.com/r/changemyview/comments/f0n2kv/cmv_guns_wont_protect_you_from_the_government_and/,[masked],yes,r/changemyview,Ethics
2023-12-31,CMV: There is no good benefit to just making jokes at all the stereotypes slung at you.,https://www.reddit.com/r/changemyview/comments/18v6fuo/cmv_there_is_no_good_benefit_to_just_making_jokes/,[masked],yes,r/changemyview,Ethics
2023-08-29,AITA for asking for money that I gave my now ex-friend to cover vet expenses for her cat back?,https://www.reddit.com/r/AmItheAsshole/comments/163zabp/aita_for_asking_for_money_that_i_gave_my_now/,[masked],yes,r/AmItheAsshole,Ethics
2023-06-22,"CMV: Americans don't understand the impact of ""Communism"" in Central Europe",https://www.reddit.com/r/changemyview/comments/14fs2ot/cmv_americans_dont_understand_the_impact_of/,[masked],yes,r/changemyview,Ethics
2022-10-28,CMV: Wearing make up isn't showing your true self and is a mask to cover ones real face.,https://www.reddit.com/r/changemyview/comments/yeyk68/cmv_wearing_make_up_isnt_showing_your_true_self/,[masked],yes,r/changemyview,Ethics
2023-05-06,How do i get better at studying philosophy alone?,https://www.reddit.com/r/askphilosophy/comments/1395d35/how_do_i_get_better_at_studying_philosophy_alone/,[masked],yes,r/askphilosophy,Ethics
2022-09-27,AITA for bringing up an embarrassing story?,https://www.reddit.com/r/AmItheAsshole/comments/xpiity/aita_for_bringing_up_an_embarrassing_story/,[masked],yes,r/AmItheAsshole,Ethics
2020-11-30,A question regarding Veganism and hypocrisy,https://www.reddit.com/r/askphilosophy/comments/k3f9db/a_question_regarding_veganism_and_hypocrisy/,[masked],yes,r/askphilosophy,Ethics
2024-01-05,Cmv: I am pursuing a wife and kids because I want to fit in and look normal,https://www.reddit.com/r/changemyview/comments/18ykkyo/cmv_i_am_pursuing_a_wife_and_kids_because_i_want/,[masked],yes,r/changemyview,Ethics
2022-04-24,CMV: Legacy isn’t derived from ego but the realization of the impact their lives can have.,https://www.reddit.com/r/changemyview/comments/uaq81n/cmv_legacy_isnt_derived_from_ego_but_the/,[masked],yes,r/changemyview,Ethics
2024-04-15,AITA? Got dumped for accusing him of liking his “sister” ,https://www.reddit.com/r/AmItheAsshole/comments/1c47uam/aita_got_dumped_for_accusing_him_of_liking_his/,[masked],yes,r/AmItheAsshole,Ethics
2022-04-07,CMV: Far too many people are turning to more and more extremist ideologies,https://www.reddit.com/r/changemyview/comments/txq4kc/cmv_far_too_many_people_are_turning_to_more_and/,[masked],yes,r/changemyview,Ethics
2021-02-20,CMV: Violence in the media must be required to be depicted in a far more gritty manner.,https://www.reddit.com/r/changemyview/comments/lo9a3m/cmv_violence_in_the_media_must_be_required_to_be/,[masked],yes,r/changemyview,Ethics
2022-07-31,AITA for telling my girlfriend she isn't skinny?,https://www.reddit.com/r/AmItheAsshole/comments/wckb3w/aita_for_telling_my_girlfriend_she_isnt_skinny/,[masked],yes,r/AmItheAsshole,Ethics
2023-06-24,AITA for my dog eating another dog's food,https://www.reddit.com/r/AmItheAsshole/comments/14hd1gp/aita_for_my_dog_eating_another_dogs_food/,[masked],yes,r/AmItheAsshole,Ethics
2020-10-18,CMV: A Tribe Called Quest is the greatest hip hop group of all time.,https://www.reddit.com/r/changemyview/comments/jd1wzw/cmv_a_tribe_called_quest_is_the_greatest_hip_hop/,[masked],yes,r/changemyview,Ethics
2021-02-24,Where should I start?,https://www.reddit.com/r/askphilosophy/comments/lqp330/where_should_i_start/,[masked],yes,r/askphilosophy,Ethics
2022-11-01,CMV: I think men are much better at being good friends with eachother than women are.,https://www.reddit.com/r/changemyview/comments/yiouqp/cmv_i_think_men_are_much_better_at_being_good/,[masked],yes,r/changemyview,Ethics
2023-07-29,AITA for blaming my wife that locked our son out of the house at night after he came back tipsy?,https://www.reddit.com/r/AmItheAsshole/comments/15coz02/aita_for_blaming_my_wife_that_locked_our_son_out/,[masked],yes,r/AmItheAsshole,Ethics
2024-08-21,AITA if i talk to my roommates?,https://www.reddit.com/r/AmItheAsshole/comments/1ex3qmk/aita_if_i_talk_to_my_roommates/,[masked],yes,r/AmItheAsshole,Ethics
2020-06-04,AITAH for not renting my spare room to people wanting to smoke,https://www.reddit.com/r/AmItheAsshole/comments/gvzakl/aitah_for_not_renting_my_spare_room_to_people/,[masked],yes,r/AmItheAsshole,Ethics
2021-11-13,WIBTA if I said no to a customer for their order?,https://www.reddit.com/r/AmItheAsshole/comments/qsr8pu/wibta_if_i_said_no_to_a_customer_for_their_order/,[masked],yes,r/AmItheAsshole,Ethics
2023-06-30,AITA for telling my friend to stop telling me about her toxic relationship?,https://www.reddit.com/r/AmItheAsshole/comments/14meawl/aita_for_telling_my_friend_to_stop_telling_me/,[masked],yes,r/AmItheAsshole,Ethics
2024-07-26,"AITA for telling an adoptive parents that they make me, also an adoptive parent, uncomfortable and that I owe them nothing?",https://www.reddit.com/r/AmItheAsshole/comments/1eci0hd/aita_for_telling_an_adoptive_parents_that_they/,[masked],yes,r/AmItheAsshole,Ethics
2021-07-05,CMV: America’s “NASA” should be a tiny department UNTIL U.S. poverty is near eradication and our negative effect on our climate is minimal,https://www.reddit.com/r/changemyview/comments/oe7spt/cmv_americas_nasa_should_be_a_tiny_department/,[masked],yes,r/changemyview,Ethics
2023-08-26,AITA for not telling my recent ex that I'm pregnant,https://www.reddit.com/r/AmItheAsshole/comments/161kvql/aita_for_not_telling_my_recent_ex_that_im_pregnant/,[masked],yes,r/AmItheAsshole,Ethics
2024-07-08,"Cmv: alot of people cannot give good,valid advice.",https://www.reddit.com/r/changemyview/comments/1dxnv72/cmv_alot_of_people_cannot_give_goodvalid_advice/,[masked],yes,r/changemyview,Ethics
2023-04-13,"Is There Any Serious Philosophies that Recommend Being ""Evil""?",https://www.reddit.com/r/askphilosophy/comments/12kopr5/is_there_any_serious_philosophies_that_recommend/,[masked],yes,r/askphilosophy,Ethics
2020-04-19,Help with explaining an argument?,https://www.reddit.com/r/askphilosophy/comments/g3zt0o/help_with_explaining_an_argument/,[masked],yes,r/askphilosophy,Ethics
2020-09-14,AITA for telling group chat I was uncomfortable at a friend's house after his brother blatantly insulted me and my other friend?,https://www.reddit.com/r/AmItheAsshole/comments/isf5v2/aita_for_telling_group_chat_i_was_uncomfortable/,[masked],yes,r/AmItheAsshole,Ethics
2023-09-09,"AITA for telling my roommates that i’d be moving out at the end of the lease, although a month prior i said i may sign for year?",https://www.reddit.com/r/AmItheAsshole/comments/16dpjqp/aita_for_telling_my_roommates_that_id_be_moving/,[masked],yes,r/AmItheAsshole,Ethics
2023-06-10,Brain,https://www.reddit.com/r/askphilosophy/comments/145rzgy/brain/,[masked],yes,r/askphilosophy,Ethics
2020-12-22,AITA For Keeping A Secret From My Bestfriend About His Youtube?,https://www.reddit.com/r/AmItheAsshole/comments/khwd99/aita_for_keeping_a_secret_from_my_bestfriend/,[masked],yes,r/AmItheAsshole,Ethics
2024-01-13,AITA For Not Informing My Coworkers I'm Ordering Lunch?,https://www.reddit.com/r/AmItheAsshole/comments/195mrcr/aita_for_not_informing_my_coworkers_im_ordering/,[masked],yes,r/AmItheAsshole,Ethics
2023-05-03,How should I approach taking notes when consuming philosophical content?,https://www.reddit.com/r/askphilosophy/comments/1369kr3/how_should_i_approach_taking_notes_when_consuming/,[masked],yes,r/askphilosophy,Ethics
2022-06-18,AITA for Being Strict With My Boyfriend?,https://www.reddit.com/r/AmItheAsshole/comments/vend27/aita_for_being_strict_with_my_boyfriend/,[masked],yes,r/AmItheAsshole,Ethics
2020-08-17,CMV: The media is emotionally abusive towards celebrities,https://www.reddit.com/r/changemyview/comments/ib2rv1/cmv_the_media_is_emotionally_abusive_towards/,[masked],yes,r/changemyview,Ethics
2020-02-16,CMV: We don't have free will because we can't choose what we like.,https://www.reddit.com/r/changemyview/comments/f4isx4/cmv_we_dont_have_free_will_because_we_cant_choose/,[masked],yes,r/changemyview,Ethics
2022-05-12,AITA for trying to find my friend’s address?,https://www.reddit.com/r/AmItheAsshole/comments/unhaka/aita_for_trying_to_find_my_friends_address/,[masked],yes,r/AmItheAsshole,Ethics
2021-03-12,WIBTA if I asked a member of the wedding party to wear something to cover their hair?,https://www.reddit.com/r/AmItheAsshole/comments/m30jax/wibta_if_i_asked_a_member_of_the_wedding_party_to/,[masked],yes,r/AmItheAsshole,Ethics
2023-10-23,CMV: religious people don't actually believe in what they profess to believe,https://www.reddit.com/r/changemyview/comments/17dwjkj/cmv_religious_people_dont_actually_believe_in/,[masked],yes,r/changemyview,Ethics
2024-02-29,"CMV: Most attempts at representation of LGBT people in media are unhelpful and sometimes, insulting",https://www.reddit.com/r/changemyview/comments/1b2z0hc/cmv_most_attempts_at_representation_of_lgbt/,[masked],yes,r/changemyview,Ethics
2021-09-28,Is the Matrix possible?,https://www.reddit.com/r/askphilosophy/comments/pwyby1/is_the_matrix_possible/,[masked],yes,r/askphilosophy,Ethics
2022-04-01,AITA for asking why my friend is texting my girlfriend?,https://www.reddit.com/r/AmItheAsshole/comments/tte5gy/aita_for_asking_why_my_friend_is_texting_my/,[masked],yes,r/AmItheAsshole,Ethics
2023-11-02,"CMV: Cause precedes effect. A person getting an abortion can not retroactively cause them to have been raped. Also, the fact that some people will break a law doesn't mean that the law is legalizing the thing that it's explicitly making illegal.",https://www.reddit.com/r/changemyview/comments/17lzup3/cmv_cause_precedes_effect_a_person_getting_an/,[masked],yes,r/changemyview,Ethics
2024-11-23,AITA for not knowing my friends grandfather had passed,https://www.reddit.com/r/AmItheAsshole/comments/1gxv3zv/aita_for_not_knowing_my_friends_grandfather_had/,[masked],yes,r/AmItheAsshole,Ethics
2023-06-12,AITA for leaving my friend at pride,https://www.reddit.com/r/AmItheAsshole/comments/147ee99/aita_for_leaving_my_friend_at_pride/,[masked],yes,r/AmItheAsshole,Ethics
2023-11-08,cmv: Educating Oneself on LGBTQ Issues,https://www.reddit.com/r/changemyview/comments/17qnyu3/cmv_educating_oneself_on_lgbtq_issues/,[masked],yes,r/changemyview,Ethics
2020-07-26,"What is ""making decisions""?",https://www.reddit.com/r/askphilosophy/comments/hy049m/what_is_making_decisions/,[masked],yes,r/askphilosophy,Ethics
2020-07-02,CMV: I Still Support Trump,https://www.reddit.com/r/changemyview/comments/hjqgw9/cmv_i_still_support_trump/,[masked],yes,r/changemyview,Ethics
2022-04-15,"CMV: In The Prince of Egypt, Rameses is the more sympathetic character",https://www.reddit.com/r/changemyview/comments/u3wsgw/cmv_in_the_prince_of_egypt_rameses_is_the_more/,[masked],yes,r/changemyview,Ethics
2020-06-30,CMV: antagonizing/trolling/ostracizing racists does not help anything.,https://www.reddit.com/r/changemyview/comments/hif41u/cmv_antagonizingtrollingostracizing_racists_does/,[masked],yes,r/changemyview,Ethics
2021-10-31,AITA For not letting my SILs wake my husband?,https://www.reddit.com/r/AmItheAsshole/comments/qjodbo/aita_for_not_letting_my_sils_wake_my_husband/,[masked],yes,r/AmItheAsshole,Ethics
2020-09-20,CMV: Lifetime appointments for judges are a terrible idea.,https://www.reddit.com/r/changemyview/comments/iw8fq9/cmv_lifetime_appointments_for_judges_are_a/,[masked],yes,r/changemyview,Ethics
2021-01-29,"CMV: ""Lame duck"" politicians should not exist, incumbents who lose reelection bids should be unseated immediately",https://www.reddit.com/r/changemyview/comments/l73j5o/cmv_lame_duck_politicians_should_not_exist/,[masked],yes,r/changemyview,Ethics
2024-05-12,AITA if I actually tried to sleep. With 3 people in one day?,https://www.reddit.com/r/AmItheAsshole/comments/1cq50a0/aita_if_i_actually_tried_to_sleep_with_3_people/,[masked],yes,r/AmItheAsshole,Ethics
2022-08-03,CMV: I think posting selfies / nudes for empowerment is pathetic and people should gain confidence from hard work and becoming valuable members of society,https://www.reddit.com/r/changemyview/comments/weixrx/cmv_i_think_posting_selfies_nudes_for_empowerment/,[masked],yes,r/changemyview,Ethics
2021-06-14,CMV: safety features make cars less safe,https://www.reddit.com/r/changemyview/comments/nz0iqb/cmv_safety_features_make_cars_less_safe/,[masked],yes,r/changemyview,Ethics
2021-05-29,"CMV: Adding an ""Easy Mode"" in games that are difficult by design (e.g. Dark Souls) would be a good thing.",https://www.reddit.com/r/changemyview/comments/nnntyj/cmv_adding_an_easy_mode_in_games_that_are/,[masked],yes,r/changemyview,Ethics
2024-01-21,"CMV: In general, elite athletes of a given era are just better than those of previous eras.",https://www.reddit.com/r/changemyview/comments/19bqws1/cmv_in_general_elite_athletes_of_a_given_era_are/,[masked],yes,r/changemyview,Ethics
2021-04-14,CMV: Being gay/lesbian is not unnatural,https://www.reddit.com/r/changemyview/comments/mqa6yi/cmv_being_gaylesbian_is_not_unnatural/,[masked],yes,r/changemyview,Ethics
2023-08-28,WIBTA if I share with my friend that his wife is Lesbian?,https://www.reddit.com/r/AmItheAsshole/comments/163cmu3/wibta_if_i_share_with_my_friend_that_his_wife_is/,[masked],yes,r/AmItheAsshole,Ethics
2022-01-09,How is virtue ethics not just arbitrary and relativistic?,https://www.reddit.com/r/askphilosophy/comments/rz6cwb/how_is_virtue_ethics_not_just_arbitrary_and/,[masked],yes,r/askphilosophy,Ethics
2021-12-31,AITA for telling the truth?,https://www.reddit.com/r/AmItheAsshole/comments/rsness/aita_for_telling_the_truth/,[masked],yes,r/AmItheAsshole,Ethics
2024-11-06,CMV: I'm gay and not having an existential crisis right now.,https://www.reddit.com/r/changemyview/comments/1gkwcoa/cmv_im_gay_and_not_having_an_existential_crisis/,[masked],yes,r/changemyview,Ethics
2024-11-02,AITA for offending someone with a very touchy subject?,https://www.reddit.com/r/AmItheAsshole/comments/1ghh2f4/aita_for_offending_someone_with_a_very_touchy/,[masked],yes,r/AmItheAsshole,Ethics
2020-08-12,"CMV: Social media sites such as Facebook, Twitter and YouTube should not do any fact checking/deletion of misinformation.",https://www.reddit.com/r/changemyview/comments/i8g3jc/cmv_social_media_sites_such_as_facebook_twitter/,[masked],yes,r/changemyview,Ethics
2024-09-18,AITA for wanting personal space?,https://www.reddit.com/r/AmItheAsshole/comments/1fjvb6l/aita_for_wanting_personal_space/,[masked],yes,r/AmItheAsshole,Ethics
2021-01-31,CMV: This is the best argument for abortion rights that I've ever heard.,https://www.reddit.com/r/changemyview/comments/l8uqyl/cmv_this_is_the_best_argument_for_abortion_rights/,[masked],yes,r/changemyview,Ethics
2020-01-21,Can we choose what we want?,https://www.reddit.com/r/askphilosophy/comments/ergqj1/can_we_choose_what_we_want/,[masked],yes,r/askphilosophy,Ethics
2022-07-17,"AITA for holding my mom responsible for what my sister's did to my fiancée and telling her I will be angry with her if she doesn't ""punish"" them?",https://www.reddit.com/r/AmItheAsshole/comments/w0mq2s/aita_for_holding_my_mom_responsible_for_what_my/,[masked],yes,r/AmItheAsshole,Ethics
2024-06-04,CMV: Others' Opinions Of Me Matter More Than My Own,https://www.reddit.com/r/changemyview/comments/1d7um0k/cmv_others_opinions_of_me_matter_more_than_my_own/,[masked],yes,r/changemyview,Ethics
2023-07-05,"Brother convinced everything is determined, there is no free will",https://www.reddit.com/r/askphilosophy/comments/14qwnrs/brother_convinced_everything_is_determined_there/,[masked],yes,r/askphilosophy,Ethics
2022-02-11,AITA for not going to my niece's wedding,https://www.reddit.com/r/AmItheAsshole/comments/spjsk7/aita_for_not_going_to_my_nieces_wedding/,[masked],yes,r/AmItheAsshole,Ethics
2022-06-09,"If someone is avoiding something due and only due to immoral reasons, isn’t that the same thing as saying they have a moral obligation to do that thing? Thinking about racism in dating.",https://www.reddit.com/r/askphilosophy/comments/v8ayod/if_someone_is_avoiding_something_due_and_only_due/,[masked],yes,r/askphilosophy,Ethics
2020-01-03,"What does it say about how things are, that there exist many different solutions to the problem of life?",https://www.reddit.com/r/askphilosophy/comments/ejfmjf/what_does_it_say_about_how_things_are_that_there/,[masked],yes,r/askphilosophy,Ethics
2024-11-20,CMV: charging your kids rent no matter how old they are is ridiculous and destroys their only stable security.,https://www.reddit.com/r/changemyview/comments/1gv74sz/cmv_charging_your_kids_rent_no_matter_how_old/,[masked],yes,r/changemyview,Ethics
2024-01-21,AITA for not making the guy I JUST started dating my top priority?,https://www.reddit.com/r/AmItheAsshole/comments/19bm296/aita_for_not_making_the_guy_i_just_started_dating/,[masked],yes,r/AmItheAsshole,Ethics
2020-09-01,AITA for telling a friend I was uncomfortable with a joke he made?,https://www.reddit.com/r/AmItheAsshole/comments/ikgp19/aita_for_telling_a_friend_i_was_uncomfortable/,[masked],yes,r/AmItheAsshole,Ethics
2024-01-14,is philosophy hard?,https://www.reddit.com/r/askphilosophy/comments/1964ek3/is_philosophy_hard/,[masked],yes,r/askphilosophy,Ethics
2020-01-18,CMV: Most Male Doms (BDSM) Are Creepy AF,https://www.reddit.com/r/changemyview/comments/eq2n6a/cmv_most_male_doms_bdsm_are_creepy_af/,[masked],yes,r/changemyview,Ethics
2022-05-31,How to make philosophical arguments in papers?,https://www.reddit.com/r/askphilosophy/comments/v1oay5/how_to_make_philosophical_arguments_in_papers/,[masked],yes,r/askphilosophy,Ethics
2021-06-11,Aita the tale of the ring,https://www.reddit.com/r/AmItheAsshole/comments/nxeicn/aita_the_tale_of_the_ring/,[masked],yes,r/AmItheAsshole,Ethics
2021-07-25,"CMV: At this point, people who claim that Black Lives Matter means ONLY Black Lives Matter or some variation thereof are arguing in bad faith and/or are willfully ignorant",https://www.reddit.com/r/changemyview/comments/oqy6s6/cmv_at_this_point_people_who_claim_that_black/,[masked],yes,r/changemyview,Ethics
2020-02-11,CMV: From a Transgender person: The Transgender Community is pushing people further to the Right and leading to increased Harassment of Transgender people.,https://www.reddit.com/r/changemyview/comments/f21jeb/cmv_from_a_transgender_person_the_transgender/,[masked],yes,r/changemyview,Ethics
2021-05-16,CMV: Eating the meat from your kill makes little to no difference in whether hunting is morally acceptable or not,https://www.reddit.com/r/changemyview/comments/nd69nk/cmv_eating_the_meat_from_your_kill_makes_little/,[masked],yes,r/changemyview,Ethics
2024-09-06,Torture kink vs Torture ,https://www.reddit.com/r/askphilosophy/comments/1f9u5fh/torture_kink_vs_torture/,[masked],yes,r/askphilosophy,Ethics
2021-07-29,CMV: Anarchists posit that any society where work is not optional is slavery. To enslave requires moral agency which is not possessed by the fact of resource scarcity,https://www.reddit.com/r/changemyview/comments/otf31p/cmv_anarchists_posit_that_any_society_where_work/,[masked],yes,r/changemyview,Ethics
2023-02-23,"CMV: The concept of ableism, as it is recognized in modern society, is a non-issue. A perspective from a physically disabled person",https://www.reddit.com/r/changemyview/comments/119s9zu/cmv_the_concept_of_ableism_as_it_is_recognized_in/,[masked],yes,r/changemyview,Ethics
2023-08-20,AITA for thinking that my best friend's brother is a p3d0?,https://www.reddit.com/r/AmItheAsshole/comments/15warfy/aita_for_thinking_that_my_best_friends_brother_is/,[masked],yes,r/AmItheAsshole,Ethics
2021-11-25,AITA for refusing to let my (20M) gf's (19F) bestfriend (19M) to come with our anniv dinner?,https://www.reddit.com/r/AmItheAsshole/comments/r1nbhd/aita_for_refusing_to_let_my_20m_gfs_19f/,[masked],yes,r/AmItheAsshole,Ethics
2021-11-15,Help Finding a “Lighthouse of Academia theory”.,https://www.reddit.com/r/askphilosophy/comments/qu2z03/help_finding_a_lighthouse_of_academia_theory/,[masked],yes,r/askphilosophy,Ethics
2023-12-28,Cmv: Don‘t date if you have severe mental health issues,https://www.reddit.com/r/changemyview/comments/18s92se/cmv_dont_date_if_you_have_severe_mental_health/,[masked],yes,r/changemyview,Ethics
2024-03-17,"Predestination,free will and responsibility",https://www.reddit.com/r/askphilosophy/comments/1bgallb/predestinationfree_will_and_responsibility/,[masked],yes,r/askphilosophy,Ethics
2021-01-26,AITA for not giving a bully’s mom a promotion?,https://www.reddit.com/r/AmItheAsshole/comments/l4vk92/aita_for_not_giving_a_bullys_mom_a_promotion/,[masked],yes,r/AmItheAsshole,Ethics
2023-05-05,AITA for paying for my sister-in-law's college and apartment when her parents want her to get a job and/or move back home?,https://www.reddit.com/r/AmItheAsshole/comments/138smer/aita_for_paying_for_my_sisterinlaws_college_and/,[masked],yes,r/AmItheAsshole,Ethics
2022-04-15,Did Nietzsche Perceive Himself to be Weak and was He Afraid Because of That?,https://www.reddit.com/r/askphilosophy/comments/u3rih7/did_nietzsche_perceive_himself_to_be_weak_and_was/,[masked],yes,r/askphilosophy,Ethics
2020-06-16,AITA for telling my daughter she isn't going to get anymore spending money after she donated $500 with the credit card I pay for her?,https://www.reddit.com/r/AmItheAsshole/comments/h9oq9p/aita_for_telling_my_daughter_she_isnt_going_to/,[masked],yes,r/AmItheAsshole,Ethics
2023-03-09,AITA for wanting to see a movie with my friends,https://www.reddit.com/r/AmItheAsshole/comments/11mi6yw/aita_for_wanting_to_see_a_movie_with_my_friends/,[masked],yes,r/AmItheAsshole,Ethics
2024-08-10,What is Art and can AI produce it?,https://www.reddit.com/r/askphilosophy/comments/1eoupbs/what_is_art_and_can_ai_produce_it/,[masked],yes,r/askphilosophy,Ethics
2020-02-27,AITA for wanting to negotiate rules pertaining to internet access with my parents?,https://www.reddit.com/r/AmItheAsshole/comments/fa0nth/aita_for_wanting_to_negotiate_rules_pertaining_to/,[masked],yes,r/AmItheAsshole,Ethics
2023-05-31,"CMV: If you were bullied in school, it's (partially) your fault",https://www.reddit.com/r/changemyview/comments/13vuuus/cmv_if_you_were_bullied_in_school_its_partially/,[masked],yes,r/changemyview,Ethics
2020-05-16,Why is hurting people considered a bad thing?,https://www.reddit.com/r/askphilosophy/comments/gkvgc8/why_is_hurting_people_considered_a_bad_thing/,[masked],yes,r/askphilosophy,Ethics
2022-06-26,AITA for not being excited about a party I didn’t want?,https://www.reddit.com/r/AmItheAsshole/comments/vkv6gy/aita_for_not_being_excited_about_a_party_i_didnt/,[masked],yes,r/AmItheAsshole,Ethics
2022-01-16,CMV: The phrase 'Male violence against women' is sexist.,https://www.reddit.com/r/changemyview/comments/s4wzrk/cmv_the_phrase_male_violence_against_women_is/,[masked],yes,r/changemyview,Ethics
2023-12-21,CMV: There's no such thing as being too logical,https://www.reddit.com/r/changemyview/comments/18ne24u/cmv_theres_no_such_thing_as_being_too_logical/,[masked],yes,r/changemyview,Ethics
2021-03-01,AITA for leaving my would be roommate?,https://www.reddit.com/r/AmItheAsshole/comments/lv132f/aita_for_leaving_my_would_be_roommate/,[masked],yes,r/AmItheAsshole,Ethics
2021-08-26,CMV: Encouraging women to wear high heels is dangerous and harmful to society,https://www.reddit.com/r/changemyview/comments/pbqo29/cmv_encouraging_women_to_wear_high_heels_is/,[masked],yes,r/changemyview,Ethics
2023-11-07,AITA for refusing to let SOs family see our son,https://www.reddit.com/r/AmItheAsshole/comments/17phcnt/aita_for_refusing_to_let_sos_family_see_our_son/,[masked],yes,r/AmItheAsshole,Ethics
2023-06-16,AITA for not giving a gift to my mother on her birthday?,https://www.reddit.com/r/AmItheAsshole/comments/14aj9ue/aita_for_not_giving_a_gift_to_my_mother_on_her/,[masked],yes,r/AmItheAsshole,Ethics
2023-01-18,cmv: all justice is revenge and we shouldn't have laws,https://www.reddit.com/r/changemyview/comments/10extz0/cmv_all_justice_is_revenge_and_we_shouldnt_have/,[masked],yes,r/changemyview,Ethics
2023-07-04,AITA for not loving my mom,https://www.reddit.com/r/AmItheAsshole/comments/14q5ok0/aita_for_not_loving_my_mom/,[masked],yes,r/AmItheAsshole,Ethics
2020-08-18,AITA wife's ex liking photos of my kids,https://www.reddit.com/r/AmItheAsshole/comments/ic1vyv/aita_wifes_ex_liking_photos_of_my_kids/,[masked],yes,r/AmItheAsshole,Ethics
2022-02-21,AITA for being mad at my friends?,https://www.reddit.com/r/AmItheAsshole/comments/sxto4s/aita_for_being_mad_at_my_friends/,[masked],yes,r/AmItheAsshole,Ethics
2023-07-01,AITA for asking if my parents can pick me up?,https://www.reddit.com/r/AmItheAsshole/comments/14ndmcb/aita_for_asking_if_my_parents_can_pick_me_up/,[masked],yes,r/AmItheAsshole,Ethics
2021-11-22,Is it okay to give up on trying to understand philosophers. Kierkegaard,https://www.reddit.com/r/askphilosophy/comments/qzcf87/is_it_okay_to_give_up_on_trying_to_understand/,[masked],yes,r/askphilosophy,Ethics
2022-03-17,Are there morally good solipsists?,https://www.reddit.com/r/askphilosophy/comments/tfuq3w/are_there_morally_good_solipsists/,[masked],yes,r/askphilosophy,Ethics
2023-07-30,AITA for telling my friend that she was acting just like her slutty roomate?,https://www.reddit.com/r/AmItheAsshole/comments/15d5no9/aita_for_telling_my_friend_that_she_was_acting/,[masked],yes,r/AmItheAsshole,Ethics
2021-10-22,AITA for asking a former friend to move out of my house?,https://www.reddit.com/r/AmItheAsshole/comments/qdhafz/aita_for_asking_a_former_friend_to_move_out_of_my/,[masked],yes,r/AmItheAsshole,Ethics
2024-10-04,Objectivity in art and ethics,https://www.reddit.com/r/askphilosophy/comments/1fvqnku/objectivity_in_art_and_ethics/,[masked],yes,r/askphilosophy,Ethics
2024-11-21,Will the human race be able to transcend its animal nature to rationalize its harmonious coexistence with fellow humans and other living beings?,https://www.reddit.com/r/askphilosophy/comments/1gw7vbx/will_the_human_race_be_able_to_transcend_its/,[masked],yes,r/askphilosophy,Ethics
2024-07-26,AITA for being frustrated with my senior dog?,https://www.reddit.com/r/AmItheAsshole/comments/1ecdmzw/aita_for_being_frustrated_with_my_senior_dog/,[masked],yes,r/AmItheAsshole,Ethics
2024-08-06,WIBTA for contacting my brother wife and possibly CPS because she has kids?,https://www.reddit.com/r/AmItheAsshole/comments/1el5kkk/wibta_for_contacting_my_brother_wife_and_possibly/,[masked],yes,r/AmItheAsshole,Ethics
2021-07-27,"CMV: If your shower thoughts are your most interesting thoughts, you're not taking enough time to just think",https://www.reddit.com/r/changemyview/comments/oshkkh/cmv_if_your_shower_thoughts_are_your_most/,[masked],yes,r/changemyview,Ethics
2020-09-29,"CMV: The biggest failure of the human species is our propensity for tribalism (""us"" vs ""them"")",https://www.reddit.com/r/changemyview/comments/j20qq5/cmv_the_biggest_failure_of_the_human_species_is/,[masked],yes,r/changemyview,Ethics
2020-11-11,AITA for Not Allowing my Child to Have a Relationship with their MIL?,https://www.reddit.com/r/AmItheAsshole/comments/jsajzm/aita_for_not_allowing_my_child_to_have_a/,[masked],yes,r/AmItheAsshole,Ethics
2023-11-08,AITA for refusing to participate in religious activities with my boyfriend’s family?,https://www.reddit.com/r/AmItheAsshole/comments/17q5frn/aita_for_refusing_to_participate_in_religious/,[masked],yes,r/AmItheAsshole,Ethics
2021-11-02,AITA for calling my best friend out for being hurtful,https://www.reddit.com/r/AmItheAsshole/comments/ql65ew/aita_for_calling_my_best_friend_out_for_being/,[masked],yes,r/AmItheAsshole,Ethics
2024-08-07,CMV: Doctors (US) need to take early signs seriously or they have no right to judge people for waiting too long,https://www.reddit.com/r/changemyview/comments/1elq0rj/cmv_doctors_us_need_to_take_early_signs_seriously/,[masked],yes,r/changemyview,Ethics
2023-05-29,AITA for telling my friend off that she repels people around her ?,https://www.reddit.com/r/AmItheAsshole/comments/13ukb9j/aita_for_telling_my_friend_off_that_she_repels/,[masked],yes,r/AmItheAsshole,Ethics
2022-01-05,How should the question ‘Should Historians Make Moral Judgements?’ affect History as a discipline?,https://www.reddit.com/r/askphilosophy/comments/rwk0iq/how_should_the_question_should_historians_make/,[masked],yes,r/askphilosophy,Ethics
2024-04-05,CMV: small penis jokes are harmful for both men and women.,https://www.reddit.com/r/changemyview/comments/1bw94ie/cmv_small_penis_jokes_are_harmful_for_both_men/,[masked],yes,r/changemyview,Ethics
2023-04-19,"if life is devoid of meaning, isn’t it justifiable we seek comfort in delusions?",https://www.reddit.com/r/askphilosophy/comments/12r3a5o/if_life_is_devoid_of_meaning_isnt_it_justifiable/,[masked],yes,r/askphilosophy,Ethics
2023-09-03,"CMV: The notion of ""His only crime was not being attractive"" is still alive and well.",https://www.reddit.com/r/changemyview/comments/168n5sr/cmv_the_notion_of_his_only_crime_was_not_being/,[masked],yes,r/changemyview,Ethics
2021-03-08,"CMV: The American Flag is starting to represent American Nationalism more than equality, liberty, and freedom",https://www.reddit.com/r/changemyview/comments/m00ce0/cmv_the_american_flag_is_starting_to_represent/,[masked],yes,r/changemyview,Ethics
2023-03-29,Children's media,https://www.reddit.com/r/askphilosophy/comments/125754y/childrens_media/,[masked],yes,r/askphilosophy,Ethics
2021-03-24,Books on the philosophy of weaponry?,https://www.reddit.com/r/askphilosophy/comments/mbuayg/books_on_the_philosophy_of_weaponry/,[masked],yes,r/askphilosophy,Ethics
2022-09-17,CMV: AI generated art is legitimate art,https://www.reddit.com/r/changemyview/comments/xg0rsp/cmv_ai_generated_art_is_legitimate_art/,[masked],yes,r/changemyview,Ethics
2020-08-19,"CMV: It's not exploitation to use resources from animals if acquiring those resources doesn't harm the animals. Therefore, eating eggs from a privately owned chicken, eating honey, and using wool should be considered vegan.",https://www.reddit.com/r/changemyview/comments/ice6jr/cmv_its_not_exploitation_to_use_resources_from/,[masked],yes,r/changemyview,Ethics
2023-10-16,CMV: Prematurely labelling/assuming minors' perceived sexual orientation is 1) far too common and 2) should be classified as sexual harassment.,https://www.reddit.com/r/changemyview/comments/178tbg2/cmv_prematurely_labellingassuming_minors/,[masked],yes,r/changemyview,Ethics
2020-08-26,WIBTA if I get upset about my boyfriend’s brother butting in,https://www.reddit.com/r/AmItheAsshole/comments/igs6y6/wibta_if_i_get_upset_about_my_boyfriends_brother/,[masked],yes,r/AmItheAsshole,Ethics
2020-12-15,CMV: I don't believe in calling someone by an academic or professional title outside of their work context,https://www.reddit.com/r/changemyview/comments/kd9xav/cmv_i_dont_believe_in_calling_someone_by_an/,[masked],yes,r/changemyview,Ethics
2023-05-13,WIBTA to open a can of worms with stepmom?,https://www.reddit.com/r/AmItheAsshole/comments/13g142w/wibta_to_open_a_can_of_worms_with_stepmom/,[masked],yes,r/AmItheAsshole,Ethics
2021-08-14,"WIBTA if I left a higher up job for a 'lesser' job, leaving previous job with serious staffing issues?",https://www.reddit.com/r/AmItheAsshole/comments/p45w9x/wibta_if_i_left_a_higher_up_job_for_a_lesser_job/,[masked],yes,r/AmItheAsshole,Ethics
2023-11-10,WIBTA if i told my mom why i am upset,https://www.reddit.com/r/AmItheAsshole/comments/17rwsut/wibta_if_i_told_my_mom_why_i_am_upset/,[masked],yes,r/AmItheAsshole,Ethics
2020-06-11,What are some career fields that use philosophy degrees?,https://www.reddit.com/r/askphilosophy/comments/h11eaj/what_are_some_career_fields_that_use_philosophy/,[masked],yes,r/askphilosophy,Ethics
2024-07-13,"WIBTA for warning a former friend that the ""business opportunity"" she's interested in is a pyramid scheme?",https://www.reddit.com/r/AmItheAsshole/comments/1e1tsfm/wibta_for_warning_a_former_friend_that_the/,[masked],yes,r/AmItheAsshole,Ethics
2022-11-20,WIBTA if i ruin my classmates film project that is required for him to graduate?,https://www.reddit.com/r/AmItheAsshole/comments/z072pf/wibta_if_i_ruin_my_classmates_film_project_that/,[masked],yes,r/AmItheAsshole,Ethics
2022-09-22,"CMV: The right to protest against the government in the US is a facade that makes citizens think they have way more power than they actually do, and most modern-day protests are a waste of time and resources",https://www.reddit.com/r/changemyview/comments/xl4tp0/cmv_the_right_to_protest_against_the_government/,[masked],yes,r/changemyview,Ethics
2021-04-04,"CMV: ""Free"" voter ID isn't really achievable for many people.",https://www.reddit.com/r/changemyview/comments/mjyxuh/cmv_free_voter_id_isnt_really_achievable_for_many/,[masked],yes,r/changemyview,Ethics
2020-12-20,AITA for telling my gf her butt isn’t that big?,https://www.reddit.com/r/AmItheAsshole/comments/kgfldd/aita_for_telling_my_gf_her_butt_isnt_that_big/,[masked],yes,r/AmItheAsshole,Ethics
2024-06-24,CMV: Banning members of congress from buying stocks is unnecessary,https://www.reddit.com/r/changemyview/comments/1dn30cg/cmv_banning_members_of_congress_from_buying/,[masked],yes,r/changemyview,Ethics
2021-04-24,"CMV: People of Cancel Culture and people who take part in online activism don't care whatsoever about the problem, but care more about being self-righteous.",https://www.reddit.com/r/changemyview/comments/mxm3d9/cmv_people_of_cancel_culture_and_people_who_take/,[masked],yes,r/changemyview,Ethics
2022-08-17,AITA?friend(35M)said I'm(35F)getting too angry,https://www.reddit.com/r/AmItheAsshole/comments/wq59x8/aitafriend35msaid_im35fgetting_too_angry/,[masked],yes,r/AmItheAsshole,Ethics
2023-07-13,how to develop a philosophical way of thinking?,https://www.reddit.com/r/askphilosophy/comments/14yil8w/how_to_develop_a_philosophical_way_of_thinking/,[masked],yes,r/askphilosophy,Ethics
2020-10-19,AITA for not telling my boyfriend that it was my birthday?,https://www.reddit.com/r/AmItheAsshole/comments/je0xai/aita_for_not_telling_my_boyfriend_that_it_was_my/,[masked],yes,r/AmItheAsshole,Ethics
2024-03-01,AITA if I want to tell my parents about our pregnancy,https://www.reddit.com/r/AmItheAsshole/comments/1b39l08/aita_if_i_want_to_tell_my_parents_about_our/,[masked],yes,r/AmItheAsshole,Ethics
2021-06-11,AITA for saying I wish I had rich parents?,https://www.reddit.com/r/AmItheAsshole/comments/nxbbv3/aita_for_saying_i_wish_i_had_rich_parents/,[masked],yes,r/AmItheAsshole,Ethics
2020-09-11,CMV: Tommy Robinson's new Youtube channel should not be demonetised.,https://www.reddit.com/r/changemyview/comments/iqjzyx/cmv_tommy_robinsons_new_youtube_channel_should/,[masked],yes,r/changemyview,Ethics
2020-04-06,CMV: Anyone can change as a person if they want to,https://www.reddit.com/r/changemyview/comments/fw0tom/cmv_anyone_can_change_as_a_person_if_they_want_to/,[masked],yes,r/changemyview,Ethics
2022-07-08,"CMV: Bumble's ""women make the first move"" policy is unnecessary and does more harm than good.",https://www.reddit.com/r/changemyview/comments/vu25fg/cmv_bumbles_women_make_the_first_move_policy_is/,[masked],yes,r/changemyview,Ethics
2024-02-04,AITA for cussing out my mom and sister?,https://www.reddit.com/r/AmItheAsshole/comments/1ainaz9/aita_for_cussing_out_my_mom_and_sister/,[masked],yes,r/AmItheAsshole,Ethics
2022-06-09,CMV: Bodybuilding is not a sport,https://www.reddit.com/r/changemyview/comments/v8ju99/cmv_bodybuilding_is_not_a_sport/,[masked],yes,r/changemyview,Ethics
2022-04-25,AITA for telling my parents I wouldn’t spend any money on them?,https://www.reddit.com/r/AmItheAsshole/comments/ub6x70/aita_for_telling_my_parents_i_wouldnt_spend_any/,[masked],yes,r/AmItheAsshole,Ethics
2024-10-31,AITA for refusing to drive my selfish brother home?,https://www.reddit.com/r/AmItheAsshole/comments/1ggdpku/aita_for_refusing_to_drive_my_selfish_brother_home/,[masked],yes,r/AmItheAsshole,Ethics
2024-04-06,AITA for using the car?,https://www.reddit.com/r/AmItheAsshole/comments/1bx3tx2/aita_for_using_the_car/,[masked],yes,r/AmItheAsshole,Ethics
2020-10-13,AITA for not giving all gifts from my ex back?,https://www.reddit.com/r/AmItheAsshole/comments/ja2goh/aita_for_not_giving_all_gifts_from_my_ex_back/,[masked],yes,r/AmItheAsshole,Ethics
2023-02-01,Best US Grad programs for Continental Philosophy? (Especially 19th and 20th Century German),https://www.reddit.com/r/askphilosophy/comments/10qxqz2/best_us_grad_programs_for_continental_philosophy/,[masked],yes,r/askphilosophy,Ethics
2023-01-24,WIBTA if I addressed the elephant in the room?,https://www.reddit.com/r/AmItheAsshole/comments/10jixvb/wibta_if_i_addressed_the_elephant_in_the_room/,[masked],yes,r/AmItheAsshole,Ethics
2024-10-22,AITA for telling my co-worker I find it weird she is asking us to pay her back on the drinks for her birthday?,https://www.reddit.com/r/AmItheAsshole/comments/1g9i4xb/aita_for_telling_my_coworker_i_find_it_weird_she/,[masked],yes,r/AmItheAsshole,Ethics
2020-01-03,AITA: For asking my step dad for my cars title?,https://www.reddit.com/r/AmItheAsshole/comments/ej2ezt/aita_for_asking_my_step_dad_for_my_cars_title/,[masked],yes,r/AmItheAsshole,Ethics
2020-04-01,CMV: you should not have a criminal record that a employer can see,https://www.reddit.com/r/changemyview/comments/fswdfx/cmv_you_should_not_have_a_criminal_record_that_a/,[masked],yes,r/changemyview,Ethics
2024-09-18,"CMV: ""Morals were different back then."" Is actually a pretty good argument much of the time.",https://www.reddit.com/r/changemyview/comments/1fj8fhm/cmv_morals_were_different_back_then_is_actually_a/,[masked],yes,r/changemyview,Ethics
2021-12-28,AITA for not wanting to go to the same school as my best friend?,https://www.reddit.com/r/AmItheAsshole/comments/rqbnon/aita_for_not_wanting_to_go_to_the_same_school_as/,[masked],yes,r/AmItheAsshole,Ethics
2024-04-23,CMV: It is immoral to own more than one single-family home. There is no moral justification to own more than one home and legislation should reflect this.,https://www.reddit.com/r/changemyview/comments/1cag8ar/cmv_it_is_immoral_to_own_more_than_one/,[masked],yes,r/changemyview,Ethics
2021-09-26,"CMV: The United States should devolve into separate republics, in other words, the states should secede.",https://www.reddit.com/r/changemyview/comments/pvihvu/cmv_the_united_states_should_devolve_into/,[masked],yes,r/changemyview,Ethics
2024-07-04,AITA for catching my bf watchin p0rn?,https://www.reddit.com/r/AmItheAsshole/comments/1dv4eb0/aita_for_catching_my_bf_watchin_p0rn/,[masked],yes,r/AmItheAsshole,Ethics
2024-04-28,I am afraid of future ,https://www.reddit.com/r/askphilosophy/comments/1cekxqs/i_am_afraid_of_future/,[masked],yes,r/askphilosophy,Ethics
2023-09-01,Any literature or noted philosophical ideas/movements on The Impossibility of True Objectivity?,https://www.reddit.com/r/askphilosophy/comments/1670tqx/any_literature_or_noted_philosophical/,[masked],yes,r/askphilosophy,Ethics
2021-04-19,Inquiry on Moral Saints,https://www.reddit.com/r/askphilosophy/comments/mtob9n/inquiry_on_moral_saints/,[masked],yes,r/askphilosophy,Ethics
2021-03-21,CMV: Parents should not be able to opt out of their child getting sex education at school.,https://www.reddit.com/r/changemyview/comments/m9ysju/cmv_parents_should_not_be_able_to_opt_out_of/,[masked],yes,r/changemyview,Ethics
2024-10-12,"Is this a fair, if somewhat basic definition of an ""objective"" truth?",https://www.reddit.com/r/askphilosophy/comments/1g20ilh/is_this_a_fair_if_somewhat_basic_definition_of_an/,[masked],yes,r/askphilosophy,Ethics
2022-08-10,WIBTA if I got a boob job even though my husband doesn’t want me to?,https://www.reddit.com/r/AmItheAsshole/comments/wkdco2/wibta_if_i_got_a_boob_job_even_though_my_husband/,[masked],yes,r/AmItheAsshole,Ethics
2024-08-27,"The Search for Meaning in a Life That Feels Empty

",https://www.reddit.com/r/askphilosophy/comments/1f1wls2/the_search_for_meaning_in_a_life_that_feels_empty/,[masked],yes,r/askphilosophy,Ethics
2023-12-18,AITA for lving her over her depression?,https://www.reddit.com/r/AmItheAsshole/comments/18knpv5/aita_for_lving_her_over_her_depression/,[masked],yes,r/AmItheAsshole,Ethics
2023-07-18,CMV: Instagram is only useful for vanity and bragging,https://www.reddit.com/r/changemyview/comments/152gos3/cmv_instagram_is_only_useful_for_vanity_and/,[masked],yes,r/changemyview,Ethics
2021-05-01,CMV: Trying illegal drugs should not be taboo advice to give to someone who still has suicidal depression after going through mainstream therapies.,https://www.reddit.com/r/changemyview/comments/n270so/cmv_trying_illegal_drugs_should_not_be_taboo/,[masked],yes,r/changemyview,Ethics
2021-12-29,AITA for demanding my mom reimburse me for the Christmas gifts MIL returned?,https://www.reddit.com/r/AmItheAsshole/comments/rqjl1f/aita_for_demanding_my_mom_reimburse_me_for_the/,[masked],yes,r/AmItheAsshole,Ethics
2020-07-03,Aita for not defending my sisters boyfriend after our parents were racist after he made a transphobic comment towards my boyfriend?,https://www.reddit.com/r/AmItheAsshole/comments/hk7r9g/aita_for_not_defending_my_sisters_boyfriend_after/,[masked],yes,r/AmItheAsshole,Ethics
2022-03-08,WIBTA if I don’t go to hoarder mom’s birthday?,https://www.reddit.com/r/AmItheAsshole/comments/t90wt3/wibta_if_i_dont_go_to_hoarder_moms_birthday/,[masked],yes,r/AmItheAsshole,Ethics
2024-11-25,"What do nihilists mean by ""meaning""?",https://www.reddit.com/r/askphilosophy/comments/1gz7z8m/what_do_nihilists_mean_by_meaning/,[masked],yes,r/askphilosophy,Ethics
2022-05-18,AITA for refusing to let my grandfather borrow my car?,https://www.reddit.com/r/AmItheAsshole/comments/us346i/aita_for_refusing_to_let_my_grandfather_borrow_my/,[masked],yes,r/AmItheAsshole,Ethics
2024-05-07,AITA for not going to my friends wedding?,https://www.reddit.com/r/AmItheAsshole/comments/1clovj1/aita_for_not_going_to_my_friends_wedding/,[masked],yes,r/AmItheAsshole,Ethics
2022-10-04,cmv: spectators running onto field should be treated better,https://www.reddit.com/r/changemyview/comments/xv8z1a/cmv_spectators_running_onto_field_should_be/,[masked],yes,r/changemyview,Ethics
2023-11-12,Cmv: we shouldn't celebrate the holidays the way we do.,https://www.reddit.com/r/changemyview/comments/17syh0r/cmv_we_shouldnt_celebrate_the_holidays_the_way_we/,[masked],yes,r/changemyview,Ethics
2021-03-15,AITA if I want my sister to stop texting at night?,https://www.reddit.com/r/AmItheAsshole/comments/m542f7/aita_if_i_want_my_sister_to_stop_texting_at_night/,[masked],yes,r/AmItheAsshole,Ethics
2023-07-06,AITA for not punishing my daughter for what she said to my brother?,https://www.reddit.com/r/AmItheAsshole/comments/14riv0n/aita_for_not_punishing_my_daughter_for_what_she/,[masked],yes,r/AmItheAsshole,Ethics
2023-09-03,Who's your favorite philosopher and why?,https://www.reddit.com/r/askphilosophy/comments/168dzh8/whos_your_favorite_philosopher_and_why/,[masked],yes,r/askphilosophy,Ethics
2021-08-12,AITA for not hosting a baby shower for my estranged DIL?,https://www.reddit.com/r/AmItheAsshole/comments/p2tlzj/aita_for_not_hosting_a_baby_shower_for_my/,[masked],yes,r/AmItheAsshole,Ethics
2022-07-01,is the act of taking revenge ever justified if someone hurts your fam,https://www.reddit.com/r/askphilosophy/comments/vovq2b/is_the_act_of_taking_revenge_ever_justified_if/,[masked],yes,r/askphilosophy,Ethics
2021-10-15,CMV: I'm a NIMBY and I think that's a good thing.,https://www.reddit.com/r/changemyview/comments/q8a3yz/cmv_im_a_nimby_and_i_think_thats_a_good_thing/,[masked],yes,r/changemyview,Ethics
2023-09-13,"CMV: No one should get a life sentence, even with parole possibility, for crimes other than murder",https://www.reddit.com/r/changemyview/comments/16h3mbs/cmv_no_one_should_get_a_life_sentence_even_with/,[masked],yes,r/changemyview,Ethics
2020-07-30,Cmv: Reddit politics is a joke,https://www.reddit.com/r/changemyview/comments/i0o051/cmv_reddit_politics_is_a_joke/,[masked],yes,r/changemyview,Ethics
2020-12-06,CMV:If you are in student debt you should have to pay it,https://www.reddit.com/r/changemyview/comments/k7gfqj/cmvif_you_are_in_student_debt_you_should_have_to/,[masked],yes,r/changemyview,Ethics
2022-11-28,CMV: I as an adult should be allowed to order from the children’s menu if I want to.,https://www.reddit.com/r/changemyview/comments/z6cjt8/cmv_i_as_an_adult_should_be_allowed_to_order_from/,[masked],yes,r/changemyview,Ethics
2020-06-24,CMV: Thing can’t get better,https://www.reddit.com/r/changemyview/comments/hewpbf/cmv_thing_cant_get_better/,[masked],yes,r/changemyview,Ethics
2020-07-18,CMV: Just because I’m a white American doesn’t mean I’m a colonizer,https://www.reddit.com/r/changemyview/comments/hthwyq/cmv_just_because_im_a_white_american_doesnt_mean/,[masked],yes,r/changemyview,Ethics
2021-05-31,What is the name of this concept?,https://www.reddit.com/r/askphilosophy/comments/np12xd/what_is_the_name_of_this_concept/,[masked],yes,r/askphilosophy,Ethics
2022-11-06,could existentialism be a philosophy for the rich?,https://www.reddit.com/r/askphilosophy/comments/yn8zci/could_existentialism_be_a_philosophy_for_the_rich/,[masked],yes,r/askphilosophy,Ethics
2024-05-17,AITA for going out with my cousin,https://www.reddit.com/r/AmItheAsshole/comments/1cu2svx/aita_for_going_out_with_my_cousin/,[masked],yes,r/AmItheAsshole,Ethics
2020-12-07,CMV: Class mobility isn't a good metric of well being a country and shouldn't be thrown around in casual arguments.,https://www.reddit.com/r/changemyview/comments/k7xv0w/cmv_class_mobility_isnt_a_good_metric_of_well/,[masked],yes,r/changemyview,Ethics
2021-04-17,AITA for wanting to drop out of a wedding where I’m the matron of honor... bc I can’t deal with the fiancée?,https://www.reddit.com/r/AmItheAsshole/comments/msh8cy/aita_for_wanting_to_drop_out_of_a_wedding_where/,[masked],yes,r/AmItheAsshole,Ethics
2020-10-24,"CMV: Terms of service agreement should be simple, short, and easy to read",https://www.reddit.com/r/changemyview/comments/jgv53b/cmv_terms_of_service_agreement_should_be_simple/,[masked],yes,r/changemyview,Ethics
2020-05-24,CMV: I don’t understand why cheating on your partner completely changes your feelings toward them.,https://www.reddit.com/r/changemyview/comments/gpiysr/cmv_i_dont_understand_why_cheating_on_your/,[masked],yes,r/changemyview,Ethics
2022-08-01,CMV: Bruce Springsteen should charge a lot of money for his shows,https://www.reddit.com/r/changemyview/comments/wd1cgi/cmv_bruce_springsteen_should_charge_a_lot_of/,[masked],yes,r/changemyview,Ethics
2020-10-10,CMV: Being a virgin is a bad thing and because I'm still a virgin I should be unhappy about it.,https://www.reddit.com/r/changemyview/comments/j8m72o/cmv_being_a_virgin_is_a_bad_thing_and_because_im/,[masked],yes,r/changemyview,Ethics
2023-03-23,"CMV: I don't think most racist, sexist, or homophobes change their minds/ways because of internet discussion",https://www.reddit.com/r/changemyview/comments/11yysdj/cmv_i_dont_think_most_racist_sexist_or_homophobes/,[masked],yes,r/changemyview,Ethics
2020-08-09,CMV: Determinism proves that free will is an illusion,https://www.reddit.com/r/changemyview/comments/i6irrj/cmv_determinism_proves_that_free_will_is_an/,[masked],yes,r/changemyview,Ethics
2023-10-30,CMV: Pro-lifers are morally obliged to actively target men/encourage male contraception.,https://www.reddit.com/r/changemyview/comments/17jocds/cmv_prolifers_are_morally_obliged_to_actively/,[masked],yes,r/changemyview,Ethics
2024-05-18,AITA for wanting to never talk to my family again after college?,https://www.reddit.com/r/AmItheAsshole/comments/1cui4e8/aita_for_wanting_to_never_talk_to_my_family_again/,[masked],yes,r/AmItheAsshole,Ethics
2021-10-28,AITA for wanting to unfriend all my university housemates,https://www.reddit.com/r/AmItheAsshole/comments/qh3m31/aita_for_wanting_to_unfriend_all_my_university/,[masked],yes,r/AmItheAsshole,Ethics
2023-05-18,CMV: “Illegal immigration” doesn’t matter at all for a reasonably stable country and we’d be better off dropping the concept entirely,https://www.reddit.com/r/changemyview/comments/13kybfu/cmv_illegal_immigration_doesnt_matter_at_all_for/,[masked],yes,r/changemyview,Ethics
2021-05-12,Ethics of Work in a Capitalist System,https://www.reddit.com/r/askphilosophy/comments/na13v1/ethics_of_work_in_a_capitalist_system/,[masked],yes,r/askphilosophy,Ethics
2022-09-09,WIBTAH if i didn’t go to my uncles wedding?,https://www.reddit.com/r/AmItheAsshole/comments/x973xk/wibtah_if_i_didnt_go_to_my_uncles_wedding/,[masked],yes,r/AmItheAsshole,Ethics
2022-05-10,WIBTA if I moved out because my roommate is pregnant,https://www.reddit.com/r/AmItheAsshole/comments/umkuwg/wibta_if_i_moved_out_because_my_roommate_is/,[masked],yes,r/AmItheAsshole,Ethics
2021-04-17,"Any secular rendition of the idea that ""everything happens for a reason""?",https://www.reddit.com/r/askphilosophy/comments/ms72ws/any_secular_rendition_of_the_idea_that_everything/,[masked],yes,r/askphilosophy,Ethics
2022-04-27,"AITA for just wanting to move in the other room, so I don’t hear my sister and bf doing the do🕊🐝",https://www.reddit.com/r/AmItheAsshole/comments/ucnaq7/aita_for_just_wanting_to_move_in_the_other_room/,[masked],yes,r/AmItheAsshole,Ethics
2020-05-14,AITA for trying to get my brother kicked out of the house during this time?,https://www.reddit.com/r/AmItheAsshole/comments/gj78hx/aita_for_trying_to_get_my_brother_kicked_out_of/,[masked],yes,r/AmItheAsshole,Ethics
2020-03-26,AITA for not forgiving my friend?,https://www.reddit.com/r/AmItheAsshole/comments/fowzpc/aita_for_not_forgiving_my_friend/,[masked],yes,r/AmItheAsshole,Ethics
2020-09-30,CMV: The Drinking age should be lowered to 18,https://www.reddit.com/r/changemyview/comments/j2jqbg/cmv_the_drinking_age_should_be_lowered_to_18/,[masked],yes,r/changemyview,Ethics
2022-10-18,AITA for not caring what happens to my grandmother?,https://www.reddit.com/r/AmItheAsshole/comments/y6mtl4/aita_for_not_caring_what_happens_to_my_grandmother/,[masked],yes,r/AmItheAsshole,Ethics
2021-05-17,"AITA for ""bragging"" about how good my relationship was going?",https://www.reddit.com/r/AmItheAsshole/comments/ndwmng/aita_for_bragging_about_how_good_my_relationship/,[masked],yes,r/AmItheAsshole,Ethics
2024-02-06,WHY STUDY PHILOSOPHY and HOW CAN STUDYING PHILOSOPHY HELP US IN THIS AGE AND TIME?,https://www.reddit.com/r/askphilosophy/comments/1akcrv8/why_study_philosophy_and_how_can_studying/,[masked],yes,r/askphilosophy,Ethics
2023-08-27,AITA for telling my husband and his ex-wife that they need to hire a tutor as I won't help educate my stepson?,https://www.reddit.com/r/AmItheAsshole/comments/162hwm6/aita_for_telling_my_husband_and_his_exwife_that/,[masked],yes,r/AmItheAsshole,Ethics
2021-02-07,"Is a distinction between ""socially constructed"" and ""politically constructed"" meaningful?",https://www.reddit.com/r/askphilosophy/comments/led3nv/is_a_distinction_between_socially_constructed_and/,[masked],yes,r/askphilosophy,Ethics
2024-05-31,AITA for not going to my sister's wedding?,https://www.reddit.com/r/AmItheAsshole/comments/1d4axtz/aita_for_not_going_to_my_sisters_wedding/,[masked],yes,r/AmItheAsshole,Ethics
2022-03-15,CMV: Forcibly preventing abortion is tantamount to enslaving pregnant women who don't want to have a baby.,https://www.reddit.com/r/changemyview/comments/te1icb/cmv_forcibly_preventing_abortion_is_tantamount_to/,[masked],yes,r/changemyview,Ethics
2021-07-21,CMV: I have no emotional connection to my religion. Having an emotional connection to a religion is strange.,https://www.reddit.com/r/changemyview/comments/ooac01/cmv_i_have_no_emotional_connection_to_my_religion/,[masked],yes,r/changemyview,Ethics
2022-04-28,"Criticism of ""I think, therefore I am""",https://www.reddit.com/r/askphilosophy/comments/udcwue/criticism_of_i_think_therefore_i_am/,[masked],yes,r/askphilosophy,Ethics
2020-03-11,WIBTA if I cut my wife off the spending account. My wife (F33) think I (M34) don’t make enough money. I think she doesn’t appreciate me or my efforts.,https://www.reddit.com/r/AmItheAsshole/comments/fguylf/wibta_if_i_cut_my_wife_off_the_spending_account/,[masked],yes,r/AmItheAsshole,Ethics
2022-10-13,Punitive Action and Justice/Justness Philosophies?,https://www.reddit.com/r/askphilosophy/comments/y2bhti/punitive_action_and_justicejustness_philosophies/,[masked],yes,r/askphilosophy,Ethics
2022-10-01,AITA for leaving my brother at home?,https://www.reddit.com/r/AmItheAsshole/comments/xsaz4c/aita_for_leaving_my_brother_at_home/,[masked],yes,r/AmItheAsshole,Ethics
2021-01-03,AITA for telling my sister to get off her phone?,https://www.reddit.com/r/AmItheAsshole/comments/kp3r8z/aita_for_telling_my_sister_to_get_off_her_phone/,[masked],yes,r/AmItheAsshole,Ethics
2022-09-09,AITA for defending myself over something I don't remember doing?,https://www.reddit.com/r/AmItheAsshole/comments/x9h96h/aita_for_defending_myself_over_something_i_dont/,[masked],yes,r/AmItheAsshole,Ethics
2020-04-29,"WIBTA if I requested my neighbors be quieter, or even escalate things to my landlord?",https://www.reddit.com/r/AmItheAsshole/comments/g9qs49/wibta_if_i_requested_my_neighbors_be_quieter_or/,[masked],yes,r/AmItheAsshole,Ethics
2022-03-22,CMV: I See Nothing Wrong With Burning Books (Specifically Religious Books) Or Flags Or Why Anyone Might View It As Offensive.,https://www.reddit.com/r/changemyview/comments/tjfh0a/cmv_i_see_nothing_wrong_with_burning_books/,[masked],yes,r/changemyview,Ethics
2024-01-06,What is the purpose of worship?,https://www.reddit.com/r/askphilosophy/comments/18zfukm/what_is_the_purpose_of_worship/,[masked],yes,r/askphilosophy,Ethics
2021-10-25,AITA for not wanting to sell my house?,https://www.reddit.com/r/AmItheAsshole/comments/qf8vdj/aita_for_not_wanting_to_sell_my_house/,[masked],yes,r/AmItheAsshole,Ethics
2024-12-24,Suggestions on theory of correctness,https://www.reddit.com/r/askphilosophy/comments/1hl0x2s/suggestions_on_theory_of_correctness/,[masked],yes,r/askphilosophy,Ethics
2023-02-15,CMV: Sports team fandom is nonsense and self defeating,https://www.reddit.com/r/changemyview/comments/1130ir0/cmv_sports_team_fandom_is_nonsense_and_self/,[masked],yes,r/changemyview,Ethics
2023-12-28,AITA For asking my girlfriend to remove people from her snap,https://www.reddit.com/r/AmItheAsshole/comments/18shpjj/aita_for_asking_my_girlfriend_to_remove_people/,[masked],yes,r/AmItheAsshole,Ethics
2022-05-22,"CMV: Social media has no effects on decision makers when it comes to wars, issues between countries.",https://www.reddit.com/r/changemyview/comments/uv7p4x/cmv_social_media_has_no_effects_on_decision/,[masked],yes,r/changemyview,Ethics
2022-12-02,CMV: The victim is not always blameless,https://www.reddit.com/r/changemyview/comments/zaa19f/cmv_the_victim_is_not_always_blameless/,[masked],yes,r/changemyview,Ethics
2023-02-08,"I need help, I don't get something and don't seem to find answers myself, so someone who is good at philosophy, explain this to me, please",https://www.reddit.com/r/askphilosophy/comments/10w6yb2/i_need_help_i_dont_get_something_and_dont_seem_to/,[masked],yes,r/askphilosophy,Ethics
2021-05-17,AITA for getting mad at my parents for spoiling my son?,https://www.reddit.com/r/AmItheAsshole/comments/ndvoz0/aita_for_getting_mad_at_my_parents_for_spoiling/,[masked],yes,r/AmItheAsshole,Ethics
2021-07-06,CMV: No one chooses to be Trans.,https://www.reddit.com/r/changemyview/comments/oeazau/cmv_no_one_chooses_to_be_trans/,[masked],yes,r/changemyview,Ethics
2021-08-28,When should we use logic and when shouldn't we?,https://www.reddit.com/r/askphilosophy/comments/pd9f42/when_should_we_use_logic_and_when_shouldnt_we/,[masked],yes,r/askphilosophy,Ethics
2020-03-28,"CMV: There is actually no reason to buy a kindle because most people already have either a smart phone, laptop, or iPad (or anything similar to an iPad) that can just as easily be used for the same reasons.",https://www.reddit.com/r/changemyview/comments/fqcptg/cmv_there_is_actually_no_reason_to_buy_a_kindle/,[masked],yes,r/changemyview,Ethics
2020-10-28,Aita for being upset with my parents for stealing money from me?,https://www.reddit.com/r/AmItheAsshole/comments/jj8j7p/aita_for_being_upset_with_my_parents_for_stealing/,[masked],yes,r/AmItheAsshole,Ethics
2021-05-18,CMV: The usage of any and all recrational drugs should be decriminalised.,https://www.reddit.com/r/changemyview/comments/nf8os3/cmv_the_usage_of_any_and_all_recrational_drugs/,[masked],yes,r/changemyview,Ethics
2022-10-14,"CMV: Video games are actually beneficial for a child's development, depending on the nature of the games played and the amount of time a child is allowed to play per day.",https://www.reddit.com/r/changemyview/comments/y3tqte/cmv_video_games_are_actually_beneficial_for_a/,[masked],yes,r/changemyview,Ethics
2023-09-01,AITA for telling my friend that i don’t like her bf who she’s barely met for two weeks?,https://www.reddit.com/r/AmItheAsshole/comments/166v2nm/aita_for_telling_my_friend_that_i_dont_like_her/,[masked],yes,r/AmItheAsshole,Ethics
2021-11-06,AITA if I swear or yell at my son’s classmates’ dad in the future,https://www.reddit.com/r/AmItheAsshole/comments/qnwzaw/aita_if_i_swear_or_yell_at_my_sons_classmates_dad/,[masked],yes,r/AmItheAsshole,Ethics
2020-09-29,CMV: Video Game Console Exclusives Are Bad For Gamers,https://www.reddit.com/r/changemyview/comments/j1k0xj/cmv_video_game_console_exclusives_are_bad_for/,[masked],yes,r/changemyview,Ethics
2022-06-29,"Got a bunch of books, what to read?",https://www.reddit.com/r/askphilosophy/comments/vn46r1/got_a_bunch_of_books_what_to_read/,[masked],yes,r/askphilosophy,Ethics
2021-08-10,AITA for refusing to accommodate my brother's kid ever again?,https://www.reddit.com/r/AmItheAsshole/comments/p1h6be/aita_for_refusing_to_accommodate_my_brothers_kid/,[masked],yes,r/AmItheAsshole,Ethics
2023-06-19,AITA for asking my friend to call me in her bedroom?,https://www.reddit.com/r/AmItheAsshole/comments/14cvx1o/aita_for_asking_my_friend_to_call_me_in_her/,[masked],yes,r/AmItheAsshole,Ethics
2020-02-18,WIBTA if I forced my sister to keep a secret?,https://www.reddit.com/r/AmItheAsshole/comments/f5g4me/wibta_if_i_forced_my_sister_to_keep_a_secret/,[masked],yes,r/AmItheAsshole,Ethics
2022-09-15,AITA for wanting my grandparents at my birthday dinner?,https://www.reddit.com/r/AmItheAsshole/comments/xek3o4/aita_for_wanting_my_grandparents_at_my_birthday/,[masked],yes,r/AmItheAsshole,Ethics
2020-04-06,How to deal with conspiracy theories?,https://www.reddit.com/r/askphilosophy/comments/fvxd2o/how_to_deal_with_conspiracy_theories/,[masked],yes,r/askphilosophy,Ethics
2024-07-16,AITAH for being inconsiderate on our group weekend trip to NYC as my boyfriend claims?,https://www.reddit.com/r/AmItheAsshole/comments/1e4ap1t/aitah_for_being_inconsiderate_on_our_group/,[masked],yes,r/AmItheAsshole,Ethics
2020-12-26,cmv: (UK) People focus too much on the career aspect of higher education and not the more personal and transformative aspects of higher education.,https://www.reddit.com/r/changemyview/comments/kkiws7/cmv_uk_people_focus_too_much_on_the_career_aspect/,[masked],yes,r/changemyview,Ethics
2024-09-29,A few questions about moral relativism.,https://www.reddit.com/r/askphilosophy/comments/1fs5tc8/a_few_questions_about_moral_relativism/,[masked],yes,r/askphilosophy,Ethics
2021-10-27,"CMV: Trans rights should be respected, but access to female private and safe spaces should not be crossed, unless they went through full transition.",https://www.reddit.com/r/changemyview/comments/qgrba3/cmv_trans_rights_should_be_respected_but_access/,[masked],yes,r/changemyview,Ethics
2023-08-12,Is existentialism and absurdism mutually exclusive?,https://www.reddit.com/r/askphilosophy/comments/15ok9g6/is_existentialism_and_absurdism_mutually_exclusive/,[masked],yes,r/askphilosophy,Ethics
2021-04-06,Leftist beginning to lean towards communism more specifically and need a philosophical basis for these beliefs,https://www.reddit.com/r/askphilosophy/comments/mkoz0i/leftist_beginning_to_lean_towards_communism_more/,[masked],yes,r/askphilosophy,Ethics
2024-05-01,AITA for making a mother's day gift using AI despite my BIL bring heavily anti?,https://www.reddit.com/r/AmItheAsshole/comments/1chdby7/aita_for_making_a_mothers_day_gift_using_ai/,[masked],yes,r/AmItheAsshole,Ethics
2020-01-27,AITA for wanting my boyfriend to shave his beard?,https://www.reddit.com/r/AmItheAsshole/comments/eul3xi/aita_for_wanting_my_boyfriend_to_shave_his_beard/,[masked],yes,r/AmItheAsshole,Ethics
2022-11-21,CMV: Sexual assault should be split into two words.,https://www.reddit.com/r/changemyview/comments/z0b7zt/cmv_sexual_assault_should_be_split_into_two_words/,[masked],yes,r/changemyview,Ethics
2020-07-17,"CMV: Choosing a partner based on ""inner beauty"" is not better or more noble than choosing one based on ""outer beauty.""",https://www.reddit.com/r/changemyview/comments/hse74y/cmv_choosing_a_partner_based_on_inner_beauty_is/,[masked],yes,r/changemyview,Ethics
2022-05-24,How much should we question our sexual desires?,https://www.reddit.com/r/askphilosophy/comments/uw7rub/how_much_should_we_question_our_sexual_desires/,[masked],yes,r/askphilosophy,Ethics
2022-02-16,"CMV: Current climate change protest movements have been largely ineffective, and without serious changes they will not alter our trajectory from the ""business as usual"" scenario when it comes to global warming",https://www.reddit.com/r/changemyview/comments/std0dz/cmv_current_climate_change_protest_movements_have/,[masked],yes,r/changemyview,Ethics
2024-03-18,"CMV: OnlyFans is a natural evolution of what ""tradwives"" were.",https://www.reddit.com/r/changemyview/comments/1bhltnq/cmv_onlyfans_is_a_natural_evolution_of_what/,[masked],yes,r/changemyview,Ethics
2024-04-11,AITA for being honest with my friend about her behavior?,https://www.reddit.com/r/AmItheAsshole/comments/1c0sg71/aita_for_being_honest_with_my_friend_about_her/,[masked],yes,r/AmItheAsshole,Ethics
2022-03-19,"In Regards to Kantian Perfect Duties, What Happens When Two Perfect Duties Conflict?",https://www.reddit.com/r/askphilosophy/comments/th5lmg/in_regards_to_kantian_perfect_duties_what_happens/,[masked],yes,r/askphilosophy,Ethics
2020-06-22,Why do anything at all,https://www.reddit.com/r/askphilosophy/comments/hds0l7/why_do_anything_at_all/,[masked],yes,r/askphilosophy,Ethics
2020-10-28,CMV: Drug patents should not last for 20 years in the United States,https://www.reddit.com/r/changemyview/comments/jj7k29/cmv_drug_patents_should_not_last_for_20_years_in/,[masked],yes,r/changemyview,Ethics
2023-08-17,CMV: Mental illnesses are being treated like Pokémon cards on social media platforms like TikTok,https://www.reddit.com/r/changemyview/comments/15t1snk/cmv_mental_illnesses_are_being_treated_like/,[masked],yes,r/changemyview,Ethics
2023-12-23,AITA for losing my temper on my family?,https://www.reddit.com/r/AmItheAsshole/comments/18oj56p/aita_for_losing_my_temper_on_my_family/,[masked],yes,r/AmItheAsshole,Ethics
2024-06-08,AITA for how I reacted to my boyfriend pushing my boundaries?,https://www.reddit.com/r/AmItheAsshole/comments/1dakovu/aita_for_how_i_reacted_to_my_boyfriend_pushing_my/,[masked],yes,r/AmItheAsshole,Ethics
2024-11-22,AITA for losing my mind on my parents on my birthday ,https://www.reddit.com/r/AmItheAsshole/comments/1gws00k/aita_for_losing_my_mind_on_my_parents_on_my/,[masked],yes,r/AmItheAsshole,Ethics
2020-03-23,Looking for Book Recommendations on Philosophy,https://www.reddit.com/r/askphilosophy/comments/fnb0nm/looking_for_book_recommendations_on_philosophy/,[masked],yes,r/askphilosophy,Ethics
2024-04-22,AITA for not going to my nephew's birthday 6th party,https://www.reddit.com/r/AmItheAsshole/comments/1ca8ajx/aita_for_not_going_to_my_nephews_birthday_6th/,[masked],yes,r/AmItheAsshole,Ethics
2020-04-19,cmv: It is not unethical for Billionaires to exist,https://www.reddit.com/r/changemyview/comments/g3xodw/cmv_it_is_not_unethical_for_billionaires_to_exist/,[masked],yes,r/changemyview,Ethics
2024-11-16,AITA for having to constantly remind my little sister (8) that our guinea pigs are scared of her and to give them space?,https://www.reddit.com/r/AmItheAsshole/comments/1gsjazf/aita_for_having_to_constantly_remind_my_little/,[masked],yes,r/AmItheAsshole,Ethics
2021-11-07,"CMV: Referring to black people as ""ghetto"" is racist",https://www.reddit.com/r/changemyview/comments/qo7q9a/cmv_referring_to_black_people_as_ghetto_is_racist/,[masked],yes,r/changemyview,Ethics
2023-06-21,"CMV: the ""incel"" view is illogical",https://www.reddit.com/r/changemyview/comments/14exxx2/cmv_the_incel_view_is_illogical/,[masked],yes,r/changemyview,Ethics
2024-12-15,CMV: “An Inconvenient Truth” ultimately did more harm than good for climate change because of its ties to Al Gore,https://www.reddit.com/r/changemyview/comments/1hensgx/cmv_an_inconvenient_truth_ultimately_did_more/,[masked],yes,r/changemyview,Ethics
2023-10-31,"What is the purpose of doing things like recycling, donations and actions that make me feel morally satisfied, even if my practices have no significant impact on the world?",https://www.reddit.com/r/askphilosophy/comments/17k05bu/what_is_the_purpose_of_doing_things_like/,[masked],yes,r/askphilosophy,Ethics
2021-06-01,"CMV: Being a fan of a sports team is kinda pointless, especially if it's because you're from that city",https://www.reddit.com/r/changemyview/comments/npe1wj/cmv_being_a_fan_of_a_sports_team_is_kinda/,[masked],yes,r/changemyview,Ethics
2024-11-15,What purpose does philosophy serve in your life?,https://www.reddit.com/r/askphilosophy/comments/1grbre7/what_purpose_does_philosophy_serve_in_your_life/,[masked],yes,r/askphilosophy,Ethics
2021-09-17,AITA for trying to stop my foot pain at work?,https://www.reddit.com/r/AmItheAsshole/comments/ppnrdk/aita_for_trying_to_stop_my_foot_pain_at_work/,[masked],yes,r/AmItheAsshole,Ethics
2024-07-30,AITA for having my wedding two weeks before my friends wedding?,https://www.reddit.com/r/AmItheAsshole/comments/1efh6qu/aita_for_having_my_wedding_two_weeks_before_my/,[masked],yes,r/AmItheAsshole,Ethics
2020-02-17,AITA because I [18F] inviting my quiet male [18M] friend to a party?,https://www.reddit.com/r/AmItheAsshole/comments/f4tzuu/aita_because_i_18f_inviting_my_quiet_male_18m/,[masked],yes,r/AmItheAsshole,Ethics
2021-12-31,AITA for not wanting to pay for a trip I cannot attend,https://www.reddit.com/r/AmItheAsshole/comments/rsrsho/aita_for_not_wanting_to_pay_for_a_trip_i_cannot/,[masked],yes,r/AmItheAsshole,Ethics
2023-06-23,AITA for mocking my brother that talks about being an alpha male?,https://www.reddit.com/r/AmItheAsshole/comments/14gyg0k/aita_for_mocking_my_brother_that_talks_about/,[masked],yes,r/AmItheAsshole,Ethics
2021-04-13,AITA for not paying attention to my best friend while I was crossed?,https://www.reddit.com/r/AmItheAsshole/comments/mpp4z2/aita_for_not_paying_attention_to_my_best_friend/,[masked],yes,r/AmItheAsshole,Ethics
2022-10-21,AITA for wanting to kick out my friend,https://www.reddit.com/r/AmItheAsshole/comments/y9433b/aita_for_wanting_to_kick_out_my_friend/,[masked],yes,r/AmItheAsshole,Ethics
2024-10-04,WIBTA if i confront?,https://www.reddit.com/r/AmItheAsshole/comments/1fvumo7/wibta_if_i_confront/,[masked],yes,r/AmItheAsshole,Ethics
2024-01-28,CMV: Children who are being forced to live in poverty should have a say in whether or not they are put up for adoption,https://www.reddit.com/r/changemyview/comments/1acibhc/cmv_children_who_are_being_forced_to_live_in/,[masked],yes,r/changemyview,Ethics
2023-08-18,"Want philosophical podcast,books,YouTube lectures like jiddu krishnamurti on fundamental issues of life {which can raise my consciousness}",https://www.reddit.com/r/askphilosophy/comments/15tu9y7/want_philosophical_podcastbooksyoutube_lectures/,[masked],yes,r/askphilosophy,Ethics
2020-05-18,CMV: We shouldnt put shopping carts away,https://www.reddit.com/r/changemyview/comments/globzj/cmv_we_shouldnt_put_shopping_carts_away/,[masked],yes,r/changemyview,Ethics
2020-06-19,CMV: Defunding the Police is not a good idea.,https://www.reddit.com/r/changemyview/comments/hbp4wx/cmv_defunding_the_police_is_not_a_good_idea/,[masked],yes,r/changemyview,Ethics
2023-07-23,AITA for kicking my mom out of my wedding?,https://www.reddit.com/r/AmItheAsshole/comments/157aybi/aita_for_kicking_my_mom_out_of_my_wedding/,[masked],yes,r/AmItheAsshole,Ethics
2024-10-06,AITA for moving out when family is financially struggling and is in need of help with child care?,https://www.reddit.com/r/AmItheAsshole/comments/1fx6t0o/aita_for_moving_out_when_family_is_financially/,[masked],yes,r/AmItheAsshole,Ethics
2023-01-14,CMV: Weight loss is easier than people make it seem,https://www.reddit.com/r/changemyview/comments/10bdk2y/cmv_weight_loss_is_easier_than_people_make_it_seem/,[masked],yes,r/changemyview,Ethics
2024-11-29,AITA for going on a vacation without gf??,https://www.reddit.com/r/AmItheAsshole/comments/1h28a0r/aita_for_going_on_a_vacation_without_gf/,[masked],yes,r/AmItheAsshole,Ethics
2023-05-15,CMV: Modern music is harming litttle girls by presenting them overly sexualized depictions of women.,https://www.reddit.com/r/changemyview/comments/13hiw2v/cmv_modern_music_is_harming_litttle_girls_by/,[masked],yes,r/changemyview,Ethics
2020-02-28,AITA refusing to quit camming for my twin sister?,https://www.reddit.com/r/AmItheAsshole/comments/faoocb/aita_refusing_to_quit_camming_for_my_twin_sister/,[masked],yes,r/AmItheAsshole,Ethics
2022-09-15,"CMV: Social media isn't for you, it's for other people",https://www.reddit.com/r/changemyview/comments/xejrfo/cmv_social_media_isnt_for_you_its_for_other_people/,[masked],yes,r/changemyview,Ethics
2024-02-07,AITA for not helping my mom with her YouTube channel since she drove me to the hospital?,https://www.reddit.com/r/AmItheAsshole/comments/1ako4w0/aita_for_not_helping_my_mom_with_her_youtube/,[masked],yes,r/AmItheAsshole,Ethics
2021-12-09,AITA for telling my parents they ruined my night?,https://www.reddit.com/r/AmItheAsshole/comments/rc5gj7/aita_for_telling_my_parents_they_ruined_my_night/,[masked],yes,r/AmItheAsshole,Ethics
2021-07-08,WIBTA if I cancel a photo shoot because they asked me to pay?,https://www.reddit.com/r/AmItheAsshole/comments/ofvsll/wibta_if_i_cancel_a_photo_shoot_because_they/,[masked],yes,r/AmItheAsshole,Ethics
2021-03-30,"Is there a philosophical term and/or good literature on the phenomenon when one becomes blind to their own misdeeds, because they are fighting for a just cause?",https://www.reddit.com/r/askphilosophy/comments/mgc1cn/is_there_a_philosophical_term_andor_good/,[masked],yes,r/askphilosophy,Ethics
2021-12-03,Archeology and burials : conservation vs. acceptation. Does time and science erase sacrality ?,https://www.reddit.com/r/askphilosophy/comments/r802lq/archeology_and_burials_conservation_vs/,[masked],yes,r/askphilosophy,Ethics
2024-01-05,CMV: I hate Korean romance novels,https://www.reddit.com/r/changemyview/comments/18z1tcy/cmv_i_hate_korean_romance_novels/,[masked],yes,r/changemyview,Ethics
2022-01-17,"CMV: If corporations successfully launch their own cryptocurrencies and NFT products, a system that more closely resembles feudalism will result. (warning: dystopian future-talk)",https://www.reddit.com/r/changemyview/comments/s6253d/cmv_if_corporations_successfully_launch_their_own/,[masked],yes,r/changemyview,Ethics
2022-03-13,"CMV: It's hypocritical that many people are criticizing Aeroflot Airlines because of Russia, but then praise the Middle Eastern airlines, which are owned by countries known to have human rights abuses",https://www.reddit.com/r/changemyview/comments/td21te/cmv_its_hypocritical_that_many_people_are/,[masked],yes,r/changemyview,Ethics
2021-02-11,AITA for not wanting to go anywhere with my bf's family?,https://www.reddit.com/r/AmItheAsshole/comments/lh5v9a/aita_for_not_wanting_to_go_anywhere_with_my_bfs/,[masked],yes,r/AmItheAsshole,Ethics
2024-04-14,AITA for beefing with my friend after she scammed me?,https://www.reddit.com/r/AmItheAsshole/comments/1c3cm2s/aita_for_beefing_with_my_friend_after_she_scammed/,[masked],yes,r/AmItheAsshole,Ethics
2024-06-14,"Social anxiety, existentialism ",https://www.reddit.com/r/askphilosophy/comments/1dfqw11/social_anxiety_existentialism/,[masked],yes,r/askphilosophy,Ethics
2022-07-14,WIBTA If I told my friend what my family thinks of her?,https://www.reddit.com/r/AmItheAsshole/comments/vyi7p2/wibta_if_i_told_my_friend_what_my_family_thinks/,[masked],yes,r/AmItheAsshole,Ethics
2023-05-12,AITA For being a “Noisy” Upstairs Neighbor,https://www.reddit.com/r/AmItheAsshole/comments/13evu15/aita_for_being_a_noisy_upstairs_neighbor/,[masked],yes,r/AmItheAsshole,Ethics
2021-05-28,CMV: Escape rooms can use ”outside knowledge” in their design,https://www.reddit.com/r/changemyview/comments/nmuabb/cmv_escape_rooms_can_use_outside_knowledge_in/,[masked],yes,r/changemyview,Ethics
2020-05-01,AITA for not telling a guy my ethnicity and ignoring him,https://www.reddit.com/r/AmItheAsshole/comments/gb339c/aita_for_not_telling_a_guy_my_ethnicity_and/,[masked],yes,r/AmItheAsshole,Ethics
2020-08-24,CMV: 16 year olds who work and pay taxes should be able to vote.,https://www.reddit.com/r/changemyview/comments/if8f4z/cmv_16_year_olds_who_work_and_pay_taxes_should_be/,[masked],yes,r/changemyview,Ethics
2024-07-20,AITA for not giving my mom the cake my bf bought?,https://www.reddit.com/r/AmItheAsshole/comments/1e78dad/aita_for_not_giving_my_mom_the_cake_my_bf_bought/,[masked],yes,r/AmItheAsshole,Ethics
2022-11-20,"CMV: There is no reason for the me, as a New Yorker, to place the well being of distant states like Utah, California, and Hawaii above the well being of my neighboring Canadian provinces (Ontario, Quebec)",https://www.reddit.com/r/changemyview/comments/yzgwse/cmv_there_is_no_reason_for_the_me_as_a_new_yorker/,[masked],yes,r/changemyview,Ethics
2022-03-08,AITA for not waking a friend up when I knew he had shit himself?,https://www.reddit.com/r/AmItheAsshole/comments/t9fjgy/aita_for_not_waking_a_friend_up_when_i_knew_he/,[masked],yes,r/AmItheAsshole,Ethics
2021-12-08,CMV: The cities we live in impact the outcomes and lives we have more than we realize,https://www.reddit.com/r/changemyview/comments/rbf8u7/cmv_the_cities_we_live_in_impact_the_outcomes_and/,[masked],yes,r/changemyview,Ethics
2020-05-10,CMV: M4A is no longer an economically valid alternative since we are in a recession,https://www.reddit.com/r/changemyview/comments/ggmy7x/cmv_m4a_is_no_longer_an_economically_valid/,[masked],yes,r/changemyview,Ethics
2021-04-01,CMV: I think social-media has made us overly literal minded and homogenized society,https://www.reddit.com/r/changemyview/comments/mhbdk7/cmv_i_think_socialmedia_has_made_us_overly/,[masked],yes,r/changemyview,Ethics
2020-10-24,Is seeking knowledge a virtue? At what point is knowledge seeking considered a no no?,https://www.reddit.com/r/askphilosophy/comments/jgypxi/is_seeking_knowledge_a_virtue_at_what_point_is/,[masked],yes,r/askphilosophy,Ethics
2022-12-21,CMV: It's okay to only work for money and it should not be considered taboo.,https://www.reddit.com/r/changemyview/comments/zri4r5/cmv_its_okay_to_only_work_for_money_and_it_should/,[masked],yes,r/changemyview,Ethics
2024-04-28,WIBTA if I confronted my aunt for stressing out my mom?,https://www.reddit.com/r/AmItheAsshole/comments/1ceomt6/wibta_if_i_confronted_my_aunt_for_stressing_out/,[masked],yes,r/AmItheAsshole,Ethics
2021-04-14,CMV: Medical professionals shouldn’t be allowed to work if they refuse the vaccine,https://www.reddit.com/r/changemyview/comments/mq6zeb/cmv_medical_professionals_shouldnt_be_allowed_to/,[masked],yes,r/changemyview,Ethics
2021-12-22,AITA for not coming home after I graduate?,https://www.reddit.com/r/AmItheAsshole/comments/rm6g3q/aita_for_not_coming_home_after_i_graduate/,[masked],yes,r/AmItheAsshole,Ethics
2023-07-10,AITA for changing my friend's HBO Max profile to 'Giant Poo',https://www.reddit.com/r/AmItheAsshole/comments/14vc0s0/aita_for_changing_my_friends_hbo_max_profile_to/,[masked],yes,r/AmItheAsshole,Ethics
2020-11-22,"Are human relationships.in the end, almost always supeficial?",https://www.reddit.com/r/askphilosophy/comments/jyluoq/are_human_relationshipsin_the_end_almost_always/,[masked],yes,r/askphilosophy,Ethics
2024-09-28,AITA for standing my ground ,https://www.reddit.com/r/AmItheAsshole/comments/1fqv6j3/aita_for_standing_my_ground/,[masked],yes,r/AmItheAsshole,Ethics
2020-12-10,CMV: Adoption is worse than abortion and should be banned.,https://www.reddit.com/r/changemyview/comments/kabhvx/cmv_adoption_is_worse_than_abortion_and_should_be/,[masked],yes,r/changemyview,Ethics
2020-02-24,AITA for shaming my boyfriend for his inability to cook.,https://www.reddit.com/r/AmItheAsshole/comments/f8bj50/aita_for_shaming_my_boyfriend_for_his_inability/,[masked],yes,r/AmItheAsshole,Ethics
2024-07-13,"CMV: I think having women wear a hijab/Niqab/Burka/Etc is sexist, and people defending it for reasons other than religious is illogical",https://www.reddit.com/r/changemyview/comments/1e2aujx/cmv_i_think_having_women_wear_a/,[masked],yes,r/changemyview,Ethics
2022-01-29,"CMV: When rich spoiled brats get help from various elders / peers / youngsters around it sets them up for a lifetime of comfort, ease and happiness",https://www.reddit.com/r/changemyview/comments/sfik4h/cmv_when_rich_spoiled_brats_get_help_from_various/,[masked],yes,r/changemyview,Ethics
2023-07-16,WIBTA for suing my boss?,https://www.reddit.com/r/AmItheAsshole/comments/150i2bd/wibta_for_suing_my_boss/,[masked],yes,r/AmItheAsshole,Ethics
2023-07-07,AITA For Calling Someone a Newgen?,https://www.reddit.com/r/AmItheAsshole/comments/14syezs/aita_for_calling_someone_a_newgen/,[masked],yes,r/AmItheAsshole,Ethics
2021-09-24,Do human lives have a cosmic meaning? And does it matter to us whether they do?,https://www.reddit.com/r/askphilosophy/comments/ptzqwr/do_human_lives_have_a_cosmic_meaning_and_does_it/,[masked],yes,r/askphilosophy,Ethics
2022-05-25,AITA for keeping photos of my ex?,https://www.reddit.com/r/AmItheAsshole/comments/uxc97s/aita_for_keeping_photos_of_my_ex/,[masked],yes,r/AmItheAsshole,Ethics
2021-05-23,"CMV: We should be able to block subreddits just like we can block other users, or subs can block us.",https://www.reddit.com/r/changemyview/comments/nj21xr/cmv_we_should_be_able_to_block_subreddits_just/,[masked],yes,r/changemyview,Ethics
2024-12-12,CMV: The most dangerous men are those you don't suspect,https://www.reddit.com/r/changemyview/comments/1hbxjyw/cmv_the_most_dangerous_men_are_those_you_dont/,[masked],yes,r/changemyview,Ethics
2024-08-26,CMV: Sending prayers to a non-religious grieving family who lost a loved one in a tragedy is not helpful.,https://www.reddit.com/r/changemyview/comments/1f0zvgv/cmv_sending_prayers_to_a_nonreligious_grieving/,[masked],yes,r/changemyview,Ethics
2020-04-16,CMV: The sexual assault accusations against Biden are a big deal.,https://www.reddit.com/r/changemyview/comments/g1wg5l/cmv_the_sexual_assault_accusations_against_biden/,[masked],yes,r/changemyview,Ethics
2020-09-15,AITA for wanting my boyfriend and me to begin coming out,https://www.reddit.com/r/AmItheAsshole/comments/isse08/aita_for_wanting_my_boyfriend_and_me_to_begin/,[masked],yes,r/AmItheAsshole,Ethics
2020-05-06,AITA For wanting to change my last name?,https://www.reddit.com/r/AmItheAsshole/comments/ge2c4i/aita_for_wanting_to_change_my_last_name/,[masked],yes,r/AmItheAsshole,Ethics
2022-04-29,AITA for not wanting a relationship with my mom,https://www.reddit.com/r/AmItheAsshole/comments/uenrpa/aita_for_not_wanting_a_relationship_with_my_mom/,[masked],yes,r/AmItheAsshole,Ethics
2021-08-03,AITA for Regulating the Use of a Mother's Room?,https://www.reddit.com/r/AmItheAsshole/comments/ox5zwz/aita_for_regulating_the_use_of_a_mothers_room/,[masked],yes,r/AmItheAsshole,Ethics
2021-01-13,CMV: The Death Penalty is Wrong,https://www.reddit.com/r/changemyview/comments/kw5rww/cmv_the_death_penalty_is_wrong/,[masked],yes,r/changemyview,Ethics
2024-11-21,AITA for not contributing the full amount for a group birthday gift for a friend?,https://www.reddit.com/r/AmItheAsshole/comments/1gwb4tq/aita_for_not_contributing_the_full_amount_for_a/,[masked],yes,r/AmItheAsshole,Ethics
2022-05-03,CMV: Dust jackets are stupid and lazy,https://www.reddit.com/r/changemyview/comments/ugyjiv/cmv_dust_jackets_are_stupid_and_lazy/,[masked],yes,r/changemyview,Ethics
2020-10-02,Can a normie read Immanuel Kant?,https://www.reddit.com/r/askphilosophy/comments/j3urvv/can_a_normie_read_immanuel_kant/,[masked],yes,r/askphilosophy,Ethics
2021-01-19,AITA for not wanting to give my truck to. My younger brother who's 18 and rather wanting to give it to my sister?,https://www.reddit.com/r/AmItheAsshole/comments/l0dlvc/aita_for_not_wanting_to_give_my_truck_to_my/,[masked],yes,r/AmItheAsshole,Ethics
2021-01-18,"CMV: if it is racist to require an ID to vote, it is also racist to require an ID to buy a gun.",https://www.reddit.com/r/changemyview/comments/kzljd8/cmv_if_it_is_racist_to_require_an_id_to_vote_it/,[masked],yes,r/changemyview,Ethics
2022-12-30,"CMV: In the UK, jury service should not select from the electoral register",https://www.reddit.com/r/changemyview/comments/zycxtm/cmv_in_the_uk_jury_service_should_not_select_from/,[masked],yes,r/changemyview,Ethics
2024-11-04,AITA Should I report cheater,https://www.reddit.com/r/AmItheAsshole/comments/1gj74sh/aita_should_i_report_cheater/,[masked],yes,r/AmItheAsshole,Ethics
2020-08-18,Is there a philosophical argument on how to handle widespread disinformation and misinformation?,https://www.reddit.com/r/askphilosophy/comments/ibpuf0/is_there_a_philosophical_argument_on_how_to/,[masked],yes,r/askphilosophy,Ethics
2021-02-22,CMV: There's nothing wrong with (Chinese) citizens simply not thinking about their government and just following along,https://www.reddit.com/r/changemyview/comments/lp3gm5/cmv_theres_nothing_wrong_with_chinese_citizens/,[masked],yes,r/changemyview,Ethics
2022-12-08,AITA for thinking my best friend was just an idiot after he convinced me he was?,https://www.reddit.com/r/AmItheAsshole/comments/zfm7oa/aita_for_thinking_my_best_friend_was_just_an/,[masked],yes,r/AmItheAsshole,Ethics
2022-08-11,cmv: not wanting to date trans people is transphobic,https://www.reddit.com/r/changemyview/comments/wl7ft5/cmv_not_wanting_to_date_trans_people_is/,[masked],yes,r/changemyview,Ethics
2021-12-20,AITA for not helping out cleaning at home?,https://www.reddit.com/r/AmItheAsshole/comments/rkoo4g/aita_for_not_helping_out_cleaning_at_home/,[masked],yes,r/AmItheAsshole,Ethics
2022-01-11,Philosophy about the nature of conciousness?,https://www.reddit.com/r/askphilosophy/comments/s1670e/philosophy_about_the_nature_of_conciousness/,[masked],yes,r/askphilosophy,Ethics
2020-11-07,CMV: The romantic subplots in Mistborn serves as a cheap way to create drama and character development,https://www.reddit.com/r/changemyview/comments/jpgr0q/cmv_the_romantic_subplots_in_mistborn_serves_as_a/,[masked],yes,r/changemyview,Ethics
2020-08-23,CMV: The idea of “if you have chosen silence then you have chosen the side of the oppressor” is very flawed and is the wrong approach for BLM and all movements in general.,https://www.reddit.com/r/changemyview/comments/if2lec/cmv_the_idea_of_if_you_have_chosen_silence_then/,[masked],yes,r/changemyview,Ethics
2021-08-27,AITA for letting my daughter attend a required school event on my husband's birthday?,https://www.reddit.com/r/AmItheAsshole/comments/pcn8qb/aita_for_letting_my_daughter_attend_a_required/,[masked],yes,r/AmItheAsshole,Ethics
2024-10-04,"Is it normal to fear ""before being born""?",https://www.reddit.com/r/askphilosophy/comments/1fvpdq4/is_it_normal_to_fear_before_being_born/,[masked],yes,r/askphilosophy,Ethics
2023-09-14,CMV: Messaging Apps Aren't Real People: Let's Stop Getting Upset Over Delayed Responses and Read Marks,https://www.reddit.com/r/changemyview/comments/16hsnoa/cmv_messaging_apps_arent_real_people_lets_stop/,[masked],yes,r/changemyview,Ethics
2021-08-19,CMV: Not getting vaccinated and going out is the same as drunk driving.,https://www.reddit.com/r/changemyview/comments/p7dqhk/cmv_not_getting_vaccinated_and_going_out_is_the/,[masked],yes,r/changemyview,Ethics
2020-07-20,Is it logically possible to believe in determinism and not have a bleak view on life?,https://www.reddit.com/r/askphilosophy/comments/hufw16/is_it_logically_possible_to_believe_in/,[masked],yes,r/askphilosophy,Ethics
2022-06-01,AITA??? Wife's Cousin's Wedding,https://www.reddit.com/r/AmItheAsshole/comments/v20056/aita_wifes_cousins_wedding/,[masked],yes,r/AmItheAsshole,Ethics
2020-02-06,CMV: I shouldn't bother voting,https://www.reddit.com/r/changemyview/comments/ezj5si/cmv_i_shouldnt_bother_voting/,[masked],yes,r/changemyview,Ethics
2020-12-13,CMV: Policies that are made to include more BAME people in the workplace contribute to systemic racism by encouraging a culture of box ticking,https://www.reddit.com/r/changemyview/comments/kbvewo/cmv_policies_that_are_made_to_include_more_bame/,[masked],yes,r/changemyview,Ethics
2024-01-22,AITA for not being upset about not being in wedding,https://www.reddit.com/r/AmItheAsshole/comments/19cvbs6/aita_for_not_being_upset_about_not_being_in/,[masked],yes,r/AmItheAsshole,Ethics
2022-08-09,Can everything be conceptualized ?,https://www.reddit.com/r/askphilosophy/comments/wjylbd/can_everything_be_conceptualized/,[masked],yes,r/askphilosophy,Ethics
2024-09-14,it really exists intentional evil / pure evil?,https://www.reddit.com/r/askphilosophy/comments/1fg8lsh/it_really_exists_intentional_evil_pure_evil/,[masked],yes,r/askphilosophy,Ethics
2021-12-03,"CMV: Media making white school killers look ""innocent"" is not racism its something else! (Oxford Shooting Warning)",https://www.reddit.com/r/changemyview/comments/r7duib/cmv_media_making_white_school_killers_look/,[masked],yes,r/changemyview,Ethics
2023-09-30,Should I become a Philosophy and Psychology Professor?,https://www.reddit.com/r/askphilosophy/comments/16vzj0k/should_i_become_a_philosophy_and_psychology/,[masked],yes,r/askphilosophy,Ethics
2024-07-16,AITA for getting kicked out of a social Facebook group? ,https://www.reddit.com/r/AmItheAsshole/comments/1e497qq/aita_for_getting_kicked_out_of_a_social_facebook/,[masked],yes,r/AmItheAsshole,Ethics
2023-09-12,Natural law and homosexuality,https://www.reddit.com/r/askphilosophy/comments/16grxph/natural_law_and_homosexuality/,[masked],yes,r/askphilosophy,Ethics
2024-05-04,AITA for wanting to do this?,https://www.reddit.com/r/AmItheAsshole/comments/1cjrz60/aita_for_wanting_to_do_this/,[masked],yes,r/AmItheAsshole,Ethics
2022-07-15,What's Next After Science?,https://www.reddit.com/r/askphilosophy/comments/vzr4u4/whats_next_after_science/,[masked],yes,r/askphilosophy,Ethics
2022-11-08,CMV: Poverty-related crime is justified.,https://www.reddit.com/r/changemyview/comments/ypal0c/cmv_povertyrelated_crime_is_justified/,[masked],yes,r/changemyview,Ethics
2024-07-21,CMV: It's not worth having many friends if any. They never listen but expect you to be there for them always.,https://www.reddit.com/r/changemyview/comments/1e85sbq/cmv_its_not_worth_having_many_friends_if_any_they/,[masked],yes,r/changemyview,Ethics
2024-09-12,AITA im getting no sleep ,https://www.reddit.com/r/AmItheAsshole/comments/1fee2zt/aita_im_getting_no_sleep/,[masked],yes,r/AmItheAsshole,Ethics
2024-05-11,CMV: The sentiment that “bullying your bully makes you the same as the bully” is absolutely ridiculous and I hate it,https://www.reddit.com/r/changemyview/comments/1cpe4b7/cmv_the_sentiment_that_bullying_your_bully_makes/,[masked],yes,r/changemyview,Ethics
2024-10-11,"CMV: Most ""dating preferences"" are subconscious prejudices and biases (or insecurity)",https://www.reddit.com/r/changemyview/comments/1g0moez/cmv_most_dating_preferences_are_subconscious/,[masked],yes,r/changemyview,Ethics
2022-06-16,"If people agree that ""Life has no intrinsic meaning in the grand scheme of things"" are they nihilists? Why or why not?",https://www.reddit.com/r/askphilosophy/comments/vdlxuj/if_people_agree_that_life_has_no_intrinsic/,[masked],yes,r/askphilosophy,Ethics
2023-11-11,I would like to know what modern philosophers think about socretes,https://www.reddit.com/r/askphilosophy/comments/17slpkp/i_would_like_to_know_what_modern_philosophers/,[masked],yes,r/askphilosophy,Ethics
2020-09-22,CMV: Pro lifers should vote blue and fund Planned Parenthood,https://www.reddit.com/r/changemyview/comments/ix8plk/cmv_pro_lifers_should_vote_blue_and_fund_planned/,[masked],yes,r/changemyview,Ethics
2020-07-14,CMV: The best way to respond to false accusations of racism is to not validate it,https://www.reddit.com/r/changemyview/comments/hqshxx/cmv_the_best_way_to_respond_to_false_accusations/,[masked],yes,r/changemyview,Ethics
2024-12-20,AITA for refusing to sleep with my mom when my brother is outside home,https://www.reddit.com/r/AmItheAsshole/comments/1himj0m/aita_for_refusing_to_sleep_with_my_mom_when_my/,[masked],yes,r/AmItheAsshole,Ethics
2024-11-09,"How does the nature of online interactions, where we often perceive comments as abstract rather than directly connected to human presence, affect our understanding of “the other”? ",https://www.reddit.com/r/askphilosophy/comments/1gmxy7e/how_does_the_nature_of_online_interactions_where/,[masked],yes,r/askphilosophy,Ethics
2024-03-14,AITA For calling my girl classist and ungrateful? ,https://www.reddit.com/r/AmItheAsshole/comments/1beitao/aita_for_calling_my_girl_classist_and_ungrateful/,[masked],yes,r/AmItheAsshole,Ethics
2022-07-03,"CMV: If Democrats would stop indicating disdain for white men, polarization would decrease and government could get more things done",https://www.reddit.com/r/changemyview/comments/vpwmxk/cmv_if_democrats_would_stop_indicating_disdain/,[masked],yes,r/changemyview,Ethics
2024-02-22,"CMV: Adopting a sarcastic tone in commenting on political and social events indicates a lack of idea, weakness of argument, and fear of confrontation.",https://www.reddit.com/r/changemyview/comments/1awhgg5/cmv_adopting_a_sarcastic_tone_in_commenting_on/,[masked],yes,r/changemyview,Ethics
2023-12-10,Does hedonistic utilitarianism justify farming human meat?,https://www.reddit.com/r/askphilosophy/comments/18es5bn/does_hedonistic_utilitarianism_justify_farming/,[masked],yes,r/askphilosophy,Ethics
2023-08-30,WIBTA if I stop helping my ex with rent,https://www.reddit.com/r/AmItheAsshole/comments/165fkd1/wibta_if_i_stop_helping_my_ex_with_rent/,[masked],yes,r/AmItheAsshole,Ethics
2022-04-09,"Hard determinism, moral subjectivity and moral responsability",https://www.reddit.com/r/askphilosophy/comments/tzs1gy/hard_determinism_moral_subjectivity_and_moral/,[masked],yes,r/askphilosophy,Ethics
2021-10-07,CMV: Police should have to pass a physical as well as mental evaluation annually.,https://www.reddit.com/r/changemyview/comments/q2ytv3/cmv_police_should_have_to_pass_a_physical_as_well/,[masked],yes,r/changemyview,Ethics
2020-12-24,CMV: Reddit is too eager to tell people they've been raped.,https://www.reddit.com/r/changemyview/comments/kiwhjs/cmv_reddit_is_too_eager_to_tell_people_theyve/,[masked],yes,r/changemyview,Ethics
2021-07-24,AITA for getting hurt over my brother being treated better just cause he's a male?,https://www.reddit.com/r/AmItheAsshole/comments/oqmy3n/aita_for_getting_hurt_over_my_brother_being/,[masked],yes,r/AmItheAsshole,Ethics
2022-08-05,CMV: Women only gyms are a form of sexist segregation,https://www.reddit.com/r/changemyview/comments/wg8e2z/cmv_women_only_gyms_are_a_form_of_sexist/,[masked],yes,r/changemyview,Ethics
2023-11-14,Taking non-physicalistic metaphysics seriously,https://www.reddit.com/r/askphilosophy/comments/17v1o5h/taking_nonphysicalistic_metaphysics_seriously/,[masked],yes,r/askphilosophy,Ethics
2022-12-02,"AITA for not being okay with my (20M) mom (58F)'s ""don't tell this to your GF (20F)"" attitude?",https://www.reddit.com/r/AmItheAsshole/comments/za3s8h/aita_for_not_being_okay_with_my_20m_mom_58fs_dont/,[masked],yes,r/AmItheAsshole,Ethics
2023-12-31,Look I just want to know if the idea was just badly presented or if it has no merit,https://www.reddit.com/r/askphilosophy/comments/18uyuov/look_i_just_want_to_know_if_the_idea_was_just/,[masked],yes,r/askphilosophy,Ethics
2022-04-01,AITA for subtly telling my sister she should have worked harder in college?,https://www.reddit.com/r/AmItheAsshole/comments/tth18l/aita_for_subtly_telling_my_sister_she_should_have/,[masked],yes,r/AmItheAsshole,Ethics
2023-05-05,"Some people claim that their religion's holy book are words of God. What would a philosopher look for, if he or she were asked to evaluate this claim?",https://www.reddit.com/r/askphilosophy/comments/138b0qs/some_people_claim_that_their_religions_holy_book/,[masked],yes,r/askphilosophy,Ethics
2022-07-17,CMV:Moderators deserve to be paid by Reddit for moderating,https://www.reddit.com/r/changemyview/comments/w158z3/cmvmoderators_deserve_to_be_paid_by_reddit_for/,[masked],yes,r/changemyview,Ethics
2023-09-18,AITA for telling my mother that I don’t want to go to her ‘wedding’ and that I dislike the guy she’s decided to spend her life with,https://www.reddit.com/r/AmItheAsshole/comments/16lu3di/aita_for_telling_my_mother_that_i_dont_want_to_go/,[masked],yes,r/AmItheAsshole,Ethics
2024-06-26,Is it okay if i teach philosophy on youtube while still being a beginner ?,https://www.reddit.com/r/askphilosophy/comments/1dot5hz/is_it_okay_if_i_teach_philosophy_on_youtube_while/,[masked],yes,r/askphilosophy,Ethics
2023-11-27,AITA holiday stress?,https://www.reddit.com/r/AmItheAsshole/comments/18549zu/aita_holiday_stress/,[masked],yes,r/AmItheAsshole,Ethics
2020-11-29,CMV: Cancelling student debt as a means of stimulus for our current crisis is a terrible idea,https://www.reddit.com/r/changemyview/comments/k313l8/cmv_cancelling_student_debt_as_a_means_of/,[masked],yes,r/changemyview,Ethics
2021-06-21,CMV: Our definition of cancel culture is wrong,https://www.reddit.com/r/changemyview/comments/o49qej/cmv_our_definition_of_cancel_culture_is_wrong/,[masked],yes,r/changemyview,Ethics
2021-01-13,CMV: Not hiring black sounding names is not necessarily racist; racist in the intrinsic sense,https://www.reddit.com/r/changemyview/comments/kvvhu6/cmv_not_hiring_black_sounding_names_is_not/,[masked],yes,r/changemyview,Ethics
2021-12-28,AITA for suggesting my boyfriend takes meds?,https://www.reddit.com/r/AmItheAsshole/comments/rpuggw/aita_for_suggesting_my_boyfriend_takes_meds/,[masked],yes,r/AmItheAsshole,Ethics
2024-03-16,AITA for wanting my dad to pay for my apartment,https://www.reddit.com/r/AmItheAsshole/comments/1bftijx/aita_for_wanting_my_dad_to_pay_for_my_apartment/,[masked],yes,r/AmItheAsshole,Ethics
2023-11-27,Why are chubby considered less attractive then skinny people?,https://www.reddit.com/r/askphilosophy/comments/185422t/why_are_chubby_considered_less_attractive_then/,[masked],yes,r/askphilosophy,Ethics
2023-12-04,CMV: Elon Musk Is A Net Good for the World.,https://www.reddit.com/r/changemyview/comments/18a6wzo/cmv_elon_musk_is_a_net_good_for_the_world/,[masked],yes,r/changemyview,Ethics
2020-04-02,"CMV: As a black feminist, I hate the ""Women are scared when they see a man walking towards them at night"" talking point.",https://www.reddit.com/r/changemyview/comments/ftnoun/cmv_as_a_black_feminist_i_hate_the_women_are/,[masked],yes,r/changemyview,Ethics
2024-03-04,"CMV: Shamima Begum, ISIS bride, should not be returned to the UK",https://www.reddit.com/r/changemyview/comments/1b62usr/cmv_shamima_begum_isis_bride_should_not_be/,[masked],yes,r/changemyview,Ethics
2023-12-25,Are there any philosophies/philosophers supporting the idea that there is no objective good or evil?,https://www.reddit.com/r/askphilosophy/comments/18qekba/are_there_any_philosophiesphilosophers_supporting/,[masked],yes,r/askphilosophy,Ethics
2024-06-06,AITA for not justifying my wife’s friend behavior?,https://www.reddit.com/r/AmItheAsshole/comments/1d8vsup/aita_for_not_justifying_my_wifes_friend_behavior/,[masked],yes,r/AmItheAsshole,Ethics
2022-12-25,CMV: People who use their life as an explanation to not put effort into their relationships/friendships are being unfair,https://www.reddit.com/r/changemyview/comments/zucs6z/cmv_people_who_use_their_life_as_an_explanation/,[masked],yes,r/changemyview,Ethics
2021-08-20,"Do people, especially artists, have a moral obligation to engage with society? Is it ignoble to squander talent?",https://www.reddit.com/r/askphilosophy/comments/p7hqx5/do_people_especially_artists_have_a_moral/,[masked],yes,r/askphilosophy,Ethics
2022-06-15,CMV: I should take elevators and stay on sidewalks with women who are by themselves,https://www.reddit.com/r/changemyview/comments/vctpsc/cmv_i_should_take_elevators_and_stay_on_sidewalks/,[masked],yes,r/changemyview,Ethics
2020-04-14,AITA for telling my bf of 2 years to stop contacting my family?,https://www.reddit.com/r/AmItheAsshole/comments/g12tq9/aita_for_telling_my_bf_of_2_years_to_stop/,[masked],yes,r/AmItheAsshole,Ethics
2022-07-11,CMV: A libertarian alternative to mandatory health insurance (full freedom but full consequences),https://www.reddit.com/r/changemyview/comments/vwjiyi/cmv_a_libertarian_alternative_to_mandatory_health/,[masked],yes,r/changemyview,Ethics
2020-08-10,WIBTA if I told my friend to stop drawing me?,https://www.reddit.com/r/AmItheAsshole/comments/i6pooh/wibta_if_i_told_my_friend_to_stop_drawing_me/,[masked],yes,r/AmItheAsshole,Ethics
2023-12-29,CMV: I think hating people is necessary,https://www.reddit.com/r/changemyview/comments/18t3z5e/cmv_i_think_hating_people_is_necessary/,[masked],yes,r/changemyview,Ethics
2023-11-01,AITA For getting angry at my family for eating my Biscuits,https://www.reddit.com/r/AmItheAsshole/comments/17ku62j/aita_for_getting_angry_at_my_family_for_eating_my/,[masked],yes,r/AmItheAsshole,Ethics
2020-11-26,Let’s figure out this moral conflict?,https://www.reddit.com/r/askphilosophy/comments/k11kvt/lets_figure_out_this_moral_conflict/,[masked],yes,r/askphilosophy,Ethics
2020-11-15,"CMV: Libertarianism is at the heart of America’s founding, not some newfangled extreme movement",https://www.reddit.com/r/changemyview/comments/ju8e39/cmv_libertarianism_is_at_the_heart_of_americas/,[masked],yes,r/changemyview,Ethics
2021-09-04,CMV: if you are pro life you shouldn’t eat meat,https://www.reddit.com/r/changemyview/comments/phl6ix/cmv_if_you_are_pro_life_you_shouldnt_eat_meat/,[masked],yes,r/changemyview,Ethics
2022-06-15,AITA for ressent my friends who waited two years before telling me about their break up decision,https://www.reddit.com/r/AmItheAsshole/comments/vcs9v6/aita_for_ressent_my_friends_who_waited_two_years/,[masked],yes,r/AmItheAsshole,Ethics
2022-08-18,CMV: It's unethical to sell your house for more than you paid,https://www.reddit.com/r/changemyview/comments/wr3e29/cmv_its_unethical_to_sell_your_house_for_more/,[masked],yes,r/changemyview,Ethics
2024-08-01,Free will and self-hood as qualia? ,https://www.reddit.com/r/askphilosophy/comments/1egxh43/free_will_and_selfhood_as_qualia/,[masked],yes,r/askphilosophy,Ethics
2022-02-09,How should an individual respond ethically to sportwashing?,https://www.reddit.com/r/askphilosophy/comments/soa6fl/how_should_an_individual_respond_ethically_to/,[masked],yes,r/askphilosophy,Ethics
2024-05-30,"CMV: American/Western Leftists have grown dangerously antisemitic, and they should be called out just like the Alt Right is. ",https://www.reddit.com/r/changemyview/comments/1d3gayk/cmv_americanwestern_leftists_have_grown/,[masked],yes,r/changemyview,Ethics
2022-07-04,CMV: People should only be required to wear clothing when their bodies are going be in prolonged contact with public surfaces like seats.,https://www.reddit.com/r/changemyview/comments/vr4m48/cmv_people_should_only_be_required_to_wear/,[masked],yes,r/changemyview,Ethics
2020-12-09,Books on finding inner peace,https://www.reddit.com/r/askphilosophy/comments/k9b6xa/books_on_finding_inner_peace/,[masked],yes,r/askphilosophy,Ethics
2020-06-17,How does one surpass rigid scepticism?,https://www.reddit.com/r/askphilosophy/comments/harur0/how_does_one_surpass_rigid_scepticism/,[masked],yes,r/askphilosophy,Ethics
2021-05-20,"CMV: Housing Prices will never be affordable in the U.S. for the next 20-40 years, if ever again.",https://www.reddit.com/r/changemyview/comments/nglxx2/cmv_housing_prices_will_never_be_affordable_in/,[masked],yes,r/changemyview,Ethics
2022-06-21,AITA for sending my friend an angry text wich caused a scene,https://www.reddit.com/r/AmItheAsshole/comments/vh7237/aita_for_sending_my_friend_an_angry_text_wich/,[masked],yes,r/AmItheAsshole,Ethics
2022-08-08,AITA for flipping at my family for them not bringing vegan food to the family barbecue?,https://www.reddit.com/r/AmItheAsshole/comments/wjaw0n/aita_for_flipping_at_my_family_for_them_not/,[masked],yes,r/AmItheAsshole,Ethics
2023-07-05,"Does the aggregation of subjective well-being make sense, for a general ethics?",https://www.reddit.com/r/askphilosophy/comments/14r0s7c/does_the_aggregation_of_subjective_wellbeing_make/,[masked],yes,r/askphilosophy,Ethics
2020-12-31,"CMV: Fireworks are harmful in many ways and we should stop using them. We only use them in the first place, because of tradition.",https://www.reddit.com/r/changemyview/comments/kn96ea/cmv_fireworks_are_harmful_in_many_ways_and_we/,[masked],yes,r/changemyview,Ethics
2022-02-02,AITA for changing my dad's profile picture?,https://www.reddit.com/r/AmItheAsshole/comments/sictrj/aita_for_changing_my_dads_profile_picture/,[masked],yes,r/AmItheAsshole,Ethics
2024-07-06,AITA for constantly being rude to my parent:v,https://www.reddit.com/r/AmItheAsshole/comments/1dw7cbj/aita_for_constantly_being_rude_to_my_parentv/,[masked],yes,r/AmItheAsshole,Ethics
2020-04-29,AITA for getting annoyed that my dad got ink on my 60 dollar mousepad?,https://www.reddit.com/r/AmItheAsshole/comments/ga6wk1/aita_for_getting_annoyed_that_my_dad_got_ink_on/,[masked],yes,r/AmItheAsshole,Ethics
2021-03-23,"Are there any philosophical arguments in defense of retributive justice and punishment even when free will is very limited (such as in cases of duress, necessity and insanity) or doesn't exist?",https://www.reddit.com/r/askphilosophy/comments/mbbqys/are_there_any_philosophical_arguments_in_defense/,[masked],yes,r/askphilosophy,Ethics
2021-07-11,"If I'm to concede that the is no intrisic absolute meaning to human life, how do you deal with continuing to live?",https://www.reddit.com/r/askphilosophy/comments/oi3pik/if_im_to_concede_that_the_is_no_intrisic_absolute/,[masked],yes,r/askphilosophy,Ethics
2022-03-08,"CMV: Blaming behavioral faults on your upbringing is just another form of avoiding responsibility for your own actions, and it's unhealthy to do so.",https://www.reddit.com/r/changemyview/comments/t950xn/cmv_blaming_behavioral_faults_on_your_upbringing/,[masked],yes,r/changemyview,Ethics
2020-02-15,Technique for resolving contentious definitions?,https://www.reddit.com/r/askphilosophy/comments/f3y1so/technique_for_resolving_contentious_definitions/,[masked],yes,r/askphilosophy,Ethics
2020-01-12,Free will and social change,https://www.reddit.com/r/askphilosophy/comments/endy25/free_will_and_social_change/,[masked],yes,r/askphilosophy,Ethics
2022-08-06,CMV: giving babies/toddlers a long running role in TV show is unethical.,https://www.reddit.com/r/changemyview/comments/wh0x2w/cmv_giving_babiestoddlers_a_long_running_role_in/,[masked],yes,r/changemyview,Ethics
2020-05-02,AITA: I told my Fiancé his career is holding him back,https://www.reddit.com/r/AmItheAsshole/comments/gbs5r9/aita_i_told_my_fiancé_his_career_is_holding_him/,[masked],yes,r/AmItheAsshole,Ethics
2024-04-14,Does philosophy genuinely help you in life?,https://www.reddit.com/r/askphilosophy/comments/1c36rn5/does_philosophy_genuinely_help_you_in_life/,[masked],yes,r/askphilosophy,Ethics
2024-07-07,AITA for asking my boyfriend not to be on his phone so much?,https://www.reddit.com/r/AmItheAsshole/comments/1dxfvih/aita_for_asking_my_boyfriend_not_to_be_on_his/,[masked],yes,r/AmItheAsshole,Ethics
2021-10-26,AITA for defending my best friend to his brother?,https://www.reddit.com/r/AmItheAsshole/comments/qfyw5o/aita_for_defending_my_best_friend_to_his_brother/,[masked],yes,r/AmItheAsshole,Ethics
2024-08-11,I want to be sad and miserable.,https://www.reddit.com/r/askphilosophy/comments/1eph29m/i_want_to_be_sad_and_miserable/,[masked],yes,r/askphilosophy,Ethics
2022-01-06,CMV: Non-Binary isn’t real,https://www.reddit.com/r/changemyview/comments/rx0bzv/cmv_nonbinary_isnt_real/,[masked],yes,r/changemyview,Ethics
2024-06-02,The Source of the Drive for Achievement,https://www.reddit.com/r/askphilosophy/comments/1d5wnhf/the_source_of_the_drive_for_achievement/,[masked],yes,r/askphilosophy,Ethics
2023-02-18,AITA for raising my voice at my dad?,https://www.reddit.com/r/AmItheAsshole/comments/115cwds/aita_for_raising_my_voice_at_my_dad/,[masked],yes,r/AmItheAsshole,Ethics
2023-03-30,"CMV: the criminal justice system should focus more on rehabilitation, ALSO it should not include the death penalty",https://www.reddit.com/r/changemyview/comments/1269vpd/cmv_the_criminal_justice_system_should_focus_more/,[masked],yes,r/changemyview,Ethics
2022-03-24,CMV: Moving in with a partner early in the relationship is fine as long as there is an easy way out for both parties,https://www.reddit.com/r/changemyview/comments/tlp48l/cmv_moving_in_with_a_partner_early_in_the/,[masked],yes,r/changemyview,Ethics
2021-09-29,"The conflict of faith and reason, and the possibility of one true religion",https://www.reddit.com/r/askphilosophy/comments/pxb67c/the_conflict_of_faith_and_reason_and_the/,[masked],yes,r/askphilosophy,Ethics
2024-07-01,Is the argument against murder based solely on intuition?,https://www.reddit.com/r/askphilosophy/comments/1dsosak/is_the_argument_against_murder_based_solely_on/,[masked],yes,r/askphilosophy,Ethics
2022-06-24,CMV: Arizona should not be (and never should have been) a farming state.,https://www.reddit.com/r/changemyview/comments/vjd1ve/cmv_arizona_should_not_be_and_never_should_have/,[masked],yes,r/changemyview,Ethics
2023-05-10,CMV: Political radicalization has irreparably damaged our society and the capability of those to get along and people need to stop pretending like its a good thing,https://www.reddit.com/r/changemyview/comments/13d50xn/cmv_political_radicalization_has_irreparably/,[masked],yes,r/changemyview,Ethics
2021-09-23,To what extent are secular humanist and Enlightenment values founded on the Judeo-Christian principles?,https://www.reddit.com/r/askphilosophy/comments/ptlcv1/to_what_extent_are_secular_humanist_and/,[masked],yes,r/askphilosophy,Ethics
2021-01-03,CMV: Everyone should give out wishlists at Christmas instead of leaving gifts to chance.,https://www.reddit.com/r/changemyview/comments/kp2j8y/cmv_everyone_should_give_out_wishlists_at/,[masked],yes,r/changemyview,Ethics
2024-05-29,Is it really plausible that there is an all-loving God?,https://www.reddit.com/r/askphilosophy/comments/1d33blg/is_it_really_plausible_that_there_is_an_allloving/,[masked],yes,r/askphilosophy,Ethics
2022-11-07,WIBTA if I remove myself from my mother’s fantasy life,https://www.reddit.com/r/AmItheAsshole/comments/ynxwdq/wibta_if_i_remove_myself_from_my_mothers_fantasy/,[masked],yes,r/AmItheAsshole,Ethics
2021-03-29,"CMV: Therapy is just a waist of time, money, it cant really help.",https://www.reddit.com/r/changemyview/comments/mfqycb/cmv_therapy_is_just_a_waist_of_time_money_it_cant/,[masked],yes,r/changemyview,Ethics
2024-11-17,CMV: Why Do We Glorify Combat Sports? It’s Brutish and a Step Backward,https://www.reddit.com/r/changemyview/comments/1gsqhip/cmv_why_do_we_glorify_combat_sports_its_brutish/,[masked],yes,r/changemyview,Ethics
2023-07-14,CMV: video games are nowhere near as important as people consider them.,https://www.reddit.com/r/changemyview/comments/14z9p9d/cmv_video_games_are_nowhere_near_as_important_as/,[masked],yes,r/changemyview,Ethics
2022-08-01,"CMV: Using Kratom is a bad idea, especially if you are using it to assist with withdrawal symptoms",https://www.reddit.com/r/changemyview/comments/wd74pz/cmv_using_kratom_is_a_bad_idea_especially_if_you/,[masked],yes,r/changemyview,Ethics
2023-10-23,AITA- Wedding Drama. Advice?,https://www.reddit.com/r/AmItheAsshole/comments/17dythz/aita_wedding_drama_advice/,[masked],yes,r/AmItheAsshole,Ethics
2021-09-01,AITA for not wanting to talk to my brother and his family ?,https://www.reddit.com/r/AmItheAsshole/comments/pf9ahs/aita_for_not_wanting_to_talk_to_my_brother_and/,[masked],yes,r/AmItheAsshole,Ethics
2024-08-30,CMV: It's not hypocritical to both like and admonish sexuality,https://www.reddit.com/r/changemyview/comments/1f4airt/cmv_its_not_hypocritical_to_both_like_and/,[masked],yes,r/changemyview,Ethics
2020-12-08,"CMV: You can't change the minds of conspiracy theorists, highly religious people, or hard core pyramid schemers by talking to them",https://www.reddit.com/r/changemyview/comments/k8zgiy/cmv_you_cant_change_the_minds_of_conspiracy/,[masked],yes,r/changemyview,Ethics
2024-01-16,AITA for not fighting the school to allow my daughter to go on a field trip,https://www.reddit.com/r/AmItheAsshole/comments/197ibjw/aita_for_not_fighting_the_school_to_allow_my/,[masked],yes,r/AmItheAsshole,Ethics
2021-11-19,AITA for telling my partner either spend thanksgiving with her family or me?,https://www.reddit.com/r/AmItheAsshole/comments/qwvcg9/aita_for_telling_my_partner_either_spend/,[masked],yes,r/AmItheAsshole,Ethics
2020-03-25,WIBTA if I told my mum that I don't want to speak to her for a while,https://www.reddit.com/r/AmItheAsshole/comments/fo9tt2/wibta_if_i_told_my_mum_that_i_dont_want_to_speak/,[masked],yes,r/AmItheAsshole,Ethics
2022-03-10,Sartre’s Existentialism and Marxism,https://www.reddit.com/r/askphilosophy/comments/tar8oz/sartres_existentialism_and_marxism/,[masked],yes,r/askphilosophy,Ethics
2022-08-28,AITA for not fulfilling my bf’s grandma’s dying wish?,https://www.reddit.com/r/AmItheAsshole/comments/wzigsq/aita_for_not_fulfilling_my_bfs_grandmas_dying_wish/,[masked],yes,r/AmItheAsshole,Ethics
2021-04-23,Any philosophers who are negative about work?,https://www.reddit.com/r/askphilosophy/comments/mwri70/any_philosophers_who_are_negative_about_work/,[masked],yes,r/askphilosophy,Ethics
2024-06-08,Is the idea of ‘White Privilege’ useful ,https://www.reddit.com/r/askphilosophy/comments/1db14mm/is_the_idea_of_white_privilege_useful/,[masked],yes,r/askphilosophy,Ethics
2021-07-12,Aita for arguing with my parents?,https://www.reddit.com/r/AmItheAsshole/comments/oi7wa5/aita_for_arguing_with_my_parents/,[masked],yes,r/AmItheAsshole,Ethics
2023-01-22,"CMV: The proposal put forth by San Francisco's Reparations Committee to give every eligible black person $5,000,000 is unaffordable and unrealistic",https://www.reddit.com/r/changemyview/comments/10i3k1b/cmv_the_proposal_put_forth_by_san_franciscos/,[masked],yes,r/changemyview,Ethics
2022-12-10,AITA for Opening the Curtains,https://www.reddit.com/r/AmItheAsshole/comments/zh2vpu/aita_for_opening_the_curtains/,[masked],yes,r/AmItheAsshole,Ethics
2023-10-29,Help me pick my final philosophy class at undergrad,https://www.reddit.com/r/askphilosophy/comments/17irw5m/help_me_pick_my_final_philosophy_class_at/,[masked],yes,r/askphilosophy,Ethics
2023-12-03,AITA - Wass annoyed when I found out my grandparents were coming to stay after I spent 6 months full-time looking for a house and moving a 4 bed house.,https://www.reddit.com/r/AmItheAsshole/comments/189fztw/aita_wass_annoyed_when_i_found_out_my/,[masked],yes,r/AmItheAsshole,Ethics
2020-06-08,CMV: MMA and boxing should be banned,https://www.reddit.com/r/changemyview/comments/gyomc6/cmv_mma_and_boxing_should_be_banned/,[masked],yes,r/changemyview,Ethics
2021-12-19,The ship of theseus but with neurons. Would your stream of consciousness remain constant if each neuron was replaced one at a time?,https://www.reddit.com/r/askphilosophy/comments/rjyvpr/the_ship_of_theseus_but_with_neurons_would_your/,[masked],yes,r/askphilosophy,Ethics
2023-11-06,CMV: The only way racism can ever truly end or decrease to the point that it no longer plays a major role is if communities are desegregated,https://www.reddit.com/r/changemyview/comments/17olt0s/cmv_the_only_way_racism_can_ever_truly_end_or/,[masked],yes,r/changemyview,Ethics
2021-09-28,AITA for rejecting my fiance's superstitious curses?,https://www.reddit.com/r/AmItheAsshole/comments/pww1ae/aita_for_rejecting_my_fiances_superstitious_curses/,[masked],yes,r/AmItheAsshole,Ethics
2021-07-28,AITA for being so smothering?,https://www.reddit.com/r/AmItheAsshole/comments/osv5od/aita_for_being_so_smothering/,[masked],yes,r/AmItheAsshole,Ethics
2024-08-24,AITA for telling my mom off for yelling at me after I had just gotten off of work?,https://www.reddit.com/r/AmItheAsshole/comments/1eztrzc/aita_for_telling_my_mom_off_for_yelling_at_me/,[masked],yes,r/AmItheAsshole,Ethics
2022-12-22,CMV: piercing your baby's ears before they even learn to talk is a weird practice and it's iffy it's even legal,https://www.reddit.com/r/changemyview/comments/zs7juy/cmv_piercing_your_babys_ears_before_they_even/,[masked],yes,r/changemyview,Ethics
2024-08-21,CMV: Walmart Checking your Cart is Disrespectful,https://www.reddit.com/r/changemyview/comments/1ex5tcq/cmv_walmart_checking_your_cart_is_disrespectful/,[masked],yes,r/changemyview,Ethics
2024-11-07,"CMV: Most reddit mods are biased and remove/leave content which they personally disagree/agree with, despite it violating/not violating the rules of the subreddit.",https://www.reddit.com/r/changemyview/comments/1gl5345/cmv_most_reddit_mods_are_biased_and_removeleave/,[masked],yes,r/changemyview,Ethics
2020-08-06,"AITA for to continue ignoring my dad after he called me worthless and and idiot when he lost his temper, although makes me food as an act of forgiveness?",https://www.reddit.com/r/AmItheAsshole/comments/i4s70y/aita_for_to_continue_ignoring_my_dad_after_he/,[masked],yes,r/AmItheAsshole,Ethics
2022-09-02,Kind of a noob question but I can't find the name for an idea relating to absurdism and the seeming meaninglessness of life,https://www.reddit.com/r/askphilosophy/comments/x3kd8w/kind_of_a_noob_question_but_i_cant_find_the_name/,[masked],yes,r/askphilosophy,Ethics
2024-05-06,CMV: Adrenaline junkies are no different than habitual hard drug users and should be treated as such.,https://www.reddit.com/r/changemyview/comments/1clbj9u/cmv_adrenaline_junkies_are_no_different_than/,[masked],yes,r/changemyview,Ethics
2024-09-18,AITA for kissing my ex boyfriends current girlfriend ,https://www.reddit.com/r/AmItheAsshole/comments/1fjgynk/aita_for_kissing_my_ex_boyfriends_current/,[masked],yes,r/AmItheAsshole,Ethics
2023-11-14,CMV: We are all doomed financially and the middle class is going to die out,https://www.reddit.com/r/changemyview/comments/17uhqei/cmv_we_are_all_doomed_financially_and_the_middle/,[masked],yes,r/changemyview,Ethics
2020-06-18,"CMV: The argument that ""opposing Antifa makes you a facist- it's in the name"" doesn't make sense to me",https://www.reddit.com/r/changemyview/comments/hbc1ak/cmv_the_argument_that_opposing_antifa_makes_you_a/,[masked],yes,r/changemyview,Ethics
2023-12-18,"CMV: Privilege, absent poor behavior as a result of it, should be celebrated rather than condemned.",https://www.reddit.com/r/changemyview/comments/18ko5if/cmv_privilege_absent_poor_behavior_as_a_result_of/,[masked],yes,r/changemyview,Ethics
2021-09-06,"AITA for telling my ""stepdad"" that it's a good thing I'm not his daughter?",https://www.reddit.com/r/AmItheAsshole/comments/pio24p/aita_for_telling_my_stepdad_that_its_a_good_thing/,[masked],yes,r/AmItheAsshole,Ethics
2021-04-15,AITA for disrespecting my dad when he wouldn’t let me leave for university,https://www.reddit.com/r/AmItheAsshole/comments/mrb9wc/aita_for_disrespecting_my_dad_when_he_wouldnt_let/,[masked],yes,r/AmItheAsshole,Ethics
2021-02-11,CMV: Employers should allow for 1-3 Mental Health Days a year.,https://www.reddit.com/r/changemyview/comments/lgx1u5/cmv_employers_should_allow_for_13_mental_health/,[masked],yes,r/changemyview,Ethics
2023-09-18,Is it a personal moral standard or a universal moral standard?,https://www.reddit.com/r/askphilosophy/comments/16lx11j/is_it_a_personal_moral_standard_or_a_universal/,[masked],yes,r/askphilosophy,Ethics
2023-01-19,WIBTA if took a job my husband disagrees with?,https://www.reddit.com/r/AmItheAsshole/comments/10fna7e/wibta_if_took_a_job_my_husband_disagrees_with/,[masked],yes,r/AmItheAsshole,Ethics
2020-01-30,CMV: Happily married women never look back at hook-ups or casual sex with other people good memories,https://www.reddit.com/r/changemyview/comments/ew2596/cmv_happily_married_women_never_look_back_at/,[masked],yes,r/changemyview,Ethics
2023-10-19,AITA for confronting my roommate?,https://www.reddit.com/r/AmItheAsshole/comments/17ba7he/aita_for_confronting_my_roommate/,[masked],yes,r/AmItheAsshole,Ethics
2023-03-14,"CMV: Debating about ""robots rights"" outside the realm of science fiction is ridiculous",https://www.reddit.com/r/changemyview/comments/11qre9w/cmv_debating_about_robots_rights_outside_the/,[masked],yes,r/changemyview,Ethics
2023-03-11,CMV: Indie horror games and horror stuff need to stop,https://www.reddit.com/r/changemyview/comments/11ogq3h/cmv_indie_horror_games_and_horror_stuff_need_to/,[masked],yes,r/changemyview,Ethics
2022-11-09,CMV: I think people posting a story of donating to charity on social media to gain popularity become the new normal and not receive so much hate,https://www.reddit.com/r/changemyview/comments/yqml82/cmv_i_think_people_posting_a_story_of_donating_to/,[masked],yes,r/changemyview,Ethics
2022-04-01,AITA for having always ask my boyfriend for his half of rent every month?,https://www.reddit.com/r/AmItheAsshole/comments/ttskyr/aita_for_having_always_ask_my_boyfriend_for_his/,[masked],yes,r/AmItheAsshole,Ethics
2020-09-13,AITA for making my older sister cry?,https://www.reddit.com/r/AmItheAsshole/comments/irp07u/aita_for_making_my_older_sister_cry/,[masked],yes,r/AmItheAsshole,Ethics
2023-08-23,Do you believe we have free-will?,https://www.reddit.com/r/askphilosophy/comments/15ymx6l/do_you_believe_we_have_freewill/,[masked],yes,r/askphilosophy,Ethics
2022-10-13,AITA for getting upset that my brother can watch marvel movies?,https://www.reddit.com/r/AmItheAsshole/comments/y2d4bq/aita_for_getting_upset_that_my_brother_can_watch/,[masked],yes,r/AmItheAsshole,Ethics
2022-04-14,AITA for getting up and leaving a local gaming tournament after my bf’s friends harassed me?,https://www.reddit.com/r/AmItheAsshole/comments/u3b5q0/aita_for_getting_up_and_leaving_a_local_gaming/,[masked],yes,r/AmItheAsshole,Ethics
2021-06-11,Are good things in the present morally justified if they are contingent on past evils/suffering?,https://www.reddit.com/r/askphilosophy/comments/nx25yj/are_good_things_in_the_present_morally_justified/,[masked],yes,r/askphilosophy,Ethics
2024-01-09,AITA for my dad deciding my cat is an alien?,https://www.reddit.com/r/AmItheAsshole/comments/1924g22/aita_for_my_dad_deciding_my_cat_is_an_alien/,[masked],yes,r/AmItheAsshole,Ethics
2021-09-06,WIBTA for telling my queer friend their questioning my sexuality makes me uncomfortable?,https://www.reddit.com/r/AmItheAsshole/comments/pil1sv/wibta_for_telling_my_queer_friend_their/,[masked],yes,r/AmItheAsshole,Ethics
2022-03-26,how do I know if im a genuinely kind person,https://www.reddit.com/r/askphilosophy/comments/togmlr/how_do_i_know_if_im_a_genuinely_kind_person/,[masked],yes,r/askphilosophy,Ethics
2021-05-09,"CMV: Eating exotic meats such as rats, bats, cats, dogs, bugs, etc. is no different from eating beef, pork, or chicken. And as such, westerners should get off their high horses when criticizing the cuisine of other cultures.",https://www.reddit.com/r/changemyview/comments/n817zw/cmv_eating_exotic_meats_such_as_rats_bats_cats/,[masked],yes,r/changemyview,Ethics
2023-07-31,CMV: Not wanting children IS selfish.,https://www.reddit.com/r/changemyview/comments/15e0fd8/cmv_not_wanting_children_is_selfish/,[masked],yes,r/changemyview,Ethics
2023-09-13,CMV: People under 30 y/o are jerks,https://www.reddit.com/r/changemyview/comments/16haiqo/cmv_people_under_30_yo_are_jerks/,[masked],yes,r/changemyview,Ethics
2022-06-26,AITA for not telling my husband my son’s secret/why he was crying?,https://www.reddit.com/r/AmItheAsshole/comments/vkldpp/aita_for_not_telling_my_husband_my_sons_secretwhy/,[masked],yes,r/AmItheAsshole,Ethics
2020-08-21,CMV: Abortions aren't needed outside of someone being raped.,https://www.reddit.com/r/changemyview/comments/idhugd/cmv_abortions_arent_needed_outside_of_someone/,[masked],yes,r/changemyview,Ethics
2021-09-21,"CMV: in the US, the voting age should be 16",https://www.reddit.com/r/changemyview/comments/ps0dy1/cmv_in_the_us_the_voting_age_should_be_16/,[masked],yes,r/changemyview,Ethics
2024-09-06,AITA for grounding my son for ignoring my youngest at his school?,https://www.reddit.com/r/AmItheAsshole/comments/1fa40yb/aita_for_grounding_my_son_for_ignoring_my/,[masked],yes,r/AmItheAsshole,Ethics
2021-08-11,CMV: I think the name Feminist is problematic and refer to myself as a humanist for the following reasons.,https://www.reddit.com/r/changemyview/comments/p1u0dy/cmv_i_think_the_name_feminist_is_problematic_and/,[masked],yes,r/changemyview,Ethics
2024-07-19,AITA for being resentful about my sibling not attending my partners funeral ,https://www.reddit.com/r/AmItheAsshole/comments/1e6tp2o/aita_for_being_resentful_about_my_sibling_not/,[masked],yes,r/AmItheAsshole,Ethics
2021-12-29,AITA for not giving my friend my phone’s password?,https://www.reddit.com/r/AmItheAsshole/comments/rqolde/aita_for_not_giving_my_friend_my_phones_password/,[masked],yes,r/AmItheAsshole,Ethics
2021-01-06,AITA for getting annoyed at my worrying parents?,https://www.reddit.com/r/AmItheAsshole/comments/krmf9y/aita_for_getting_annoyed_at_my_worrying_parents/,[masked],yes,r/AmItheAsshole,Ethics
2022-08-05,"How do you grapple with finding wisdom in multiple philosophies (e.g., Nietzsche &amp; Stoicism, Emerson &amp; Buddhism) while seeing the flaws in not completely ascribing to one system as a ""philosophy of life""",https://www.reddit.com/r/askphilosophy/comments/wgtl0j/how_do_you_grapple_with_finding_wisdom_in/,[masked],yes,r/askphilosophy,Ethics
2022-05-14,AITA for not wanting my mom to have my address?,https://www.reddit.com/r/AmItheAsshole/comments/upk1xr/aita_for_not_wanting_my_mom_to_have_my_address/,[masked],yes,r/AmItheAsshole,Ethics
2023-06-19,CMV: The push to insure younger people is to subsidize boomers' healthcare and has LITTLE to do with the wellbeing of younger people.,https://www.reddit.com/r/changemyview/comments/14czgl3/cmv_the_push_to_insure_younger_people_is_to/,[masked],yes,r/changemyview,Ethics
2022-08-31,WIBTA if I leave the house I've been staying at with no warning,https://www.reddit.com/r/AmItheAsshole/comments/x269i3/wibta_if_i_leave_the_house_ive_been_staying_at/,[masked],yes,r/AmItheAsshole,Ethics
2022-02-14,"critiques of improvisational theater, at any time but especially today?",https://www.reddit.com/r/askphilosophy/comments/srus5y/critiques_of_improvisational_theater_at_any_time/,[masked],yes,r/askphilosophy,Ethics
2020-10-14,Why do so many philosophers have a background in mathematics or physics?,https://www.reddit.com/r/askphilosophy/comments/jatgcz/why_do_so_many_philosophers_have_a_background_in/,[masked],yes,r/askphilosophy,Ethics
2023-01-02,CMV: Marrying (or dating) someone for their money isn't any different than for their looks/beauty.,https://www.reddit.com/r/changemyview/comments/100so60/cmv_marrying_or_dating_someone_for_their_money/,[masked],yes,r/changemyview,Ethics
2021-01-05,AITA for texting my boss when my coworker was an hour and a half late for work?,https://www.reddit.com/r/AmItheAsshole/comments/kqlyjz/aita_for_texting_my_boss_when_my_coworker_was_an/,[masked],yes,r/AmItheAsshole,Ethics
2021-01-01,CMV: Content creators making 6 figures+ in profit should not accept large donations.,https://www.reddit.com/r/changemyview/comments/koca4y/cmv_content_creators_making_6_figures_in_profit/,[masked],yes,r/changemyview,Ethics
2023-07-22,AITA for stealing a cat?,https://www.reddit.com/r/AmItheAsshole/comments/156185u/aita_for_stealing_a_cat/,[masked],yes,r/AmItheAsshole,Ethics
2024-04-19,CMV: Housing should not be an investment ,https://www.reddit.com/r/changemyview/comments/1c7ibn3/cmv_housing_should_not_be_an_investment/,[masked],yes,r/changemyview,Ethics
2020-02-13,CMV: Societal views have clouded our views of ourselves and made it nearly impossible to coexist with others as we should.,https://www.reddit.com/r/changemyview/comments/f2tn2v/cmv_societal_views_have_clouded_our_views_of/,[masked],yes,r/changemyview,Ethics
2022-07-23,Applying to PhD programs with a low cumulative GPA?,https://www.reddit.com/r/askphilosophy/comments/w5fjd7/applying_to_phd_programs_with_a_low_cumulative_gpa/,[masked],yes,r/askphilosophy,Ethics
2024-09-25,CMV: Nietzsche and other philosophers that believe in creating your own meaning should not be recommended to the average person. ,https://www.reddit.com/r/changemyview/comments/1fp2itg/cmv_nietzsche_and_other_philosophers_that_believe/,[masked],yes,r/changemyview,Ethics
2024-04-29,CMV: The Naruto movie is almost certainly going to be awful,https://www.reddit.com/r/changemyview/comments/1cfidj5/cmv_the_naruto_movie_is_almost_certainly_going_to/,[masked],yes,r/changemyview,Ethics
2022-09-07,CMV: The potential porblems of climate change are totally exaggerated.,https://www.reddit.com/r/changemyview/comments/x7mati/cmv_the_potential_porblems_of_climate_change_are/,[masked],yes,r/changemyview,Ethics
